id,grain,campus_ids,address,address_source,zip,parcel_id,type,area,emissions_area,site_energy,reported_eui,calculated_eui,eui_difference,estimated_emissions_kg,estimated_emissions_tonnes,emissions_component_sum,emissions_difference,emissions_components_complete,emissions_intensity,water_intensity,electricity_kwh,status,area_band,energy_eligible,energy_exclusions,emissions_exclusions,quality_flags,review_required,source_sheet,source_row,source_locations,value_states,raw_values,peer_n,peer_median,peer_q1,peer_q3,comparison_eligible,relative_to_peer,peer_percentile,full_gap_kbtu,investigation_candidate
C10002,campus_summary,[],Address unavailable,Unavailable,,,Other,1187924.0,1187924.0,92723157.2,78.1,78.05478902690744,-0.0452109730925514,5030659.314,5030.659314,5030659.313999999,9.313225746154785e-10,False,4.234832627339796,9.08,7828844.7,Not provided,"250,000 and above",False,[],[],"[""emissions_components_incomplete""]",False,Data Disclosure - Campuses,4,"[{""sheet"": ""Data Disclosure - Campuses"", ""row"": 4}, {""sheet"": ""Data Disclosure"", ""row"": 5492}]","{""Reported Gross Floor Area (Sq Ft)"": ""numeric"", ""Reported Enclosed Parking Area (Sq Ft)"": ""missing"", ""BERDO Emissions Gross Floor Area (Sq Ft)"": ""numeric"", ""Total Site Energy Usage (kBtu)"": ""numeric"", ""Energy Star Score"": ""missing"", ""Site EUI (Energy Use Intensity kBtu/ft²)"": ""numeric"", ""Natural Gas Usage (kBtu)"": ""numeric_text"", ""Natural Gas Emissions (kgCO2e)"": ""numeric_text"", ""Electricity Usage (kWh)"": ""numeric_text"", ""Electricity Emissions (kgCO2e)"": ""numeric_text"", ""Renewable System Electricity Usage Onsite (kBtu)"": ""missing"", ""District Hot Water Usage (kBtu)"": ""missing"", ""District Hot Water Emissions (kgCO2e)"": ""missing"", ""District Chilled Water Usage (kBtu)"": ""missing"", ""District Chilled Water Emissions (kgCO2e)"": ""missing"", ""District Steam Usage (kBtu)"": ""missing"", ""District Steam Emissions (kgCO2e)"": ""missing"", ""Fuel Oil 1 Usage (kBtu)"": ""missing"", ""Fuel Oil 1 Emissions (kgCO2e)"": ""missing"", ""Fuel Oil 2 Usage (kBtu)"": ""missing"", ""Fuel Oil 2 Emissions (kgCO2e)"": ""missing"", ""Fuel Oil 4 Usage (kBtu)"": ""missing"", ""Fuel Oil 4 Emissions (kgCO2e)"": ""missing"", ""Fuel Oil 5 and 6 Usage (kBtu)"": ""missing"", ""Fuel Oil 5 and 6 Emissions (kgCO2e)"": ""missing"", ""Propane Usage (kBtu)"": ""missing"", ""Propane Emissions (kgCO2e)"": ""missing"", ""Diesel Usage (kBtu)"": ""numeric_text"", ""Diesel Emissions (kgCO2e)"": ""numeric_text"", ""Kerosene Usage (kBtu)"": ""missing"", ""Kerosene Emissions (kgCO2e)"": ""missing"", ""Water Usage Intensity (Gallons/ft²)"": ""numeric"", ""Estimated Total GHG Emissions (kgCO2e)"": ""numeric_text""}","{""Campus ID"": ""C10002"", ""BERDO IDs in Campus"": ""100308, 102974, 107165, 107166"", ""Reported Gross Floor Area (Sq Ft)"": 1187924.0, ""Reported Enclosed Parking Area (Sq Ft)"": null, ""BERDO Emissions Gross Floor Area (Sq Ft)"": 1187924.0, ""Largest Property Type"": ""Other"", ""All Property Types and GFAs"": null, ""Total Site Energy Usage (kBtu)"": 92723157.2, ""Energy Star Score"": null, ""Site EUI (Energy Use Intensity kBtu/ft²)"": 78.1, ""Natural Gas Usage (kBtu)"": ""65933997"", ""Natural Gas Emissions (kgCO2e)"": ""3501754.581"", ""Electricity Usage (kWh)"": ""7828844.7"", ""Electricity Emissions (kgCO2e)"": ""1523180.025"", ""Renewable System Electricity Usage Onsite (kBtu)"": null, ""District Hot Water Usage (kBtu)"": null, ""District Hot Water Emissions (kgCO2e)"": null, ""District Chilled Water Usage (kBtu)"": null, ""District Chilled Water Emissions (kgCO2e)"": null, ""District Steam Usage (kBtu)"": null, ""District Steam Emissions (kgCO2e)"": null, ""Fuel Oil 1 Usage (kBtu)"": null, ""Fuel Oil 1 Emissions (kgCO2e)"": null, ""Fuel Oil 2 Usage (kBtu)"": null, ""Fuel Oil 2 Emissions (kgCO2e)"": null, ""Fuel Oil 4 Usage (kBtu)"": null, ""Fuel Oil 4 Emissions (kgCO2e)"": null, ""Fuel Oil 5 and 6 Usage (kBtu)"": null, ""Fuel Oil 5 and 6 Emissions (kgCO2e)"": null, ""Propane Usage (kBtu)"": null, ""Propane Emissions (kgCO2e)"": null, ""Diesel Usage (kBtu)"": ""77142"", ""Diesel Emissions (kgCO2e)"": ""5724.708"", ""Kerosene Usage (kBtu)"": null, ""Kerosene Emissions (kgCO2e)"": null, ""Water Usage Intensity (Gallons/ft²)"": 9.08, ""Estimated Total GHG Emissions (kgCO2e)"": ""5030659.314"", ""Reporting Compliance Status"": null, ""First Emissions Compliance Year (Projected)"": 2025.0, ""Community Choice Electricity Participation"": null, ""Renewable Energy Purchased through a Power Purchase Agreement (PPA)"": null, ""Renewable Energy Certificate (REC) Purchase"": null, ""Backup Generator"": null, ""Battery Storage"": null, ""Electric Vehicle (EV) Charging"": null}",1,17.461658941293173,17.461658941293173,17.461658941293173,False,,,,False
C10004,campus_summary,[],Address unavailable,Unavailable,,,Multifamily Housing,59596.0,59596.0,5565401.1,93.4,93.38548056916571,-0.014519430834297964,297762.858,297.762858,297762.858,0.0,False,4.996356433317673,66.56,163642.0,Not provided,"50,000–99,999",False,[],[],"[""emissions_components_incomplete""]",False,Data Disclosure - Campuses,5,"[{""sheet"": ""Data Disclosure - Campuses"", ""row"": 5}, {""sheet"": ""Data Disclosure"", ""row"": 5493}]","{""Reported Gross Floor Area (Sq Ft)"": ""numeric"", ""Reported Enclosed Parking Area (Sq Ft)"": ""missing"", ""BERDO Emissions Gross Floor Area (Sq Ft)"": ""numeric"", ""Total Site Energy Usage (kBtu)"": ""numeric"", ""Energy Star Score"": ""numeric"", ""Site EUI (Energy Use Intensity kBtu/ft²)"": ""numeric"", ""Natural Gas Usage (kBtu)"": ""numeric_text"", ""Natural Gas Emissions (kgCO2e)"": ""numeric_text"", ""Electricity Usage (kWh)"": ""numeric_text"", ""Electricity Emissions (kgCO2e)"": ""numeric_text"", ""Renewable System Electricity Usage Onsite (kBtu)"": ""missing"", ""District Hot Water Usage (kBtu)"": ""missing"", ""District Hot Water Emissions (kgCO2e)"": ""missing"", ""District Chilled Water Usage (kBtu)"": ""missing"", ""District Chilled Water Emissions (kgCO2e)"": ""missing"", ""District Steam Usage (kBtu)"": ""missing"", ""District Steam Emissions (kgCO2e)"": ""missing"", ""Fuel Oil 1 Usage (kBtu)"": ""missing"", ""Fuel Oil 1 Emissions (kgCO2e)"": ""missing"", ""Fuel Oil 2 Usage (kBtu)"": ""missing"", ""Fuel Oil 2 Emissions (kgCO2e)"": ""missing"", ""Fuel Oil 4 Usage (kBtu)"": ""missing"", ""Fuel Oil 4 Emissions (kgCO2e)"": ""missing"", ""Fuel Oil 5 and 6 Usage (kBtu)"": ""missing"", ""Fuel Oil 5 and 6 Emissions (kgCO2e)"": ""missing"", ""Propane Usage (kBtu)"": ""missing"", ""Propane Emissions (kgCO2e)"": ""missing"", ""Diesel Usage (kBtu)"": ""missing"", ""Diesel Emissions (kgCO2e)"": ""missing"", ""Kerosene Usage (kBtu)"": ""missing"", ""Kerosene Emissions (kgCO2e)"": ""missing"", ""Water Usage Intensity (Gallons/ft²)"": ""numeric"", ""Estimated Total GHG Emissions (kgCO2e)"": ""numeric_text""}","{""Campus ID"": ""C10004"", ""BERDO IDs in Campus"": ""100382, 100383"", ""Reported Gross Floor Area (Sq Ft)"": 59596.0, ""Reported Enclosed Parking Area (Sq Ft)"": null, ""BERDO Emissions Gross Floor Area (Sq Ft)"": 59596.0, ""Largest Property Type"": ""Multifamily Housing"", ""All Property Types and GFAs"": null, ""Total Site Energy Usage (kBtu)"": 5565401.1, ""Energy Star Score"": 30.0, ""Site EUI (Energy Use Intensity kBtu/ft²)"": 93.4, ""Natural Gas Usage (kBtu)"": ""5007054.6"", ""Natural Gas Emissions (kgCO2e)"": ""265924.67"", ""Electricity Usage (kWh)"": ""163642"", ""Electricity Emissions (kgCO2e)"": ""31838.188"", ""Renewable System Electricity Usage Onsite (kBtu)"": null, ""District Hot Water Usage (kBtu)"": null, ""District Hot Water Emissions (kgCO2e)"": null, ""District Chilled Water Usage (kBtu)"": null, ""District Chilled Water Emissions (kgCO2e)"": null, ""District Steam Usage (kBtu)"": null, ""District Steam Emissions (kgCO2e)"": null, ""Fuel Oil 1 Usage (kBtu)"": null, ""Fuel Oil 1 Emissions (kgCO2e)"": null, ""Fuel Oil 2 Usage (kBtu)"": null, ""Fuel Oil 2 Emissions (kgCO2e)"": null, ""Fuel Oil 4 Usage (kBtu)"": null, ""Fuel Oil 4 Emissions (kgCO2e)"": null, ""Fuel Oil 5 and 6 Usage (kBtu)"": null, ""Fuel Oil 5 and 6 Emissions (kgCO2e)"": null, ""Propane Usage (kBtu)"": null, ""Propane Emissions (kgCO2e)"": null, ""Diesel Usage (kBtu)"": null, ""Diesel Emissions (kgCO2e)"": null, ""Kerosene Usage (kBtu)"": null, ""Kerosene Emissions (kgCO2e)"": null, ""Water Usage Intensity (Gallons/ft²)"": 66.56, ""Estimated Total GHG Emissions (kgCO2e)"": ""297762.858"", ""Reporting Compliance Status"": null, ""First Emissions Compliance Year (Projected)"": 2030.0, ""Community Choice Electricity Participation"": null, ""Renewable Energy Purchased through a Power Purchase Agreement (PPA)"": null, ""Renewable Energy Certificate (REC) Purchase"": null, ""Backup Generator"": null, ""Battery Storage"": null, ""Electric Vehicle (EV) Charging"": null}",266,57.27094736867103,41.548928626119505,72.61095746052767,False,,,,False
C10008,campus_summary,[],Address unavailable,Unavailable,,,Medical Office,91337.0,91337.0,6014012.3,65.8,65.84420661944229,0.044206619442292094,334241.53,334.24153,334241.53,0.0,False,3.6594318841214406,,1111520.9,Not provided,"50,000–99,999",False,[],[],"[""emissions_components_incomplete""]",False,Data Disclosure - Campuses,6,"[{""sheet"": ""Data Disclosure - Campuses"", ""row"": 6}, {""sheet"": ""Data Disclosure"", ""row"": 5494}]","{""Reported Gross Floor Area (Sq Ft)"": ""numeric"", ""Reported Enclosed Parking Area (Sq Ft)"": ""missing"", ""BERDO Emissions Gross Floor Area (Sq Ft)"": ""numeric"", ""Total Site Energy Usage (kBtu)"": ""numeric"", ""Energy Star Score"": ""missing"", ""Site EUI (Energy Use Intensity kBtu/ft²)"": ""numeric"", ""Natural Gas Usage (kBtu)"": ""numeric_text"", ""Natural Gas Emissions (kgCO2e)"": ""numeric_text"", ""Electricity Usage (kWh)"": ""numeric_text"", ""Electricity Emissions (kgCO2e)"": ""numeric_text"", ""Renewable System Electricity Usage Onsite (kBtu)"": ""missing"", ""District Hot Water Usage (kBtu)"": ""missing"", ""District Hot Water Emissions (kgCO2e)"": ""missing"", ""District Chilled Water Usage (kBtu)"": ""missing"", ""District Chilled Water Emissions (kgCO2e)"": ""missing"", ""District Steam Usage (kBtu)"": ""missing"", ""District Steam Emissions (kgCO2e)"": ""missing"", ""Fuel Oil 1 Usage (kBtu)"": ""missing"", ""Fuel Oil 1 Emissions (kgCO2e)"": ""missing"", ""Fuel Oil 2 Usage (kBtu)"": ""missing"", ""Fuel Oil 2 Emissions (kgCO2e)"": ""missing"", ""Fuel Oil 4 Usage (kBtu)"": ""missing"", ""Fuel Oil 4 Emissions (kgCO2e)"": ""missing"", ""Fuel Oil 5 and 6 Usage (kBtu)"": ""missing"", ""Fuel Oil 5 and 6 Emissions (kgCO2e)"": ""missing"", ""Propane Usage (kBtu)"": ""missing"", ""Propane Emissions (kgCO2e)"": ""missing"", ""Diesel Usage (kBtu)"": ""missing"", ""Diesel Emissions (kgCO2e)"": ""missing"", ""Kerosene Usage (kBtu)"": ""missing"", ""Kerosene Emissions (kgCO2e)"": ""missing"", ""Water Usage Intensity (Gallons/ft²)"": ""missing"", ""Estimated Total GHG Emissions (kgCO2e)"": ""numeric_text""}","{""Campus ID"": ""C10008"", ""BERDO IDs in Campus"": ""101203, 101204"", ""Reported Gross Floor Area (Sq Ft)"": 91337.0, ""Reported Enclosed Parking Area (Sq Ft)"": null, ""BERDO Emissions Gross Floor Area (Sq Ft)"": 91337.0, ""Largest Property Type"": ""Medical Office"", ""All Property Types and GFAs"": null, ""Total Site Energy Usage (kBtu)"": 6014012.3, ""Energy Star Score"": null, ""Site EUI (Energy Use Intensity kBtu/ft²)"": 65.8, ""Natural Gas Usage (kBtu)"": ""2221503"", ""Natural Gas Emissions (kgCO2e)"": ""117984.024"", ""Electricity Usage (kWh)"": ""1111520.9"", ""Electricity Emissions (kgCO2e)"": ""216257.506"", ""Renewable System Electricity Usage Onsite (kBtu)"": null, ""District Hot Water Usage (kBtu)"": null, ""District Hot Water Emissions (kgCO2e)"": null, ""District Chilled Water Usage (kBtu)"": null, ""District Chilled Water Emissions (kgCO2e)"": null, ""District Steam Usage (kBtu)"": null, ""District Steam Emissions (kgCO2e)"": null, ""Fuel Oil 1 Usage (kBtu)"": null, ""Fuel Oil 1 Emissions (kgCO2e)"": null, ""Fuel Oil 2 Usage (kBtu)"": null, ""Fuel Oil 2 Emissions (kgCO2e)"": null, ""Fuel Oil 4 Usage (kBtu)"": null, ""Fuel Oil 4 Emissions (kgCO2e)"": null, ""Fuel Oil 5 and 6 Usage (kBtu)"": null, ""Fuel Oil 5 and 6 Emissions (kgCO2e)"": null, ""Propane Usage (kBtu)"": null, ""Propane Emissions (kgCO2e)"": null, ""Diesel Usage (kBtu)"": null, ""Diesel Emissions (kgCO2e)"": null, ""Kerosene Usage (kBtu)"": null, ""Kerosene Emissions (kgCO2e)"": null, ""Water Usage Intensity (Gallons/ft²)"": null, ""Estimated Total GHG Emissions (kgCO2e)"": ""334241.53"", ""Reporting Compliance Status"": null, ""First Emissions Compliance Year (Projected)"": 2025.0, ""Community Choice Electricity Participation"": null, ""Renewable Energy Purchased through a Power Purchase Agreement (PPA)"": null, ""Renewable Energy Certificate (REC) Purchase"": null, ""Backup Generator"": null, ""Battery Storage"": null, ""Electric Vehicle (EV) Charging"": null}",6,135.2025673981799,82.91255341388685,186.11293564296545,False,,,,False
C10010,campus_summary,[],Address unavailable,Unavailable,,,Urgent Care/Clinic/Other Outpatient,1661829.0,1661829.0,545139208.2,328.0,328.03568128850804,0.03568128850804442,34470311.85,34470.31185,34470311.847,0.00299999862909317,False,20.742393982774402,,37101401.8,Not provided,"250,000 and above",False,[],[],"[""emissions_components_incomplete""]",False,Data Disclosure - Campuses,7,"[{""sheet"": ""Data Disclosure - Campuses"", ""row"": 7}, {""sheet"": ""Data Disclosure"", ""row"": 5495}]","{""Reported Gross Floor Area (Sq Ft)"": ""numeric"", ""Reported Enclosed Parking Area (Sq Ft)"": ""missing"", ""BERDO Emissions Gross Floor Area (Sq Ft)"": ""numeric"", ""Total Site Energy Usage (kBtu)"": ""numeric"", ""Energy Star Score"": ""missing"", ""Site EUI (Energy Use Intensity kBtu/ft²)"": ""numeric"", ""Natural Gas Usage (kBtu)"": ""numeric_text"", ""Natural Gas Emissions (kgCO2e)"": ""numeric_text"", ""Electricity Usage (kWh)"": ""numeric_text"", ""Electricity Emissions (kgCO2e)"": ""numeric_text"", ""Renewable System Electricity Usage Onsite (kBtu)"": ""missing"", ""District Hot Water Usage (kBtu)"": ""missing"", ""District Hot Water Emissions (kgCO2e)"": ""missing"", ""District Chilled Water Usage (kBtu)"": ""numeric_text"", ""District Chilled Water Emissions (kgCO2e)"": ""numeric_text"", ""District Steam Usage (kBtu)"": ""numeric_text"", ""District Steam Emissions (kgCO2e)"": ""numeric_text"", ""Fuel Oil 1 Usage (kBtu)"": ""missing"", ""Fuel Oil 1 Emissions (kgCO2e)"": ""missing"", ""Fuel Oil 2 Usage (kBtu)"": ""missing"", ""Fuel Oil 2 Emissions (kgCO2e)"": ""missing"", ""Fuel Oil 4 Usage (kBtu)"": ""missing"", ""Fuel Oil 4 Emissions (kgCO2e)"": ""missing"", ""Fuel Oil 5 and 6 Usage (kBtu)"": ""missing"", ""Fuel Oil 5 and 6 Emissions (kgCO2e)"": ""missing"", ""Propane Usage (kBtu)"": ""missing"", ""Propane Emissions (kgCO2e)"": ""missing"", ""Diesel Usage (kBtu)"": ""missing"", ""Diesel Emissions (kgCO2e)"": ""missing"", ""Kerosene Usage (kBtu)"": ""missing"", ""Kerosene Emissions (kgCO2e)"": ""missing"", ""Water Usage Intensity (Gallons/ft²)"": ""missing"", ""Estimated Total GHG Emissions (kgCO2e)"": ""numeric_text""}","{""Campus ID"": ""C10010"", ""BERDO IDs in Campus"": ""101753, 101754, 102612, 102615, 102616, 102617"", ""Reported Gross Floor Area (Sq Ft)"": 1661829.0, ""Reported Enclosed Parking Area (Sq Ft)"": null, ""BERDO Emissions Gross Floor Area (Sq Ft)"": 1661829.0, ""Largest Property Type"": ""Urgent Care/Clinic/Other Outpatient"", ""All Property Types and GFAs"": null, ""Total Site Energy Usage (kBtu)"": 545139208.2, ""Energy Star Score"": null, ""Site EUI (Energy Use Intensity kBtu/ft²)"": 328.0, ""Natural Gas Usage (kBtu)"": ""762374.8"", ""Natural Gas Emissions (kgCO2e)"": ""40489.726"", ""Electricity Usage (kWh)"": ""37101401.8"", ""Electricity Emissions (kgCO2e)"": ""9497958.861"", ""Renewable System Electricity Usage Onsite (kBtu)"": null, ""District Hot Water Usage (kBtu)"": null, ""District Hot Water Emissions (kgCO2e)"": null, ""District Chilled Water Usage (kBtu)"": ""164375870"", ""District Chilled Water Emissions (kgCO2e)"": ""8105374.15"", ""District Steam Usage (kBtu)"": ""253410980.6"", ""District Steam Emissions (kgCO2e)"": ""16826489.11"", ""Fuel Oil 1 Usage (kBtu)"": null, ""Fuel Oil 1 Emissions (kgCO2e)"": null, ""Fuel Oil 2 Usage (kBtu)"": null, ""Fuel Oil 2 Emissions (kgCO2e)"": null, ""Fuel Oil 4 Usage (kBtu)"": null, ""Fuel Oil 4 Emissions (kgCO2e)"": null, ""Fuel Oil 5 and 6 Usage (kBtu)"": null, ""Fuel Oil 5 and 6 Emissions (kgCO2e)"": null, ""Propane Usage (kBtu)"": null, ""Propane Emissions (kgCO2e)"": null, ""Diesel Usage (kBtu)"": null, ""Diesel Emissions (kgCO2e)"": null, ""Kerosene Usage (kBtu)"": null, ""Kerosene Emissions (kgCO2e)"": null, ""Water Usage Intensity (Gallons/ft²)"": null, ""Estimated Total GHG Emissions (kgCO2e)"": ""34470311.85"", ""Reporting Compliance Status"": null, ""First Emissions Compliance Year (Projected)"": 2025.0, ""Community Choice Electricity Participation"": null, ""Renewable Energy Purchased through a Power Purchase Agreement (PPA)"": null, ""Renewable Energy Certificate (REC) Purchase"": null, ""Backup Generator"": null, ""Battery Storage"": null, ""Electric Vehicle (EV) Charging"": null}",1,148.44537491525423,148.44537491525423,148.44537491525423,False,,,,False
C10011,campus_summary,[],Address unavailable,Unavailable,,,K-12 School,216786.0,216786.0,21473538.6,99.1,99.05408375079573,-0.045916249204267956,1142182.756,1142.1827560000002,1142182.756,0.0,False,5.26871087616359,8.89,129084.7,Not provided,"100,000–249,999",False,[],[],"[""emissions_components_incomplete""]",False,Data Disclosure - Campuses,8,"[{""sheet"": ""Data Disclosure - Campuses"", ""row"": 8}, {""sheet"": ""Data Disclosure"", ""row"": 5496}]","{""Reported Gross Floor Area (Sq Ft)"": ""numeric"", ""Reported Enclosed Parking Area (Sq Ft)"": ""missing"", ""BERDO Emissions Gross Floor Area (Sq Ft)"": ""numeric"", ""Total Site Energy Usage (kBtu)"": ""numeric"", ""Energy Star Score"": ""missing"", ""Site EUI (Energy Use Intensity kBtu/ft²)"": ""numeric"", ""Natural Gas Usage (kBtu)"": ""numeric_text"", ""Natural Gas Emissions (kgCO2e)"": ""numeric_text"", ""Electricity Usage (kWh)"": ""numeric_text"", ""Electricity Emissions (kgCO2e)"": ""numeric_text"", ""Renewable System Electricity Usage Onsite (kBtu)"": ""missing"", ""District Hot Water Usage (kBtu)"": ""missing"", ""District Hot Water Emissions (kgCO2e)"": ""missing"", ""District Chilled Water Usage (kBtu)"": ""missing"", ""District Chilled Water Emissions (kgCO2e)"": ""missing"", ""District Steam Usage (kBtu)"": ""missing"", ""District Steam Emissions (kgCO2e)"": ""missing"", ""Fuel Oil 1 Usage (kBtu)"": ""missing"", ""Fuel Oil 1 Emissions (kgCO2e)"": ""missing"", ""Fuel Oil 2 Usage (kBtu)"": ""missing"", ""Fuel Oil 2 Emissions (kgCO2e)"": ""missing"", ""Fuel Oil 4 Usage (kBtu)"": ""missing"", ""Fuel Oil 4 Emissions (kgCO2e)"": ""missing"", ""Fuel Oil 5 and 6 Usage (kBtu)"": ""missing"", ""Fuel Oil 5 and 6 Emissions (kgCO2e)"": ""missing"", ""Propane Usage (kBtu)"": ""missing"", ""Propane Emissions (kgCO2e)"": ""missing"", ""Diesel Usage (kBtu)"": ""missing"", ""Diesel Emissions (kgCO2e)"": ""missing"", ""Kerosene Usage (kBtu)"": ""missing"", ""Kerosene Emissions (kgCO2e)"": ""missing"", ""Water Usage Intensity (Gallons/ft²)"": ""numeric"", ""Estimated Total GHG Emissions (kgCO2e)"": ""numeric_text""}","{""Campus ID"": ""C10011"", ""BERDO IDs in Campus"": ""101822, 107009"", ""Reported Gross Floor Area (Sq Ft)"": 216786.0, ""Reported Enclosed Parking Area (Sq Ft)"": null, ""BERDO Emissions Gross Floor Area (Sq Ft)"": 216786.0, ""Largest Property Type"": ""K-12 School"", ""All Property Types and GFAs"": null, ""Total Site Energy Usage (kBtu)"": 21473538.6, ""Energy Star Score"": null, ""Site EUI (Energy Use Intensity kBtu/ft²)"": 99.1, ""Natural Gas Usage (kBtu)"": ""21033101.8"", ""Natural Gas Emissions (kgCO2e)"": ""1117068.037"", ""Electricity Usage (kWh)"": ""129084.7"", ""Electricity Emissions (kgCO2e)"": ""25114.719"", ""Renewable System Electricity Usage Onsite (kBtu)"": null, ""District Hot Water Usage (kBtu)"": null, ""District Hot Water Emissions (kgCO2e)"": null, ""District Chilled Water Usage (kBtu)"": null, ""District Chilled Water Emissions (kgCO2e)"": null, ""District Steam Usage (kBtu)"": null, ""District Steam Emissions (kgCO2e)"": null, ""Fuel Oil 1 Usage (kBtu)"": null, ""Fuel Oil 1 Emissions (kgCO2e)"": null, ""Fuel Oil 2 Usage (kBtu)"": null, ""Fuel Oil 2 Emissions (kgCO2e)"": null, ""Fuel Oil 4 Usage (kBtu)"": null, ""Fuel Oil 4 Emissions (kgCO2e)"": null, ""Fuel Oil 5 and 6 Usage (kBtu)"": null, ""Fuel Oil 5 and 6 Emissions (kgCO2e)"": null, ""Propane Usage (kBtu)"": null, ""Propane Emissions (kgCO2e)"": null, ""Diesel Usage (kBtu)"": null, ""Diesel Emissions (kgCO2e)"": null, ""Kerosene Usage (kBtu)"": null, ""Kerosene Emissions (kgCO2e)"": null, ""Water Usage Intensity (Gallons/ft²)"": 8.89, ""Estimated Total GHG Emissions (kgCO2e)"": ""1142182.756"", ""Reporting Compliance Status"": null, ""First Emissions Compliance Year (Projected)"": 2025.0, ""Community Choice Electricity Participation"": null, ""Renewable Energy Purchased through a Power Purchase Agreement (PPA)"": null, ""Renewable Energy Certificate (REC) Purchase"": null, ""Backup Generator"": null, ""Battery Storage"": null, ""Electric Vehicle (EV) Charging"": null}",34,61.65951582974768,51.7130079776863,75.45166470414112,False,,,,False
C10012,campus_summary,[],Address unavailable,Unavailable,,,Office,4116.0,4116.0,,,,,24814.552,24.814552,24814.552,0.0,False,6.028802721088435,,127541.9,Not provided,"Under 25,000",False,"[""site_energy_missing"", ""reported_eui_missing""]",[],"[""site_energy_missing"", ""reported_eui_missing"", ""emissions_components_incomplete""]",True,Data Disclosure - Campuses,9,"[{""sheet"": ""Data Disclosure - Campuses"", ""row"": 9}, {""sheet"": ""Data Disclosure"", ""row"": 5497}]","{""Reported Gross Floor Area (Sq Ft)"": ""numeric"", ""Reported Enclosed Parking Area (Sq Ft)"": ""missing"", ""BERDO Emissions Gross Floor Area (Sq Ft)"": ""numeric"", ""Total Site Energy Usage (kBtu)"": ""missing"", ""Energy Star Score"": ""missing"", ""Site EUI (Energy Use Intensity kBtu/ft²)"": ""missing"", ""Natural Gas Usage (kBtu)"": ""missing"", ""Natural Gas Emissions (kgCO2e)"": ""missing"", ""Electricity Usage (kWh)"": ""numeric_text"", ""Electricity Emissions (kgCO2e)"": ""numeric_text"", ""Renewable System Electricity Usage Onsite (kBtu)"": ""missing"", ""District Hot Water Usage (kBtu)"": ""missing"", ""District Hot Water Emissions (kgCO2e)"": ""missing"", ""District Chilled Water Usage (kBtu)"": ""missing"", ""District Chilled Water Emissions (kgCO2e)"": ""missing"", ""District Steam Usage (kBtu)"": ""missing"", ""District Steam Emissions (kgCO2e)"": ""missing"", ""Fuel Oil 1 Usage (kBtu)"": ""missing"", ""Fuel Oil 1 Emissions (kgCO2e)"": ""missing"", ""Fuel Oil 2 Usage (kBtu)"": ""missing"", ""Fuel Oil 2 Emissions (kgCO2e)"": ""missing"", ""Fuel Oil 4 Usage (kBtu)"": ""missing"", ""Fuel Oil 4 Emissions (kgCO2e)"": ""missing"", ""Fuel Oil 5 and 6 Usage (kBtu)"": ""missing"", ""Fuel Oil 5 and 6 Emissions (kgCO2e)"": ""missing"", ""Propane Usage (kBtu)"": ""missing"", ""Propane Emissions (kgCO2e)"": ""missing"", ""Diesel Usage (kBtu)"": ""missing"", ""Diesel Emissions (kgCO2e)"": ""missing"", ""Kerosene Usage (kBtu)"": ""missing"", ""Kerosene Emissions (kgCO2e)"": ""missing"", ""Water Usage Intensity (Gallons/ft²)"": ""missing"", ""Estimated Total GHG Emissions (kgCO2e)"": ""numeric_text""}","{""Campus ID"": ""C10012"", ""BERDO IDs in Campus"": ""101833, 107232"", ""Reported Gross Floor Area (Sq Ft)"": 4116.0, ""Reported Enclosed Parking Area (Sq Ft)"": null, ""BERDO Emissions Gross Floor Area (Sq Ft)"": 4116.0, ""Largest Property Type"": ""Office"", ""All Property Types and GFAs"": null, ""Total Site Energy Usage (kBtu)"": null, ""Energy Star Score"": null, ""Site EUI (Energy Use Intensity kBtu/ft²)"": null, ""Natural Gas Usage (kBtu)"": null, ""Natural Gas Emissions (kgCO2e)"": null, ""Electricity Usage (kWh)"": ""127541.9"", ""Electricity Emissions (kgCO2e)"": ""24814.552"", ""Renewable System Electricity Usage Onsite (kBtu)"": null, ""District Hot Water Usage (kBtu)"": null, ""District Hot Water Emissions (kgCO2e)"": null, ""District Chilled Water Usage (kBtu)"": null, ""District Chilled Water Emissions (kgCO2e)"": null, ""District Steam Usage (kBtu)"": null, ""District Steam Emissions (kgCO2e)"": null, ""Fuel Oil 1 Usage (kBtu)"": null, ""Fuel Oil 1 Emissions (kgCO2e)"": null, ""Fuel Oil 2 Usage (kBtu)"": null, ""Fuel Oil 2 Emissions (kgCO2e)"": null, ""Fuel Oil 4 Usage (kBtu)"": null, ""Fuel Oil 4 Emissions (kgCO2e)"": null, ""Fuel Oil 5 and 6 Usage (kBtu)"": null, ""Fuel Oil 5 and 6 Emissions (kgCO2e)"": null, ""Propane Usage (kBtu)"": null, ""Propane Emissions (kgCO2e)"": null, ""Diesel Usage (kBtu)"": null, ""Diesel Emissions (kgCO2e)"": null, ""Kerosene Usage (kBtu)"": null, ""Kerosene Emissions (kgCO2e)"": null, ""Water Usage Intensity (Gallons/ft²)"": null, ""Estimated Total GHG Emissions (kgCO2e)"": ""24814.552"", ""Reporting Compliance Status"": null, ""First Emissions Compliance Year (Projected)"": 2025.0, ""Community Choice Electricity Participation"": null, ""Renewable Energy Purchased through a Power Purchase Agreement (PPA)"": null, ""Renewable Energy Certificate (REC) Purchase"": null, ""Backup Generator"": null, ""Battery Storage"": null, ""Electric Vehicle (EV) Charging"": null}",62,55.67167888198758,33.29967520709222,75.9463410282258,False,,,,False
C10013,campus_summary,[],Address unavailable,Unavailable,,,K-12 School,235620.0,235620.0,20837821.8,88.4,88.43825566590273,0.038255665902724445,1124059.351,1124.059351,1124059.351,0.0,False,4.770644898565487,7.58,1300700.2,Not provided,"100,000–249,999",False,[],[],"[""emissions_components_incomplete""]",False,Data Disclosure - Campuses,10,"[{""sheet"": ""Data Disclosure - Campuses"", ""row"": 10}, {""sheet"": ""Data Disclosure"", ""row"": 5498}]","{""Reported Gross Floor Area (Sq Ft)"": ""numeric"", ""Reported Enclosed Parking Area (Sq Ft)"": ""missing"", ""BERDO Emissions Gross Floor Area (Sq Ft)"": ""numeric"", ""Total Site Energy Usage (kBtu)"": ""numeric"", ""Energy Star Score"": ""numeric"", ""Site EUI (Energy Use Intensity kBtu/ft²)"": ""numeric"", ""Natural Gas Usage (kBtu)"": ""numeric_text"", ""Natural Gas Emissions (kgCO2e)"": ""numeric_text"", ""Electricity Usage (kWh)"": ""numeric_text"", ""Electricity Emissions (kgCO2e)"": ""numeric_text"", ""Renewable System Electricity Usage Onsite (kBtu)"": ""missing"", ""District Hot Water Usage (kBtu)"": ""missing"", ""District Hot Water Emissions (kgCO2e)"": ""missing"", ""District Chilled Water Usage (kBtu)"": ""missing"", ""District Chilled Water Emissions (kgCO2e)"": ""missing"", ""District Steam Usage (kBtu)"": ""missing"", ""District Steam Emissions (kgCO2e)"": ""missing"", ""Fuel Oil 1 Usage (kBtu)"": ""missing"", ""Fuel Oil 1 Emissions (kgCO2e)"": ""missing"", ""Fuel Oil 2 Usage (kBtu)"": ""missing"", ""Fuel Oil 2 Emissions (kgCO2e)"": ""missing"", ""Fuel Oil 4 Usage (kBtu)"": ""missing"", ""Fuel Oil 4 Emissions (kgCO2e)"": ""missing"", ""Fuel Oil 5 and 6 Usage (kBtu)"": ""missing"", ""Fuel Oil 5 and 6 Emissions (kgCO2e)"": ""missing"", ""Propane Usage (kBtu)"": ""missing"", ""Propane Emissions (kgCO2e)"": ""missing"", ""Diesel Usage (kBtu)"": ""missing"", ""Diesel Emissions (kgCO2e)"": ""missing"", ""Kerosene Usage (kBtu)"": ""missing"", ""Kerosene Emissions (kgCO2e)"": ""missing"", ""Water Usage Intensity (Gallons/ft²)"": ""numeric"", ""Estimated Total GHG Emissions (kgCO2e)"": ""numeric_text""}","{""Campus ID"": ""C10013"", ""BERDO IDs in Campus"": ""101835, 101885"", ""Reported Gross Floor Area (Sq Ft)"": 235620.0, ""Reported Enclosed Parking Area (Sq Ft)"": null, ""BERDO Emissions Gross Floor Area (Sq Ft)"": 235620.0, ""Largest Property Type"": ""K-12 School"", ""All Property Types and GFAs"": null, ""Total Site Energy Usage (kBtu)"": 20837821.8, ""Energy Star Score"": 29.0, ""Site EUI (Energy Use Intensity kBtu/ft²)"": 88.4, ""Natural Gas Usage (kBtu)"": ""16399832.8"", ""Natural Gas Emissions (kgCO2e)"": ""870995.12"", ""Electricity Usage (kWh)"": ""1300700.2"", ""Electricity Emissions (kgCO2e)"": ""253064.231"", ""Renewable System Electricity Usage Onsite (kBtu)"": null, ""District Hot Water Usage (kBtu)"": null, ""District Hot Water Emissions (kgCO2e)"": null, ""District Chilled Water Usage (kBtu)"": null, ""District Chilled Water Emissions (kgCO2e)"": null, ""District Steam Usage (kBtu)"": null, ""District Steam Emissions (kgCO2e)"": null, ""Fuel Oil 1 Usage (kBtu)"": null, ""Fuel Oil 1 Emissions (kgCO2e)"": null, ""Fuel Oil 2 Usage (kBtu)"": null, ""Fuel Oil 2 Emissions (kgCO2e)"": null, ""Fuel Oil 4 Usage (kBtu)"": null, ""Fuel Oil 4 Emissions (kgCO2e)"": null, ""Fuel Oil 5 and 6 Usage (kBtu)"": null, ""Fuel Oil 5 and 6 Emissions (kgCO2e)"": null, ""Propane Usage (kBtu)"": null, ""Propane Emissions (kgCO2e)"": null, ""Diesel Usage (kBtu)"": null, ""Diesel Emissions (kgCO2e)"": null, ""Kerosene Usage (kBtu)"": null, ""Kerosene Emissions (kgCO2e)"": null, ""Water Usage Intensity (Gallons/ft²)"": 7.58, ""Estimated Total GHG Emissions (kgCO2e)"": ""1124059.351"", ""Reporting Compliance Status"": null, ""First Emissions Compliance Year (Projected)"": 2025.0, ""Community Choice Electricity Participation"": null, ""Renewable Energy Purchased through a Power Purchase Agreement (PPA)"": null, ""Renewable Energy Certificate (REC) Purchase"": null, ""Backup Generator"": null, ""Battery Storage"": null, ""Electric Vehicle (EV) Charging"": null}",34,61.65951582974768,51.7130079776863,75.45166470414112,False,,,,False
C10014,campus_summary,[],Address unavailable,Unavailable,,,K-12 School,60709.0,60709.0,3137314.3,51.7,51.677911018135696,-0.0220889818643073,169061.641,169.061641,169061.641,0.0,False,2.78478711558418,8.6,182705.3,Not provided,"50,000–99,999",False,[],[],"[""emissions_components_incomplete""]",False,Data Disclosure - Campuses,11,"[{""sheet"": ""Data Disclosure - Campuses"", ""row"": 11}, {""sheet"": ""Data Disclosure"", ""row"": 5499}]","{""Reported Gross Floor Area (Sq Ft)"": ""numeric"", ""Reported Enclosed Parking Area (Sq Ft)"": ""missing"", ""BERDO Emissions Gross Floor Area (Sq Ft)"": ""numeric"", ""Total Site Energy Usage (kBtu)"": ""numeric"", ""Energy Star Score"": ""numeric"", ""Site EUI (Energy Use Intensity kBtu/ft²)"": ""numeric"", ""Natural Gas Usage (kBtu)"": ""numeric_text"", ""Natural Gas Emissions (kgCO2e)"": ""numeric_text"", ""Electricity Usage (kWh)"": ""numeric_text"", ""Electricity Emissions (kgCO2e)"": ""numeric_text"", ""Renewable System Electricity Usage Onsite (kBtu)"": ""missing"", ""District Hot Water Usage (kBtu)"": ""missing"", ""District Hot Water Emissions (kgCO2e)"": ""missing"", ""District Chilled Water Usage (kBtu)"": ""missing"", ""District Chilled Water Emissions (kgCO2e)"": ""missing"", ""District Steam Usage (kBtu)"": ""missing"", ""District Steam Emissions (kgCO2e)"": ""missing"", ""Fuel Oil 1 Usage (kBtu)"": ""missing"", ""Fuel Oil 1 Emissions (kgCO2e)"": ""missing"", ""Fuel Oil 2 Usage (kBtu)"": ""missing"", ""Fuel Oil 2 Emissions (kgCO2e)"": ""missing"", ""Fuel Oil 4 Usage (kBtu)"": ""missing"", ""Fuel Oil 4 Emissions (kgCO2e)"": ""missing"", ""Fuel Oil 5 and 6 Usage (kBtu)"": ""missing"", ""Fuel Oil 5 and 6 Emissions (kgCO2e)"": ""missing"", ""Propane Usage (kBtu)"": ""missing"", ""Propane Emissions (kgCO2e)"": ""missing"", ""Diesel Usage (kBtu)"": ""missing"", ""Diesel Emissions (kgCO2e)"": ""missing"", ""Kerosene Usage (kBtu)"": ""missing"", ""Kerosene Emissions (kgCO2e)"": ""missing"", ""Water Usage Intensity (Gallons/ft²)"": ""numeric"", ""Estimated Total GHG Emissions (kgCO2e)"": ""numeric_text""}","{""Campus ID"": ""C10014"", ""BERDO IDs in Campus"": ""107256, 101881"", ""Reported Gross Floor Area (Sq Ft)"": 60709.0, ""Reported Enclosed Parking Area (Sq Ft)"": null, ""BERDO Emissions Gross Floor Area (Sq Ft)"": 60709.0, ""Largest Property Type"": ""K-12 School"", ""All Property Types and GFAs"": null, ""Total Site Energy Usage (kBtu)"": 3137314.3, ""Energy Star Score"": 80.0, ""Site EUI (Energy Use Intensity kBtu/ft²)"": 51.7, ""Natural Gas Usage (kBtu)"": ""2513923.9"", ""Natural Gas Emissions (kgCO2e)"": ""133514.498"", ""Electricity Usage (kWh)"": ""182705.3"", ""Electricity Emissions (kgCO2e)"": ""35547.143"", ""Renewable System Electricity Usage Onsite (kBtu)"": null, ""District Hot Water Usage (kBtu)"": null, ""District Hot Water Emissions (kgCO2e)"": null, ""District Chilled Water Usage (kBtu)"": null, ""District Chilled Water Emissions (kgCO2e)"": null, ""District Steam Usage (kBtu)"": null, ""District Steam Emissions (kgCO2e)"": null, ""Fuel Oil 1 Usage (kBtu)"": null, ""Fuel Oil 1 Emissions (kgCO2e)"": null, ""Fuel Oil 2 Usage (kBtu)"": null, ""Fuel Oil 2 Emissions (kgCO2e)"": null, ""Fuel Oil 4 Usage (kBtu)"": null, ""Fuel Oil 4 Emissions (kgCO2e)"": null, ""Fuel Oil 5 and 6 Usage (kBtu)"": null, ""Fuel Oil 5 and 6 Emissions (kgCO2e)"": null, ""Propane Usage (kBtu)"": null, ""Propane Emissions (kgCO2e)"": null, ""Diesel Usage (kBtu)"": null, ""Diesel Emissions (kgCO2e)"": null, ""Kerosene Usage (kBtu)"": null, ""Kerosene Emissions (kgCO2e)"": null, ""Water Usage Intensity (Gallons/ft²)"": 8.6, ""Estimated Total GHG Emissions (kgCO2e)"": ""169061.641"", ""Reporting Compliance Status"": null, ""First Emissions Compliance Year (Projected)"": 2025.0, ""Community Choice Electricity Participation"": null, ""Renewable Energy Purchased through a Power Purchase Agreement (PPA)"": null, ""Renewable Energy Certificate (REC) Purchase"": null, ""Backup Generator"": null, ""Battery Storage"": null, ""Electric Vehicle (EV) Charging"": null}",28,57.81204843695261,47.19178933246446,73.74930166856637,False,,,,False
C10015,campus_summary,[],Address unavailable,Unavailable,,,Residence Hall/Dormitory,75408.0,75408.0,6624518.2,87.8,87.8490107150435,0.04901071504350796,361063.544,361.063544,361063.544,0.0,False,4.788133142372162,10.75,691857.6,Not provided,"50,000–99,999",False,[],[],"[""emissions_components_incomplete""]",False,Data Disclosure - Campuses,12,"[{""sheet"": ""Data Disclosure - Campuses"", ""row"": 12}, {""sheet"": ""Data Disclosure"", ""row"": 5500}]","{""Reported Gross Floor Area (Sq Ft)"": ""numeric"", ""Reported Enclosed Parking Area (Sq Ft)"": ""missing"", ""BERDO Emissions Gross Floor Area (Sq Ft)"": ""numeric"", ""Total Site Energy Usage (kBtu)"": ""numeric"", ""Energy Star Score"": ""missing"", ""Site EUI (Energy Use Intensity kBtu/ft²)"": ""numeric"", ""Natural Gas Usage (kBtu)"": ""numeric_text"", ""Natural Gas Emissions (kgCO2e)"": ""numeric_text"", ""Electricity Usage (kWh)"": ""numeric_text"", ""Electricity Emissions (kgCO2e)"": ""numeric_text"", ""Renewable System Electricity Usage Onsite (kBtu)"": ""missing"", ""District Hot Water Usage (kBtu)"": ""missing"", ""District Hot Water Emissions (kgCO2e)"": ""missing"", ""District Chilled Water Usage (kBtu)"": ""missing"", ""District Chilled Water Emissions (kgCO2e)"": ""missing"", ""District Steam Usage (kBtu)"": ""missing"", ""District Steam Emissions (kgCO2e)"": ""missing"", ""Fuel Oil 1 Usage (kBtu)"": ""missing"", ""Fuel Oil 1 Emissions (kgCO2e)"": ""missing"", ""Fuel Oil 2 Usage (kBtu)"": ""missing"", ""Fuel Oil 2 Emissions (kgCO2e)"": ""missing"", ""Fuel Oil 4 Usage (kBtu)"": ""missing"", ""Fuel Oil 4 Emissions (kgCO2e)"": ""missing"", ""Fuel Oil 5 and 6 Usage (kBtu)"": ""missing"", ""Fuel Oil 5 and 6 Emissions (kgCO2e)"": ""missing"", ""Propane Usage (kBtu)"": ""missing"", ""Propane Emissions (kgCO2e)"": ""missing"", ""Diesel Usage (kBtu)"": ""missing"", ""Diesel Emissions (kgCO2e)"": ""missing"", ""Kerosene Usage (kBtu)"": ""missing"", ""Kerosene Emissions (kgCO2e)"": ""missing"", ""Water Usage Intensity (Gallons/ft²)"": ""numeric"", ""Estimated Total GHG Emissions (kgCO2e)"": ""numeric_text""}","{""Campus ID"": ""C10015"", ""BERDO IDs in Campus"": ""101894, 106976, 107038"", ""Reported Gross Floor Area (Sq Ft)"": 75408.0, ""Reported Enclosed Parking Area (Sq Ft)"": null, ""BERDO Emissions Gross Floor Area (Sq Ft)"": 75408.0, ""Largest Property Type"": ""Residence Hall/Dormitory"", ""All Property Types and GFAs"": null, ""Total Site Energy Usage (kBtu)"": 6624518.2, ""Energy Star Score"": null, ""Site EUI (Energy Use Intensity kBtu/ft²)"": 87.8, ""Natural Gas Usage (kBtu)"": ""4263900"", ""Natural Gas Emissions (kgCO2e)"": ""226455.729"", ""Electricity Usage (kWh)"": ""691857.6"", ""Electricity Emissions (kgCO2e)"": ""134607.815"", ""Renewable System Electricity Usage Onsite (kBtu)"": null, ""District Hot Water Usage (kBtu)"": null, ""District Hot Water Emissions (kgCO2e)"": null, ""District Chilled Water Usage (kBtu)"": null, ""District Chilled Water Emissions (kgCO2e)"": null, ""District Steam Usage (kBtu)"": null, ""District Steam Emissions (kgCO2e)"": null, ""Fuel Oil 1 Usage (kBtu)"": null, ""Fuel Oil 1 Emissions (kgCO2e)"": null, ""Fuel Oil 2 Usage (kBtu)"": null, ""Fuel Oil 2 Emissions (kgCO2e)"": null, ""Fuel Oil 4 Usage (kBtu)"": null, ""Fuel Oil 4 Emissions (kgCO2e)"": null, ""Fuel Oil 5 and 6 Usage (kBtu)"": null, ""Fuel Oil 5 and 6 Emissions (kgCO2e)"": null, ""Propane Usage (kBtu)"": null, ""Propane Emissions (kgCO2e)"": null, ""Diesel Usage (kBtu)"": null, ""Diesel Emissions (kgCO2e)"": null, ""Kerosene Usage (kBtu)"": null, ""Kerosene Emissions (kgCO2e)"": null, ""Water Usage Intensity (Gallons/ft²)"": 10.75, ""Estimated Total GHG Emissions (kgCO2e)"": ""361063.544"", ""Reporting Compliance Status"": null, ""First Emissions Compliance Year (Projected)"": 2025.0, ""Community Choice Electricity Participation"": null, ""Renewable Energy Purchased through a Power Purchase Agreement (PPA)"": null, ""Renewable Energy Certificate (REC) Purchase"": null, ""Backup Generator"": null, ""Battery Storage"": null, ""Electric Vehicle (EV) Charging"": null}",7,91.43812596274014,67.00649883162632,102.82832626004712,False,,,,False
C10016,campus_summary,[],Address unavailable,Unavailable,,,Vehicle Repair Services,432293.0,432293.0,20685634.1,47.9,47.850957799455465,-0.0490422005445339,1144541.483,1144.541483,1144541.483,0.0,False,2.6476058668541937,,3000545.9,Not provided,"250,000 and above",False,[],[],"[""emissions_components_incomplete""]",False,Data Disclosure - Campuses,13,"[{""sheet"": ""Data Disclosure - Campuses"", ""row"": 13}, {""sheet"": ""Data Disclosure"", ""row"": 5501}]","{""Reported Gross Floor Area (Sq Ft)"": ""numeric"", ""Reported Enclosed Parking Area (Sq Ft)"": ""missing"", ""BERDO Emissions Gross Floor Area (Sq Ft)"": ""numeric"", ""Total Site Energy Usage (kBtu)"": ""numeric"", ""Energy Star Score"": ""missing"", ""Site EUI (Energy Use Intensity kBtu/ft²)"": ""numeric"", ""Natural Gas Usage (kBtu)"": ""numeric_text"", ""Natural Gas Emissions (kgCO2e)"": ""numeric_text"", ""Electricity Usage (kWh)"": ""numeric_text"", ""Electricity Emissions (kgCO2e)"": ""numeric_text"", ""Renewable System Electricity Usage Onsite (kBtu)"": ""missing"", ""District Hot Water Usage (kBtu)"": ""missing"", ""District Hot Water Emissions (kgCO2e)"": ""missing"", ""District Chilled Water Usage (kBtu)"": ""missing"", ""District Chilled Water Emissions (kgCO2e)"": ""missing"", ""District Steam Usage (kBtu)"": ""missing"", ""District Steam Emissions (kgCO2e)"": ""missing"", ""Fuel Oil 1 Usage (kBtu)"": ""missing"", ""Fuel Oil 1 Emissions (kgCO2e)"": ""missing"", ""Fuel Oil 2 Usage (kBtu)"": ""numeric_text"", ""Fuel Oil 2 Emissions (kgCO2e)"": ""numeric_text"", ""Fuel Oil 4 Usage (kBtu)"": ""missing"", ""Fuel Oil 4 Emissions (kgCO2e)"": ""missing"", ""Fuel Oil 5 and 6 Usage (kBtu)"": ""missing"", ""Fuel Oil 5 and 6 Emissions (kgCO2e)"": ""missing"", ""Propane Usage (kBtu)"": ""missing"", ""Propane Emissions (kgCO2e)"": ""missing"", ""Diesel Usage (kBtu)"": ""missing"", ""Diesel Emissions (kgCO2e)"": ""missing"", ""Kerosene Usage (kBtu)"": ""missing"", ""Kerosene Emissions (kgCO2e)"": ""missing"", ""Water Usage Intensity (Gallons/ft²)"": ""missing"", ""Estimated Total GHG Emissions (kgCO2e)"": ""numeric_text""}","{""Campus ID"": ""C10016"", ""BERDO IDs in Campus"": ""101938, 101939, 107026"", ""Reported Gross Floor Area (Sq Ft)"": 432293.0, ""Reported Enclosed Parking Area (Sq Ft)"": null, ""BERDO Emissions Gross Floor Area (Sq Ft)"": 432293.0, ""Largest Property Type"": ""Vehicle Repair Services"", ""All Property Types and GFAs"": null, ""Total Site Energy Usage (kBtu)"": 20685634.1, ""Energy Star Score"": null, ""Site EUI (Energy Use Intensity kBtu/ft²)"": 47.9, ""Natural Gas Usage (kBtu)"": ""10197963.8"", ""Natural Gas Emissions (kgCO2e)"": ""541613.857"", ""Electricity Usage (kWh)"": ""3000545.9"", ""Electricity Emissions (kgCO2e)"": ""583786.21"", ""Renewable System Electricity Usage Onsite (kBtu)"": null, ""District Hot Water Usage (kBtu)"": null, ""District Hot Water Emissions (kgCO2e)"": null, ""District Chilled Water Usage (kBtu)"": null, ""District Chilled Water Emissions (kgCO2e)"": null, ""District Steam Usage (kBtu)"": null, ""District Steam Emissions (kgCO2e)"": null, ""Fuel Oil 1 Usage (kBtu)"": null, ""Fuel Oil 1 Emissions (kgCO2e)"": null, ""Fuel Oil 2 Usage (kBtu)"": ""257935.8"", ""Fuel Oil 2 Emissions (kgCO2e)"": ""19141.416"", ""Fuel Oil 4 Usage (kBtu)"": null, ""Fuel Oil 4 Emissions (kgCO2e)"": null, ""Fuel Oil 5 and 6 Usage (kBtu)"": null, ""Fuel Oil 5 and 6 Emissions (kgCO2e)"": null, ""Propane Usage (kBtu)"": null, ""Propane Emissions (kgCO2e)"": null, ""Diesel Usage (kBtu)"": null, ""Diesel Emissions (kgCO2e)"": null, ""Kerosene Usage (kBtu)"": null, ""Kerosene Emissions (kgCO2e)"": null, ""Water Usage Intensity (Gallons/ft²)"": null, ""Estimated Total GHG Emissions (kgCO2e)"": ""1144541.483"", ""Reporting Compliance Status"": null, ""First Emissions Compliance Year (Projected)"": 2025.0, ""Community Choice Electricity Participation"": null, ""Renewable Energy Purchased through a Power Purchase Agreement (PPA)"": null, ""Renewable Energy Certificate (REC) Purchase"": null, ""Backup Generator"": null, ""Battery Storage"": null, ""Electric Vehicle (EV) Charging"": null}",0,,,,False,,,,False
C10017,campus_summary,[],Address unavailable,Unavailable,,,K-12 School,137800.0,137800.0,11552385.0,83.8,83.83443396226416,0.034433962264159845,622655.189,622.6551890000001,622655.189,0.0,False,4.518542735849056,,682316.4,Not provided,"100,000–249,999",False,[],[],"[""emissions_components_incomplete""]",False,Data Disclosure - Campuses,14,"[{""sheet"": ""Data Disclosure - Campuses"", ""row"": 14}, {""sheet"": ""Data Disclosure"", ""row"": 5502}]","{""Reported Gross Floor Area (Sq Ft)"": ""numeric"", ""Reported Enclosed Parking Area (Sq Ft)"": ""missing"", ""BERDO Emissions Gross Floor Area (Sq Ft)"": ""numeric"", ""Total Site Energy Usage (kBtu)"": ""numeric"", ""Energy Star Score"": ""numeric"", ""Site EUI (Energy Use Intensity kBtu/ft²)"": ""numeric"", ""Natural Gas Usage (kBtu)"": ""numeric_text"", ""Natural Gas Emissions (kgCO2e)"": ""numeric_text"", ""Electricity Usage (kWh)"": ""numeric_text"", ""Electricity Emissions (kgCO2e)"": ""numeric_text"", ""Renewable System Electricity Usage Onsite (kBtu)"": ""missing"", ""District Hot Water Usage (kBtu)"": ""missing"", ""District Hot Water Emissions (kgCO2e)"": ""missing"", ""District Chilled Water Usage (kBtu)"": ""missing"", ""District Chilled Water Emissions (kgCO2e)"": ""missing"", ""District Steam Usage (kBtu)"": ""missing"", ""District Steam Emissions (kgCO2e)"": ""missing"", ""Fuel Oil 1 Usage (kBtu)"": ""missing"", ""Fuel Oil 1 Emissions (kgCO2e)"": ""missing"", ""Fuel Oil 2 Usage (kBtu)"": ""missing"", ""Fuel Oil 2 Emissions (kgCO2e)"": ""missing"", ""Fuel Oil 4 Usage (kBtu)"": ""missing"", ""Fuel Oil 4 Emissions (kgCO2e)"": ""missing"", ""Fuel Oil 5 and 6 Usage (kBtu)"": ""missing"", ""Fuel Oil 5 and 6 Emissions (kgCO2e)"": ""missing"", ""Propane Usage (kBtu)"": ""missing"", ""Propane Emissions (kgCO2e)"": ""missing"", ""Diesel Usage (kBtu)"": ""missing"", ""Diesel Emissions (kgCO2e)"": ""missing"", ""Kerosene Usage (kBtu)"": ""missing"", ""Kerosene Emissions (kgCO2e)"": ""missing"", ""Water Usage Intensity (Gallons/ft²)"": ""missing"", ""Estimated Total GHG Emissions (kgCO2e)"": ""numeric_text""}","{""Campus ID"": ""C10017"", ""BERDO IDs in Campus"": ""101960, 107007"", ""Reported Gross Floor Area (Sq Ft)"": 137800.0, ""Reported Enclosed Parking Area (Sq Ft)"": null, ""BERDO Emissions Gross Floor Area (Sq Ft)"": 137800.0, ""Largest Property Type"": ""K-12 School"", ""All Property Types and GFAs"": null, ""Total Site Energy Usage (kBtu)"": 11552385.0, ""Energy Star Score"": 50.0, ""Site EUI (Energy Use Intensity kBtu/ft²)"": 83.8, ""Natural Gas Usage (kBtu)"": ""9224321.4"", ""Natural Gas Emissions (kgCO2e)"": ""489903.71"", ""Electricity Usage (kWh)"": ""682316.4"", ""Electricity Emissions (kgCO2e)"": ""132751.479"", ""Renewable System Electricity Usage Onsite (kBtu)"": null, ""District Hot Water Usage (kBtu)"": null, ""District Hot Water Emissions (kgCO2e)"": null, ""District Chilled Water Usage (kBtu)"": null, ""District Chilled Water Emissions (kgCO2e)"": null, ""District Steam Usage (kBtu)"": null, ""District Steam Emissions (kgCO2e)"": null, ""Fuel Oil 1 Usage (kBtu)"": null, ""Fuel Oil 1 Emissions (kgCO2e)"": null, ""Fuel Oil 2 Usage (kBtu)"": null, ""Fuel Oil 2 Emissions (kgCO2e)"": null, ""Fuel Oil 4 Usage (kBtu)"": null, ""Fuel Oil 4 Emissions (kgCO2e)"": null, ""Fuel Oil 5 and 6 Usage (kBtu)"": null, ""Fuel Oil 5 and 6 Emissions (kgCO2e)"": null, ""Propane Usage (kBtu)"": null, ""Propane Emissions (kgCO2e)"": null, ""Diesel Usage (kBtu)"": null, ""Diesel Emissions (kgCO2e)"": null, ""Kerosene Usage (kBtu)"": null, ""Kerosene Emissions (kgCO2e)"": null, ""Water Usage Intensity (Gallons/ft²)"": null, ""Estimated Total GHG Emissions (kgCO2e)"": ""622655.189"", ""Reporting Compliance Status"": null, ""First Emissions Compliance Year (Projected)"": 2025.0, ""Community Choice Electricity Participation"": null, ""Renewable Energy Purchased through a Power Purchase Agreement (PPA)"": null, ""Renewable Energy Certificate (REC) Purchase"": null, ""Backup Generator"": null, ""Battery Storage"": null, ""Electric Vehicle (EV) Charging"": null}",34,61.65951582974768,51.7130079776863,75.45166470414112,False,,,,False
C10018,campus_summary,[],Address unavailable,Unavailable,,,K-12 School,191833.0,191833.0,10572704.7,55.1,55.11410810444501,0.014108104445007541,569187.301,569.1873009999999,569187.301,0.0,False,2.967097949779235,9.99,574660.0,Not provided,"100,000–249,999",False,[],[],"[""emissions_components_incomplete""]",False,Data Disclosure - Campuses,15,"[{""sheet"": ""Data Disclosure - Campuses"", ""row"": 15}, {""sheet"": ""Data Disclosure"", ""row"": 5503}]","{""Reported Gross Floor Area (Sq Ft)"": ""numeric"", ""Reported Enclosed Parking Area (Sq Ft)"": ""missing"", ""BERDO Emissions Gross Floor Area (Sq Ft)"": ""numeric"", ""Total Site Energy Usage (kBtu)"": ""numeric"", ""Energy Star Score"": ""numeric"", ""Site EUI (Energy Use Intensity kBtu/ft²)"": ""numeric"", ""Natural Gas Usage (kBtu)"": ""numeric_text"", ""Natural Gas Emissions (kgCO2e)"": ""numeric_text"", ""Electricity Usage (kWh)"": ""numeric_text"", ""Electricity Emissions (kgCO2e)"": ""numeric_text"", ""Renewable System Electricity Usage Onsite (kBtu)"": ""missing"", ""District Hot Water Usage (kBtu)"": ""missing"", ""District Hot Water Emissions (kgCO2e)"": ""missing"", ""District Chilled Water Usage (kBtu)"": ""missing"", ""District Chilled Water Emissions (kgCO2e)"": ""missing"", ""District Steam Usage (kBtu)"": ""missing"", ""District Steam Emissions (kgCO2e)"": ""missing"", ""Fuel Oil 1 Usage (kBtu)"": ""missing"", ""Fuel Oil 1 Emissions (kgCO2e)"": ""missing"", ""Fuel Oil 2 Usage (kBtu)"": ""missing"", ""Fuel Oil 2 Emissions (kgCO2e)"": ""missing"", ""Fuel Oil 4 Usage (kBtu)"": ""missing"", ""Fuel Oil 4 Emissions (kgCO2e)"": ""missing"", ""Fuel Oil 5 and 6 Usage (kBtu)"": ""missing"", ""Fuel Oil 5 and 6 Emissions (kgCO2e)"": ""missing"", ""Propane Usage (kBtu)"": ""missing"", ""Propane Emissions (kgCO2e)"": ""missing"", ""Diesel Usage (kBtu)"": ""missing"", ""Diesel Emissions (kgCO2e)"": ""missing"", ""Kerosene Usage (kBtu)"": ""missing"", ""Kerosene Emissions (kgCO2e)"": ""missing"", ""Water Usage Intensity (Gallons/ft²)"": ""numeric"", ""Estimated Total GHG Emissions (kgCO2e)"": ""numeric_text""}","{""Campus ID"": ""C10018"", ""BERDO IDs in Campus"": ""102017, 102018"", ""Reported Gross Floor Area (Sq Ft)"": 191833.0, ""Reported Enclosed Parking Area (Sq Ft)"": null, ""BERDO Emissions Gross Floor Area (Sq Ft)"": 191833.0, ""Largest Property Type"": ""K-12 School"", ""All Property Types and GFAs"": null, ""Total Site Energy Usage (kBtu)"": 10572704.7, ""Energy Star Score"": 70.0, ""Site EUI (Energy Use Intensity kBtu/ft²)"": 55.1, ""Natural Gas Usage (kBtu)"": ""8611964.8"", ""Natural Gas Emissions (kgCO2e)"": ""457381.451"", ""Electricity Usage (kWh)"": ""574660"", ""Electricity Emissions (kgCO2e)"": ""111805.85"", ""Renewable System Electricity Usage Onsite (kBtu)"": null, ""District Hot Water Usage (kBtu)"": null, ""District Hot Water Emissions (kgCO2e)"": null, ""District Chilled Water Usage (kBtu)"": null, ""District Chilled Water Emissions (kgCO2e)"": null, ""District Steam Usage (kBtu)"": null, ""District Steam Emissions (kgCO2e)"": null, ""Fuel Oil 1 Usage (kBtu)"": null, ""Fuel Oil 1 Emissions (kgCO2e)"": null, ""Fuel Oil 2 Usage (kBtu)"": null, ""Fuel Oil 2 Emissions (kgCO2e)"": null, ""Fuel Oil 4 Usage (kBtu)"": null, ""Fuel Oil 4 Emissions (kgCO2e)"": null, ""Fuel Oil 5 and 6 Usage (kBtu)"": null, ""Fuel Oil 5 and 6 Emissions (kgCO2e)"": null, ""Propane Usage (kBtu)"": null, ""Propane Emissions (kgCO2e)"": null, ""Diesel Usage (kBtu)"": null, ""Diesel Emissions (kgCO2e)"": null, ""Kerosene Usage (kBtu)"": null, ""Kerosene Emissions (kgCO2e)"": null, ""Water Usage Intensity (Gallons/ft²)"": 9.99, ""Estimated Total GHG Emissions (kgCO2e)"": ""569187.301"", ""Reporting Compliance Status"": null, ""First Emissions Compliance Year (Projected)"": 2025.0, ""Community Choice Electricity Participation"": null, ""Renewable Energy Purchased through a Power Purchase Agreement (PPA)"": null, ""Renewable Energy Certificate (REC) Purchase"": null, ""Backup Generator"": null, ""Battery Storage"": null, ""Electric Vehicle (EV) Charging"": null}",34,61.65951582974768,51.7130079776863,75.45166470414112,False,,,,False
C10019,campus_summary,[],Address unavailable,Unavailable,,,Self-Storage Facility,100747.0,100747.0,,,,,,,,,False,,3.32,,Not provided,"100,000–249,999",False,"[""site_energy_missing"", ""reported_eui_missing""]","[""estimated_emissions_missing""]","[""site_energy_missing"", ""reported_eui_missing"", ""estimated_emissions_missing"", ""emissions_components_incomplete""]",True,Data Disclosure - Campuses,16,"[{""sheet"": ""Data Disclosure - Campuses"", ""row"": 16}, {""sheet"": ""Data Disclosure"", ""row"": 5504}]","{""Reported Gross Floor Area (Sq Ft)"": ""numeric"", ""Reported Enclosed Parking Area (Sq Ft)"": ""missing"", ""BERDO Emissions Gross Floor Area (Sq Ft)"": ""numeric"", ""Total Site Energy Usage (kBtu)"": ""missing"", ""Energy Star Score"": ""missing"", ""Site EUI (Energy Use Intensity kBtu/ft²)"": ""missing"", ""Natural Gas Usage (kBtu)"": ""missing"", ""Natural Gas Emissions (kgCO2e)"": ""missing"", ""Electricity Usage (kWh)"": ""missing"", ""Electricity Emissions (kgCO2e)"": ""missing"", ""Renewable System Electricity Usage Onsite (kBtu)"": ""missing"", ""District Hot Water Usage (kBtu)"": ""missing"", ""District Hot Water Emissions (kgCO2e)"": ""missing"", ""District Chilled Water Usage (kBtu)"": ""missing"", ""District Chilled Water Emissions (kgCO2e)"": ""missing"", ""District Steam Usage (kBtu)"": ""missing"", ""District Steam Emissions (kgCO2e)"": ""missing"", ""Fuel Oil 1 Usage (kBtu)"": ""missing"", ""Fuel Oil 1 Emissions (kgCO2e)"": ""missing"", ""Fuel Oil 2 Usage (kBtu)"": ""missing"", ""Fuel Oil 2 Emissions (kgCO2e)"": ""missing"", ""Fuel Oil 4 Usage (kBtu)"": ""missing"", ""Fuel Oil 4 Emissions (kgCO2e)"": ""missing"", ""Fuel Oil 5 and 6 Usage (kBtu)"": ""missing"", ""Fuel Oil 5 and 6 Emissions (kgCO2e)"": ""missing"", ""Propane Usage (kBtu)"": ""missing"", ""Propane Emissions (kgCO2e)"": ""missing"", ""Diesel Usage (kBtu)"": ""missing"", ""Diesel Emissions (kgCO2e)"": ""missing"", ""Kerosene Usage (kBtu)"": ""missing"", ""Kerosene Emissions (kgCO2e)"": ""missing"", ""Water Usage Intensity (Gallons/ft²)"": ""numeric"", ""Estimated Total GHG Emissions (kgCO2e)"": ""missing""}","{""Campus ID"": ""C10019"", ""BERDO IDs in Campus"": ""102071, 107000, 107001"", ""Reported Gross Floor Area (Sq Ft)"": 100747.0, ""Reported Enclosed Parking Area (Sq Ft)"": null, ""BERDO Emissions Gross Floor Area (Sq Ft)"": 100747.0, ""Largest Property Type"": ""Self-Storage Facility"", ""All Property Types and GFAs"": null, ""Total Site Energy Usage (kBtu)"": null, ""Energy Star Score"": null, ""Site EUI (Energy Use Intensity kBtu/ft²)"": null, ""Natural Gas Usage (kBtu)"": null, ""Natural Gas Emissions (kgCO2e)"": null, ""Electricity Usage (kWh)"": null, ""Electricity Emissions (kgCO2e)"": null, ""Renewable System Electricity Usage Onsite (kBtu)"": null, ""District Hot Water Usage (kBtu)"": null, ""District Hot Water Emissions (kgCO2e)"": null, ""District Chilled Water Usage (kBtu)"": null, ""District Chilled Water Emissions (kgCO2e)"": null, ""District Steam Usage (kBtu)"": null, ""District Steam Emissions (kgCO2e)"": null, ""Fuel Oil 1 Usage (kBtu)"": null, ""Fuel Oil 1 Emissions (kgCO2e)"": null, ""Fuel Oil 2 Usage (kBtu)"": null, ""Fuel Oil 2 Emissions (kgCO2e)"": null, ""Fuel Oil 4 Usage (kBtu)"": null, ""Fuel Oil 4 Emissions (kgCO2e)"": null, ""Fuel Oil 5 and 6 Usage (kBtu)"": null, ""Fuel Oil 5 and 6 Emissions (kgCO2e)"": null, ""Propane Usage (kBtu)"": null, ""Propane Emissions (kgCO2e)"": null, ""Diesel Usage (kBtu)"": null, ""Diesel Emissions (kgCO2e)"": null, ""Kerosene Usage (kBtu)"": null, ""Kerosene Emissions (kgCO2e)"": null, ""Water Usage Intensity (Gallons/ft²)"": 3.32, ""Estimated Total GHG Emissions (kgCO2e)"": null, ""Reporting Compliance Status"": null, ""First Emissions Compliance Year (Projected)"": 2025.0, ""Community Choice Electricity Participation"": null, ""Renewable Energy Purchased through a Power Purchase Agreement (PPA)"": null, ""Renewable Energy Certificate (REC) Purchase"": null, ""Backup Generator"": null, ""Battery Storage"": null, ""Electric Vehicle (EV) Charging"": null}",2,14.935388665107896,14.037298926865382,15.833478403350409,False,,,,False
C10020,campus_summary,[],Address unavailable,Unavailable,,,Residential Care Facility,100239.0,100239.0,8834961.5,88.1,88.13896287871987,0.038962878719871696,482125.493,482.125493,482125.493,0.0,False,4.809759604545137,,966438.5,Not provided,"100,000–249,999",False,[],[],"[""emissions_components_incomplete""]",False,Data Disclosure - Campuses,17,"[{""sheet"": ""Data Disclosure - Campuses"", ""row"": 17}, {""sheet"": ""Data Disclosure"", ""row"": 5505}]","{""Reported Gross Floor Area (Sq Ft)"": ""numeric"", ""Reported Enclosed Parking Area (Sq Ft)"": ""missing"", ""BERDO Emissions Gross Floor Area (Sq Ft)"": ""numeric"", ""Total Site Energy Usage (kBtu)"": ""numeric"", ""Energy Star Score"": ""missing"", ""Site EUI (Energy Use Intensity kBtu/ft²)"": ""numeric"", ""Natural Gas Usage (kBtu)"": ""numeric_text"", ""Natural Gas Emissions (kgCO2e)"": ""numeric_text"", ""Electricity Usage (kWh)"": ""numeric_text"", ""Electricity Emissions (kgCO2e)"": ""numeric_text"", ""Renewable System Electricity Usage Onsite (kBtu)"": ""missing"", ""District Hot Water Usage (kBtu)"": ""missing"", ""District Hot Water Emissions (kgCO2e)"": ""missing"", ""District Chilled Water Usage (kBtu)"": ""missing"", ""District Chilled Water Emissions (kgCO2e)"": ""missing"", ""District Steam Usage (kBtu)"": ""missing"", ""District Steam Emissions (kgCO2e)"": ""missing"", ""Fuel Oil 1 Usage (kBtu)"": ""missing"", ""Fuel Oil 1 Emissions (kgCO2e)"": ""missing"", ""Fuel Oil 2 Usage (kBtu)"": ""missing"", ""Fuel Oil 2 Emissions (kgCO2e)"": ""missing"", ""Fuel Oil 4 Usage (kBtu)"": ""missing"", ""Fuel Oil 4 Emissions (kgCO2e)"": ""missing"", ""Fuel Oil 5 and 6 Usage (kBtu)"": ""missing"", ""Fuel Oil 5 and 6 Emissions (kgCO2e)"": ""missing"", ""Propane Usage (kBtu)"": ""missing"", ""Propane Emissions (kgCO2e)"": ""missing"", ""Diesel Usage (kBtu)"": ""missing"", ""Diesel Emissions (kgCO2e)"": ""missing"", ""Kerosene Usage (kBtu)"": ""missing"", ""Kerosene Emissions (kgCO2e)"": ""missing"", ""Water Usage Intensity (Gallons/ft²)"": ""missing"", ""Estimated Total GHG Emissions (kgCO2e)"": ""numeric_text""}","{""Campus ID"": ""C10020"", ""BERDO IDs in Campus"": ""102162, 102163, 102166, 107013, 107014, 107278"", ""Reported Gross Floor Area (Sq Ft)"": 100239.0, ""Reported Enclosed Parking Area (Sq Ft)"": null, ""BERDO Emissions Gross Floor Area (Sq Ft)"": 100239.0, ""Largest Property Type"": ""Residential Care Facility"", ""All Property Types and GFAs"": null, ""Total Site Energy Usage (kBtu)"": 8834961.5, ""Energy Star Score"": null, ""Site EUI (Energy Use Intensity kBtu/ft²)"": 88.1, ""Natural Gas Usage (kBtu)"": ""5537473.5"", ""Natural Gas Emissions (kgCO2e)"": ""294095.218"", ""Electricity Usage (kWh)"": ""966438.5"", ""Electricity Emissions (kgCO2e)"": ""188030.275"", ""Renewable System Electricity Usage Onsite (kBtu)"": null, ""District Hot Water Usage (kBtu)"": null, ""District Hot Water Emissions (kgCO2e)"": null, ""District Chilled Water Usage (kBtu)"": null, ""District Chilled Water Emissions (kgCO2e)"": null, ""District Steam Usage (kBtu)"": null, ""District Steam Emissions (kgCO2e)"": null, ""Fuel Oil 1 Usage (kBtu)"": null, ""Fuel Oil 1 Emissions (kgCO2e)"": null, ""Fuel Oil 2 Usage (kBtu)"": null, ""Fuel Oil 2 Emissions (kgCO2e)"": null, ""Fuel Oil 4 Usage (kBtu)"": null, ""Fuel Oil 4 Emissions (kgCO2e)"": null, ""Fuel Oil 5 and 6 Usage (kBtu)"": null, ""Fuel Oil 5 and 6 Emissions (kgCO2e)"": null, ""Propane Usage (kBtu)"": null, ""Propane Emissions (kgCO2e)"": null, ""Diesel Usage (kBtu)"": null, ""Diesel Emissions (kgCO2e)"": null, ""Kerosene Usage (kBtu)"": null, ""Kerosene Emissions (kgCO2e)"": null, ""Water Usage Intensity (Gallons/ft²)"": null, ""Estimated Total GHG Emissions (kgCO2e)"": ""482125.493"", ""Reporting Compliance Status"": null, ""First Emissions Compliance Year (Projected)"": 2025.0, ""Community Choice Electricity Participation"": null, ""Renewable Energy Purchased through a Power Purchase Agreement (PPA)"": null, ""Renewable Energy Certificate (REC) Purchase"": null, ""Backup Generator"": null, ""Battery Storage"": null, ""Electric Vehicle (EV) Charging"": null}",1,154.95776763477434,154.95776763477434,154.95776763477434,False,,,,False
C10021,campus_summary,[],Address unavailable,Unavailable,,,Multifamily Housing,236376.0,236376.0,20264577.0,85.7,85.73026449385725,0.03026449385724561,1095027.414,1095.0274140000001,1095027.4139999999,2.3283064365386963e-10,False,4.632565971164586,85.52,1406560.1,Not provided,"100,000–249,999",False,[],[],"[""emissions_components_incomplete""]",False,Data Disclosure - Campuses,18,"[{""sheet"": ""Data Disclosure - Campuses"", ""row"": 18}, {""sheet"": ""Data Disclosure"", ""row"": 5506}]","{""Reported Gross Floor Area (Sq Ft)"": ""numeric"", ""Reported Enclosed Parking Area (Sq Ft)"": ""missing"", ""BERDO Emissions Gross Floor Area (Sq Ft)"": ""numeric"", ""Total Site Energy Usage (kBtu)"": ""numeric"", ""Energy Star Score"": ""numeric"", ""Site EUI (Energy Use Intensity kBtu/ft²)"": ""numeric"", ""Natural Gas Usage (kBtu)"": ""numeric_text"", ""Natural Gas Emissions (kgCO2e)"": ""numeric_text"", ""Electricity Usage (kWh)"": ""numeric_text"", ""Electricity Emissions (kgCO2e)"": ""numeric_text"", ""Renewable System Electricity Usage Onsite (kBtu)"": ""missing"", ""District Hot Water Usage (kBtu)"": ""missing"", ""District Hot Water Emissions (kgCO2e)"": ""missing"", ""District Chilled Water Usage (kBtu)"": ""missing"", ""District Chilled Water Emissions (kgCO2e)"": ""missing"", ""District Steam Usage (kBtu)"": ""missing"", ""District Steam Emissions (kgCO2e)"": ""missing"", ""Fuel Oil 1 Usage (kBtu)"": ""missing"", ""Fuel Oil 1 Emissions (kgCO2e)"": ""missing"", ""Fuel Oil 2 Usage (kBtu)"": ""missing"", ""Fuel Oil 2 Emissions (kgCO2e)"": ""missing"", ""Fuel Oil 4 Usage (kBtu)"": ""missing"", ""Fuel Oil 4 Emissions (kgCO2e)"": ""missing"", ""Fuel Oil 5 and 6 Usage (kBtu)"": ""missing"", ""Fuel Oil 5 and 6 Emissions (kgCO2e)"": ""missing"", ""Propane Usage (kBtu)"": ""missing"", ""Propane Emissions (kgCO2e)"": ""missing"", ""Diesel Usage (kBtu)"": ""missing"", ""Diesel Emissions (kgCO2e)"": ""missing"", ""Kerosene Usage (kBtu)"": ""missing"", ""Kerosene Emissions (kgCO2e)"": ""missing"", ""Water Usage Intensity (Gallons/ft²)"": ""numeric"", ""Estimated Total GHG Emissions (kgCO2e)"": ""numeric_text""}","{""Campus ID"": ""C10021"", ""BERDO IDs in Campus"": ""102580, 102581, 102582"", ""Reported Gross Floor Area (Sq Ft)"": 236376.0, ""Reported Enclosed Parking Area (Sq Ft)"": null, ""BERDO Emissions Gross Floor Area (Sq Ft)"": 236376.0, ""Largest Property Type"": ""Multifamily Housing"", ""All Property Types and GFAs"": null, ""Total Site Energy Usage (kBtu)"": 20264577.0, ""Energy Star Score"": 49.0, ""Site EUI (Energy Use Intensity kBtu/ft²)"": 85.7, ""Natural Gas Usage (kBtu)"": ""15465394.1"", ""Natural Gas Emissions (kgCO2e)"": ""821367.081"", ""Electricity Usage (kWh)"": ""1406560.1"", ""Electricity Emissions (kgCO2e)"": ""273660.333"", ""Renewable System Electricity Usage Onsite (kBtu)"": null, ""District Hot Water Usage (kBtu)"": null, ""District Hot Water Emissions (kgCO2e)"": null, ""District Chilled Water Usage (kBtu)"": null, ""District Chilled Water Emissions (kgCO2e)"": null, ""District Steam Usage (kBtu)"": null, ""District Steam Emissions (kgCO2e)"": null, ""Fuel Oil 1 Usage (kBtu)"": null, ""Fuel Oil 1 Emissions (kgCO2e)"": null, ""Fuel Oil 2 Usage (kBtu)"": null, ""Fuel Oil 2 Emissions (kgCO2e)"": null, ""Fuel Oil 4 Usage (kBtu)"": null, ""Fuel Oil 4 Emissions (kgCO2e)"": null, ""Fuel Oil 5 and 6 Usage (kBtu)"": null, ""Fuel Oil 5 and 6 Emissions (kgCO2e)"": null, ""Propane Usage (kBtu)"": null, ""Propane Emissions (kgCO2e)"": null, ""Diesel Usage (kBtu)"": null, ""Diesel Emissions (kgCO2e)"": null, ""Kerosene Usage (kBtu)"": null, ""Kerosene Emissions (kgCO2e)"": null, ""Water Usage Intensity (Gallons/ft²)"": 85.52, ""Estimated Total GHG Emissions (kgCO2e)"": ""1095027.414"", ""Reporting Compliance Status"": null, ""First Emissions Compliance Year (Projected)"": 2025.0, ""Community Choice Electricity Participation"": null, ""Renewable Energy Purchased through a Power Purchase Agreement (PPA)"": null, ""Renewable Energy Certificate (REC) Purchase"": null, ""Backup Generator"": null, ""Battery Storage"": null, ""Electric Vehicle (EV) Charging"": null}",159,53.401003688700065,40.89768875436071,67.5492909754266,False,,,,False
C10025,campus_summary,[],Address unavailable,Unavailable,,,K-12 School,32567.0,32567.0,1546196.9,47.5,47.47741271839592,-0.022587281604081966,84740.025,84.74002499999999,84740.025,0.0,False,2.6020212177971564,20.5,196387.1,Not provided,"25,000–49,999",False,[],[],"[""emissions_components_incomplete""]",False,Data Disclosure - Campuses,19,"[{""sheet"": ""Data Disclosure - Campuses"", ""row"": 19}, {""sheet"": ""Data Disclosure"", ""row"": 5507}]","{""Reported Gross Floor Area (Sq Ft)"": ""numeric"", ""Reported Enclosed Parking Area (Sq Ft)"": ""missing"", ""BERDO Emissions Gross Floor Area (Sq Ft)"": ""numeric"", ""Total Site Energy Usage (kBtu)"": ""numeric"", ""Energy Star Score"": ""numeric"", ""Site EUI (Energy Use Intensity kBtu/ft²)"": ""numeric"", ""Natural Gas Usage (kBtu)"": ""numeric_text"", ""Natural Gas Emissions (kgCO2e)"": ""numeric_text"", ""Electricity Usage (kWh)"": ""numeric_text"", ""Electricity Emissions (kgCO2e)"": ""numeric_text"", ""Renewable System Electricity Usage Onsite (kBtu)"": ""missing"", ""District Hot Water Usage (kBtu)"": ""missing"", ""District Hot Water Emissions (kgCO2e)"": ""missing"", ""District Chilled Water Usage (kBtu)"": ""missing"", ""District Chilled Water Emissions (kgCO2e)"": ""missing"", ""District Steam Usage (kBtu)"": ""missing"", ""District Steam Emissions (kgCO2e)"": ""missing"", ""Fuel Oil 1 Usage (kBtu)"": ""missing"", ""Fuel Oil 1 Emissions (kgCO2e)"": ""missing"", ""Fuel Oil 2 Usage (kBtu)"": ""missing"", ""Fuel Oil 2 Emissions (kgCO2e)"": ""missing"", ""Fuel Oil 4 Usage (kBtu)"": ""missing"", ""Fuel Oil 4 Emissions (kgCO2e)"": ""missing"", ""Fuel Oil 5 and 6 Usage (kBtu)"": ""missing"", ""Fuel Oil 5 and 6 Emissions (kgCO2e)"": ""missing"", ""Propane Usage (kBtu)"": ""missing"", ""Propane Emissions (kgCO2e)"": ""missing"", ""Diesel Usage (kBtu)"": ""missing"", ""Diesel Emissions (kgCO2e)"": ""missing"", ""Kerosene Usage (kBtu)"": ""missing"", ""Kerosene Emissions (kgCO2e)"": ""missing"", ""Water Usage Intensity (Gallons/ft²)"": ""numeric"", ""Estimated Total GHG Emissions (kgCO2e)"": ""numeric_text""}","{""Campus ID"": ""C10025"", ""BERDO IDs in Campus"": ""102843, 102844"", ""Reported Gross Floor Area (Sq Ft)"": 32567.0, ""Reported Enclosed Parking Area (Sq Ft)"": null, ""BERDO Emissions Gross Floor Area (Sq Ft)"": 32567.0, ""Largest Property Type"": ""K-12 School"", ""All Property Types and GFAs"": null, ""Total Site Energy Usage (kBtu)"": 1546196.9, ""Energy Star Score"": 61.0, ""Site EUI (Energy Use Intensity kBtu/ft²)"": 47.5, ""Natural Gas Usage (kBtu)"": ""876124.1"", ""Natural Gas Emissions (kgCO2e)"": ""46530.951"", ""Electricity Usage (kWh)"": ""196387.1"", ""Electricity Emissions (kgCO2e)"": ""38209.074"", ""Renewable System Electricity Usage Onsite (kBtu)"": null, ""District Hot Water Usage (kBtu)"": null, ""District Hot Water Emissions (kgCO2e)"": null, ""District Chilled Water Usage (kBtu)"": null, ""District Chilled Water Emissions (kgCO2e)"": null, ""District Steam Usage (kBtu)"": null, ""District Steam Emissions (kgCO2e)"": null, ""Fuel Oil 1 Usage (kBtu)"": null, ""Fuel Oil 1 Emissions (kgCO2e)"": null, ""Fuel Oil 2 Usage (kBtu)"": null, ""Fuel Oil 2 Emissions (kgCO2e)"": null, ""Fuel Oil 4 Usage (kBtu)"": null, ""Fuel Oil 4 Emissions (kgCO2e)"": null, ""Fuel Oil 5 and 6 Usage (kBtu)"": null, ""Fuel Oil 5 and 6 Emissions (kgCO2e)"": null, ""Propane Usage (kBtu)"": null, ""Propane Emissions (kgCO2e)"": null, ""Diesel Usage (kBtu)"": null, ""Diesel Emissions (kgCO2e)"": null, ""Kerosene Usage (kBtu)"": null, ""Kerosene Emissions (kgCO2e)"": null, ""Water Usage Intensity (Gallons/ft²)"": 20.5, ""Estimated Total GHG Emissions (kgCO2e)"": ""84740.025"", ""Reporting Compliance Status"": null, ""First Emissions Compliance Year (Projected)"": 2030.0, ""Community Choice Electricity Participation"": null, ""Renewable Energy Purchased through a Power Purchase Agreement (PPA)"": null, ""Renewable Energy Certificate (REC) Purchase"": null, ""Backup Generator"": null, ""Battery Storage"": null, ""Electric Vehicle (EV) Charging"": null}",52,62.014965946252346,49.99188525574004,76.774985707496,False,,,,False
C10027,campus_summary,[],Address unavailable,Unavailable,,,Multifamily Housing,67200.0,67200.0,2691445.6,40.1,40.05127380952381,-0.04872619047618798,147062.477,147.062477,147062.477,0.0,False,2.188429717261905,20.34,308630.0,Not provided,"50,000–99,999",False,[],[],"[""emissions_components_incomplete""]",False,Data Disclosure - Campuses,20,"[{""sheet"": ""Data Disclosure - Campuses"", ""row"": 20}, {""sheet"": ""Data Disclosure"", ""row"": 5508}]","{""Reported Gross Floor Area (Sq Ft)"": ""numeric"", ""Reported Enclosed Parking Area (Sq Ft)"": ""missing"", ""BERDO Emissions Gross Floor Area (Sq Ft)"": ""numeric"", ""Total Site Energy Usage (kBtu)"": ""numeric"", ""Energy Star Score"": ""numeric"", ""Site EUI (Energy Use Intensity kBtu/ft²)"": ""numeric"", ""Natural Gas Usage (kBtu)"": ""numeric_text"", ""Natural Gas Emissions (kgCO2e)"": ""numeric_text"", ""Electricity Usage (kWh)"": ""numeric_text"", ""Electricity Emissions (kgCO2e)"": ""numeric_text"", ""Renewable System Electricity Usage Onsite (kBtu)"": ""missing"", ""District Hot Water Usage (kBtu)"": ""missing"", ""District Hot Water Emissions (kgCO2e)"": ""missing"", ""District Chilled Water Usage (kBtu)"": ""missing"", ""District Chilled Water Emissions (kgCO2e)"": ""missing"", ""District Steam Usage (kBtu)"": ""missing"", ""District Steam Emissions (kgCO2e)"": ""missing"", ""Fuel Oil 1 Usage (kBtu)"": ""missing"", ""Fuel Oil 1 Emissions (kgCO2e)"": ""missing"", ""Fuel Oil 2 Usage (kBtu)"": ""missing"", ""Fuel Oil 2 Emissions (kgCO2e)"": ""missing"", ""Fuel Oil 4 Usage (kBtu)"": ""missing"", ""Fuel Oil 4 Emissions (kgCO2e)"": ""missing"", ""Fuel Oil 5 and 6 Usage (kBtu)"": ""missing"", ""Fuel Oil 5 and 6 Emissions (kgCO2e)"": ""missing"", ""Propane Usage (kBtu)"": ""missing"", ""Propane Emissions (kgCO2e)"": ""missing"", ""Diesel Usage (kBtu)"": ""missing"", ""Diesel Emissions (kgCO2e)"": ""missing"", ""Kerosene Usage (kBtu)"": ""missing"", ""Kerosene Emissions (kgCO2e)"": ""missing"", ""Water Usage Intensity (Gallons/ft²)"": ""numeric"", ""Estimated Total GHG Emissions (kgCO2e)"": ""numeric_text""}","{""Campus ID"": ""C10027"", ""BERDO IDs in Campus"": ""102963, 102964"", ""Reported Gross Floor Area (Sq Ft)"": 67200.0, ""Reported Enclosed Parking Area (Sq Ft)"": null, ""BERDO Emissions Gross Floor Area (Sq Ft)"": 67200.0, ""Largest Property Type"": ""Multifamily Housing"", ""All Property Types and GFAs"": null, ""Total Site Energy Usage (kBtu)"": 2691445.6, ""Energy Star Score"": 97.0, ""Site EUI (Energy Use Intensity kBtu/ft²)"": 40.1, ""Natural Gas Usage (kBtu)"": ""1638400"", ""Natural Gas Emissions (kgCO2e)"": ""87015.424"", ""Electricity Usage (kWh)"": ""308630"", ""Electricity Emissions (kgCO2e)"": ""60047.053"", ""Renewable System Electricity Usage Onsite (kBtu)"": null, ""District Hot Water Usage (kBtu)"": null, ""District Hot Water Emissions (kgCO2e)"": null, ""District Chilled Water Usage (kBtu)"": null, ""District Chilled Water Emissions (kgCO2e)"": null, ""District Steam Usage (kBtu)"": null, ""District Steam Emissions (kgCO2e)"": null, ""Fuel Oil 1 Usage (kBtu)"": null, ""Fuel Oil 1 Emissions (kgCO2e)"": null, ""Fuel Oil 2 Usage (kBtu)"": null, ""Fuel Oil 2 Emissions (kgCO2e)"": null, ""Fuel Oil 4 Usage (kBtu)"": null, ""Fuel Oil 4 Emissions (kgCO2e)"": null, ""Fuel Oil 5 and 6 Usage (kBtu)"": null, ""Fuel Oil 5 and 6 Emissions (kgCO2e)"": null, ""Propane Usage (kBtu)"": null, ""Propane Emissions (kgCO2e)"": null, ""Diesel Usage (kBtu)"": null, ""Diesel Emissions (kgCO2e)"": null, ""Kerosene Usage (kBtu)"": null, ""Kerosene Emissions (kgCO2e)"": null, ""Water Usage Intensity (Gallons/ft²)"": 20.34, ""Estimated Total GHG Emissions (kgCO2e)"": ""147062.477"", ""Reporting Compliance Status"": null, ""First Emissions Compliance Year (Projected)"": 2025.0, ""Community Choice Electricity Participation"": null, ""Renewable Energy Purchased through a Power Purchase Agreement (PPA)"": null, ""Renewable Energy Certificate (REC) Purchase"": null, ""Backup Generator"": null, ""Battery Storage"": null, ""Electric Vehicle (EV) Charging"": null}",266,57.27094736867103,41.548928626119505,72.61095746052767,False,,,,False
C10028,campus_summary,[],Address unavailable,Unavailable,,,Hospital (General Medical & Surgical),4164224.0,4164224.0,914941463.4,219.7,219.7147567950235,0.014756795023515679,56856766.38,56856.76638,56856766.372,0.008000001311302185,False,13.653628234216027,29.65,120065653.7,Not provided,"250,000 and above",False,[],[],"[""emissions_components_incomplete""]",False,Data Disclosure - Campuses,21,"[{""sheet"": ""Data Disclosure - Campuses"", ""row"": 21}, {""sheet"": ""Data Disclosure"", ""row"": 5509}]","{""Reported Gross Floor Area (Sq Ft)"": ""numeric"", ""Reported Enclosed Parking Area (Sq Ft)"": ""missing"", ""BERDO Emissions Gross Floor Area (Sq Ft)"": ""numeric"", ""Total Site Energy Usage (kBtu)"": ""numeric"", ""Energy Star Score"": ""numeric"", ""Site EUI (Energy Use Intensity kBtu/ft²)"": ""numeric"", ""Natural Gas Usage (kBtu)"": ""numeric_text"", ""Natural Gas Emissions (kgCO2e)"": ""numeric_text"", ""Electricity Usage (kWh)"": ""numeric_text"", ""Electricity Emissions (kgCO2e)"": ""numeric_text"", ""Renewable System Electricity Usage Onsite (kBtu)"": ""missing"", ""District Hot Water Usage (kBtu)"": ""missing"", ""District Hot Water Emissions (kgCO2e)"": ""missing"", ""District Chilled Water Usage (kBtu)"": ""missing"", ""District Chilled Water Emissions (kgCO2e)"": ""missing"", ""District Steam Usage (kBtu)"": ""numeric_text"", ""District Steam Emissions (kgCO2e)"": ""numeric_text"", ""Fuel Oil 1 Usage (kBtu)"": ""missing"", ""Fuel Oil 1 Emissions (kgCO2e)"": ""missing"", ""Fuel Oil 2 Usage (kBtu)"": ""missing"", ""Fuel Oil 2 Emissions (kgCO2e)"": ""missing"", ""Fuel Oil 4 Usage (kBtu)"": ""missing"", ""Fuel Oil 4 Emissions (kgCO2e)"": ""missing"", ""Fuel Oil 5 and 6 Usage (kBtu)"": ""missing"", ""Fuel Oil 5 and 6 Emissions (kgCO2e)"": ""missing"", ""Propane Usage (kBtu)"": ""missing"", ""Propane Emissions (kgCO2e)"": ""missing"", ""Diesel Usage (kBtu)"": ""missing"", ""Diesel Emissions (kgCO2e)"": ""missing"", ""Kerosene Usage (kBtu)"": ""missing"", ""Kerosene Emissions (kgCO2e)"": ""missing"", ""Water Usage Intensity (Gallons/ft²)"": ""numeric"", ""Estimated Total GHG Emissions (kgCO2e)"": ""numeric_text""}","{""Campus ID"": ""C10028"", ""BERDO IDs in Campus"": ""103178, 103191, 103194, 103195, 106099"", ""Reported Gross Floor Area (Sq Ft)"": 4164224.0, ""Reported Enclosed Parking Area (Sq Ft)"": null, ""BERDO Emissions Gross Floor Area (Sq Ft)"": 4164224.0, ""Largest Property Type"": ""Hospital (General Medical & Surgical)"", ""All Property Types and GFAs"": null, ""Total Site Energy Usage (kBtu)"": 914941463.4, ""Energy Star Score"": 46.0, ""Site EUI (Energy Use Intensity kBtu/ft²)"": 219.7, ""Natural Gas Usage (kBtu)"": ""4035371.9"", ""Natural Gas Emissions (kgCO2e)"": ""214318.602"", ""Electricity Usage (kWh)"": ""120065653.7"", ""Electricity Emissions (kgCO2e)"": ""23359973.58"", ""Renewable System Electricity Usage Onsite (kBtu)"": null, ""District Hot Water Usage (kBtu)"": null, ""District Hot Water Emissions (kgCO2e)"": null, ""District Chilled Water Usage (kBtu)"": null, ""District Chilled Water Emissions (kgCO2e)"": null, ""District Steam Usage (kBtu)"": ""501242081.2"", ""District Steam Emissions (kgCO2e)"": ""33282474.19"", ""Fuel Oil 1 Usage (kBtu)"": null, ""Fuel Oil 1 Emissions (kgCO2e)"": null, ""Fuel Oil 2 Usage (kBtu)"": null, ""Fuel Oil 2 Emissions (kgCO2e)"": null, ""Fuel Oil 4 Usage (kBtu)"": null, ""Fuel Oil 4 Emissions (kgCO2e)"": null, ""Fuel Oil 5 and 6 Usage (kBtu)"": null, ""Fuel Oil 5 and 6 Emissions (kgCO2e)"": null, ""Propane Usage (kBtu)"": null, ""Propane Emissions (kgCO2e)"": null, ""Diesel Usage (kBtu)"": null, ""Diesel Emissions (kgCO2e)"": null, ""Kerosene Usage (kBtu)"": null, ""Kerosene Emissions (kgCO2e)"": null, ""Water Usage Intensity (Gallons/ft²)"": 29.65, ""Estimated Total GHG Emissions (kgCO2e)"": ""56856766.38"", ""Reporting Compliance Status"": null, ""First Emissions Compliance Year (Projected)"": 2025.0, ""Community Choice Electricity Participation"": null, ""Renewable Energy Purchased through a Power Purchase Agreement (PPA)"": null, ""Renewable Energy Certificate (REC) Purchase"": null, ""Backup Generator"": null, ""Battery Storage"": null, ""Electric Vehicle (EV) Charging"": null}",13,258.145419126463,175.6043864812648,367.0217706737636,False,,,,False
C10029,campus_summary,[],Address unavailable,Unavailable,,,Multifamily Housing,59087.0,59087.0,3630234.7,61.4,61.438805490209354,0.03880549020935575,194816.726,194.816726,194816.726,0.0,False,3.297116556941459,62.86,150948.0,Not provided,"50,000–99,999",False,[],[],"[""emissions_components_incomplete""]",False,Data Disclosure - Campuses,22,"[{""sheet"": ""Data Disclosure - Campuses"", ""row"": 22}, {""sheet"": ""Data Disclosure"", ""row"": 5510}]","{""Reported Gross Floor Area (Sq Ft)"": ""numeric"", ""Reported Enclosed Parking Area (Sq Ft)"": ""missing"", ""BERDO Emissions Gross Floor Area (Sq Ft)"": ""numeric"", ""Total Site Energy Usage (kBtu)"": ""numeric"", ""Energy Star Score"": ""numeric"", ""Site EUI (Energy Use Intensity kBtu/ft²)"": ""numeric"", ""Natural Gas Usage (kBtu)"": ""numeric_text"", ""Natural Gas Emissions (kgCO2e)"": ""numeric_text"", ""Electricity Usage (kWh)"": ""numeric_text"", ""Electricity Emissions (kgCO2e)"": ""numeric_text"", ""Renewable System Electricity Usage Onsite (kBtu)"": ""missing"", ""District Hot Water Usage (kBtu)"": ""missing"", ""District Hot Water Emissions (kgCO2e)"": ""missing"", ""District Chilled Water Usage (kBtu)"": ""missing"", ""District Chilled Water Emissions (kgCO2e)"": ""missing"", ""District Steam Usage (kBtu)"": ""missing"", ""District Steam Emissions (kgCO2e)"": ""missing"", ""Fuel Oil 1 Usage (kBtu)"": ""missing"", ""Fuel Oil 1 Emissions (kgCO2e)"": ""missing"", ""Fuel Oil 2 Usage (kBtu)"": ""missing"", ""Fuel Oil 2 Emissions (kgCO2e)"": ""missing"", ""Fuel Oil 4 Usage (kBtu)"": ""missing"", ""Fuel Oil 4 Emissions (kgCO2e)"": ""missing"", ""Fuel Oil 5 and 6 Usage (kBtu)"": ""missing"", ""Fuel Oil 5 and 6 Emissions (kgCO2e)"": ""missing"", ""Propane Usage (kBtu)"": ""missing"", ""Propane Emissions (kgCO2e)"": ""missing"", ""Diesel Usage (kBtu)"": ""missing"", ""Diesel Emissions (kgCO2e)"": ""missing"", ""Kerosene Usage (kBtu)"": ""missing"", ""Kerosene Emissions (kgCO2e)"": ""missing"", ""Water Usage Intensity (Gallons/ft²)"": ""numeric"", ""Estimated Total GHG Emissions (kgCO2e)"": ""numeric_text""}","{""Campus ID"": ""C10029"", ""BERDO IDs in Campus"": ""103312, 103311"", ""Reported Gross Floor Area (Sq Ft)"": 59087.0, ""Reported Enclosed Parking Area (Sq Ft)"": null, ""BERDO Emissions Gross Floor Area (Sq Ft)"": 59087.0, ""Largest Property Type"": ""Multifamily Housing"", ""All Property Types and GFAs"": null, ""Total Site Energy Usage (kBtu)"": 3630234.7, ""Energy Star Score"": 97.0, ""Site EUI (Energy Use Intensity kBtu/ft²)"": 61.4, ""Natural Gas Usage (kBtu)"": ""3115200.2"", ""Natural Gas Emissions (kgCO2e)"": ""165448.283"", ""Electricity Usage (kWh)"": ""150948"", ""Electricity Emissions (kgCO2e)"": ""29368.443"", ""Renewable System Electricity Usage Onsite (kBtu)"": null, ""District Hot Water Usage (kBtu)"": null, ""District Hot Water Emissions (kgCO2e)"": null, ""District Chilled Water Usage (kBtu)"": null, ""District Chilled Water Emissions (kgCO2e)"": null, ""District Steam Usage (kBtu)"": null, ""District Steam Emissions (kgCO2e)"": null, ""Fuel Oil 1 Usage (kBtu)"": null, ""Fuel Oil 1 Emissions (kgCO2e)"": null, ""Fuel Oil 2 Usage (kBtu)"": null, ""Fuel Oil 2 Emissions (kgCO2e)"": null, ""Fuel Oil 4 Usage (kBtu)"": null, ""Fuel Oil 4 Emissions (kgCO2e)"": null, ""Fuel Oil 5 and 6 Usage (kBtu)"": null, ""Fuel Oil 5 and 6 Emissions (kgCO2e)"": null, ""Propane Usage (kBtu)"": null, ""Propane Emissions (kgCO2e)"": null, ""Diesel Usage (kBtu)"": null, ""Diesel Emissions (kgCO2e)"": null, ""Kerosene Usage (kBtu)"": null, ""Kerosene Emissions (kgCO2e)"": null, ""Water Usage Intensity (Gallons/ft²)"": 62.86, ""Estimated Total GHG Emissions (kgCO2e)"": ""194816.726"", ""Reporting Compliance Status"": null, ""First Emissions Compliance Year (Projected)"": 2025.0, ""Community Choice Electricity Participation"": null, ""Renewable Energy Purchased through a Power Purchase Agreement (PPA)"": null, ""Renewable Energy Certificate (REC) Purchase"": null, ""Backup Generator"": null, ""Battery Storage"": null, ""Electric Vehicle (EV) Charging"": null}",266,57.27094736867103,41.548928626119505,72.61095746052767,False,,,,False
C10030,campus_summary,[],Address unavailable,Unavailable,,,Museum,134830.0,134830.0,15748686.9,116.8,116.80402655195432,0.004026551954325441,873528.589,873.528589,873528.589,0.0,False,6.478740554772677,20.94,2780487.3,Not provided,"100,000–249,999",False,[],[],"[""emissions_components_incomplete""]",False,Data Disclosure - Campuses,23,"[{""sheet"": ""Data Disclosure - Campuses"", ""row"": 23}, {""sheet"": ""Data Disclosure"", ""row"": 5511}]","{""Reported Gross Floor Area (Sq Ft)"": ""numeric"", ""Reported Enclosed Parking Area (Sq Ft)"": ""missing"", ""BERDO Emissions Gross Floor Area (Sq Ft)"": ""numeric"", ""Total Site Energy Usage (kBtu)"": ""numeric"", ""Energy Star Score"": ""missing"", ""Site EUI (Energy Use Intensity kBtu/ft²)"": ""numeric"", ""Natural Gas Usage (kBtu)"": ""numeric_text"", ""Natural Gas Emissions (kgCO2e)"": ""numeric_text"", ""Electricity Usage (kWh)"": ""numeric_text"", ""Electricity Emissions (kgCO2e)"": ""numeric_text"", ""Renewable System Electricity Usage Onsite (kBtu)"": ""missing"", ""District Hot Water Usage (kBtu)"": ""missing"", ""District Hot Water Emissions (kgCO2e)"": ""missing"", ""District Chilled Water Usage (kBtu)"": ""missing"", ""District Chilled Water Emissions (kgCO2e)"": ""missing"", ""District Steam Usage (kBtu)"": ""missing"", ""District Steam Emissions (kgCO2e)"": ""missing"", ""Fuel Oil 1 Usage (kBtu)"": ""missing"", ""Fuel Oil 1 Emissions (kgCO2e)"": ""missing"", ""Fuel Oil 2 Usage (kBtu)"": ""missing"", ""Fuel Oil 2 Emissions (kgCO2e)"": ""missing"", ""Fuel Oil 4 Usage (kBtu)"": ""missing"", ""Fuel Oil 4 Emissions (kgCO2e)"": ""missing"", ""Fuel Oil 5 and 6 Usage (kBtu)"": ""missing"", ""Fuel Oil 5 and 6 Emissions (kgCO2e)"": ""missing"", ""Propane Usage (kBtu)"": ""missing"", ""Propane Emissions (kgCO2e)"": ""missing"", ""Diesel Usage (kBtu)"": ""missing"", ""Diesel Emissions (kgCO2e)"": ""missing"", ""Kerosene Usage (kBtu)"": ""missing"", ""Kerosene Emissions (kgCO2e)"": ""missing"", ""Water Usage Intensity (Gallons/ft²)"": ""numeric"", ""Estimated Total GHG Emissions (kgCO2e)"": ""numeric_text""}","{""Campus ID"": ""C10030"", ""BERDO IDs in Campus"": ""103900, 103901"", ""Reported Gross Floor Area (Sq Ft)"": 134830.0, ""Reported Enclosed Parking Area (Sq Ft)"": null, ""BERDO Emissions Gross Floor Area (Sq Ft)"": 134830.0, ""Largest Property Type"": ""Museum"", ""All Property Types and GFAs"": null, ""Total Site Energy Usage (kBtu)"": 15748686.9, ""Energy Star Score"": null, ""Site EUI (Energy Use Intensity kBtu/ft²)"": 116.8, ""Natural Gas Usage (kBtu)"": ""6261664.1"", ""Natural Gas Emissions (kgCO2e)"": ""332556.98"", ""Electricity Usage (kWh)"": ""2780487.3"", ""Electricity Emissions (kgCO2e)"": ""540971.609"", ""Renewable System Electricity Usage Onsite (kBtu)"": null, ""District Hot Water Usage (kBtu)"": null, ""District Hot Water Emissions (kgCO2e)"": null, ""District Chilled Water Usage (kBtu)"": null, ""District Chilled Water Emissions (kgCO2e)"": null, ""District Steam Usage (kBtu)"": null, ""District Steam Emissions (kgCO2e)"": null, ""Fuel Oil 1 Usage (kBtu)"": null, ""Fuel Oil 1 Emissions (kgCO2e)"": null, ""Fuel Oil 2 Usage (kBtu)"": null, ""Fuel Oil 2 Emissions (kgCO2e)"": null, ""Fuel Oil 4 Usage (kBtu)"": null, ""Fuel Oil 4 Emissions (kgCO2e)"": null, ""Fuel Oil 5 and 6 Usage (kBtu)"": null, ""Fuel Oil 5 and 6 Emissions (kgCO2e)"": null, ""Propane Usage (kBtu)"": null, ""Propane Emissions (kgCO2e)"": null, ""Diesel Usage (kBtu)"": null, ""Diesel Emissions (kgCO2e)"": null, ""Kerosene Usage (kBtu)"": null, ""Kerosene Emissions (kgCO2e)"": null, ""Water Usage Intensity (Gallons/ft²)"": 20.94, ""Estimated Total GHG Emissions (kgCO2e)"": ""873528.589"", ""Reporting Compliance Status"": null, ""First Emissions Compliance Year (Projected)"": 2025.0, ""Community Choice Electricity Participation"": null, ""Renewable Energy Purchased through a Power Purchase Agreement (PPA)"": null, ""Renewable Energy Certificate (REC) Purchase"": null, ""Backup Generator"": null, ""Battery Storage"": null, ""Electric Vehicle (EV) Charging"": null}",0,,,,False,,,,False
C10031,campus_summary,[],Address unavailable,Unavailable,,,Multifamily Housing,43550.0,43550.0,5676654.1,130.3,130.3479701492537,0.047970149253700356,303195.411,303.19541100000004,303195.411,0.0,False,6.962007141216993,49.68,127976.0,Not provided,"25,000–49,999",False,[],[],"[""emissions_components_incomplete""]",False,Data Disclosure - Campuses,24,"[{""sheet"": ""Data Disclosure - Campuses"", ""row"": 24}, {""sheet"": ""Data Disclosure"", ""row"": 5512}]","{""Reported Gross Floor Area (Sq Ft)"": ""numeric"", ""Reported Enclosed Parking Area (Sq Ft)"": ""missing"", ""BERDO Emissions Gross Floor Area (Sq Ft)"": ""numeric"", ""Total Site Energy Usage (kBtu)"": ""numeric"", ""Energy Star Score"": ""numeric"", ""Site EUI (Energy Use Intensity kBtu/ft²)"": ""numeric"", ""Natural Gas Usage (kBtu)"": ""numeric_text"", ""Natural Gas Emissions (kgCO2e)"": ""numeric_text"", ""Electricity Usage (kWh)"": ""numeric_text"", ""Electricity Emissions (kgCO2e)"": ""numeric_text"", ""Renewable System Electricity Usage Onsite (kBtu)"": ""missing"", ""District Hot Water Usage (kBtu)"": ""missing"", ""District Hot Water Emissions (kgCO2e)"": ""missing"", ""District Chilled Water Usage (kBtu)"": ""missing"", ""District Chilled Water Emissions (kgCO2e)"": ""missing"", ""District Steam Usage (kBtu)"": ""missing"", ""District Steam Emissions (kgCO2e)"": ""missing"", ""Fuel Oil 1 Usage (kBtu)"": ""missing"", ""Fuel Oil 1 Emissions (kgCO2e)"": ""missing"", ""Fuel Oil 2 Usage (kBtu)"": ""missing"", ""Fuel Oil 2 Emissions (kgCO2e)"": ""missing"", ""Fuel Oil 4 Usage (kBtu)"": ""missing"", ""Fuel Oil 4 Emissions (kgCO2e)"": ""missing"", ""Fuel Oil 5 and 6 Usage (kBtu)"": ""missing"", ""Fuel Oil 5 and 6 Emissions (kgCO2e)"": ""missing"", ""Propane Usage (kBtu)"": ""missing"", ""Propane Emissions (kgCO2e)"": ""missing"", ""Diesel Usage (kBtu)"": ""missing"", ""Diesel Emissions (kgCO2e)"": ""missing"", ""Kerosene Usage (kBtu)"": ""missing"", ""Kerosene Emissions (kgCO2e)"": ""missing"", ""Water Usage Intensity (Gallons/ft²)"": ""numeric"", ""Estimated Total GHG Emissions (kgCO2e)"": ""numeric_text""}","{""Campus ID"": ""C10031"", ""BERDO IDs in Campus"": ""103950, 103951"", ""Reported Gross Floor Area (Sq Ft)"": 43550.0, ""Reported Enclosed Parking Area (Sq Ft)"": null, ""BERDO Emissions Gross Floor Area (Sq Ft)"": 43550.0, ""Largest Property Type"": ""Multifamily Housing"", ""All Property Types and GFAs"": null, ""Total Site Energy Usage (kBtu)"": 5676654.1, ""Energy Star Score"": 31.0, ""Site EUI (Energy Use Intensity kBtu/ft²)"": 130.3, ""Natural Gas Usage (kBtu)"": ""5240000"", ""Natural Gas Emissions (kgCO2e)"": ""278296.4"", ""Electricity Usage (kWh)"": ""127976"", ""Electricity Emissions (kgCO2e)"": ""24899.011"", ""Renewable System Electricity Usage Onsite (kBtu)"": null, ""District Hot Water Usage (kBtu)"": null, ""District Hot Water Emissions (kgCO2e)"": null, ""District Chilled Water Usage (kBtu)"": null, ""District Chilled Water Emissions (kgCO2e)"": null, ""District Steam Usage (kBtu)"": null, ""District Steam Emissions (kgCO2e)"": null, ""Fuel Oil 1 Usage (kBtu)"": null, ""Fuel Oil 1 Emissions (kgCO2e)"": null, ""Fuel Oil 2 Usage (kBtu)"": null, ""Fuel Oil 2 Emissions (kgCO2e)"": null, ""Fuel Oil 4 Usage (kBtu)"": null, ""Fuel Oil 4 Emissions (kgCO2e)"": null, ""Fuel Oil 5 and 6 Usage (kBtu)"": null, ""Fuel Oil 5 and 6 Emissions (kgCO2e)"": null, ""Propane Usage (kBtu)"": null, ""Propane Emissions (kgCO2e)"": null, ""Diesel Usage (kBtu)"": null, ""Diesel Emissions (kgCO2e)"": null, ""Kerosene Usage (kBtu)"": null, ""Kerosene Emissions (kgCO2e)"": null, ""Water Usage Intensity (Gallons/ft²)"": 49.68, ""Estimated Total GHG Emissions (kgCO2e)"": ""303195.411"", ""Reporting Compliance Status"": null, ""First Emissions Compliance Year (Projected)"": 2030.0, ""Community Choice Electricity Participation"": null, ""Renewable Energy Purchased through a Power Purchase Agreement (PPA)"": null, ""Renewable Energy Certificate (REC) Purchase"": null, ""Backup Generator"": null, ""Battery Storage"": null, ""Electric Vehicle (EV) Charging"": null}",531,59.342211950939515,42.9534417187907,77.37173140012388,False,,,,False
C10032,campus_summary,[],Address unavailable,Unavailable,,,Office,767210.0,767210.0,54036565.6,70.4,70.4325616193741,0.03256161937409274,2942456.064,2942.456064,2942456.0640000002,-4.656612873077393e-10,False,3.8352681325842988,3.01,5436797.1,Not provided,"250,000 and above",False,[],[],"[""emissions_components_incomplete""]",False,Data Disclosure - Campuses,25,"[{""sheet"": ""Data Disclosure - Campuses"", ""row"": 25}, {""sheet"": ""Data Disclosure"", ""row"": 5513}]","{""Reported Gross Floor Area (Sq Ft)"": ""numeric"", ""Reported Enclosed Parking Area (Sq Ft)"": ""missing"", ""BERDO Emissions Gross Floor Area (Sq Ft)"": ""numeric"", ""Total Site Energy Usage (kBtu)"": ""numeric"", ""Energy Star Score"": ""missing"", ""Site EUI (Energy Use Intensity kBtu/ft²)"": ""numeric"", ""Natural Gas Usage (kBtu)"": ""numeric_text"", ""Natural Gas Emissions (kgCO2e)"": ""numeric_text"", ""Electricity Usage (kWh)"": ""numeric_text"", ""Electricity Emissions (kgCO2e)"": ""numeric_text"", ""Renewable System Electricity Usage Onsite (kBtu)"": ""missing"", ""District Hot Water Usage (kBtu)"": ""missing"", ""District Hot Water Emissions (kgCO2e)"": ""missing"", ""District Chilled Water Usage (kBtu)"": ""missing"", ""District Chilled Water Emissions (kgCO2e)"": ""missing"", ""District Steam Usage (kBtu)"": ""missing"", ""District Steam Emissions (kgCO2e)"": ""missing"", ""Fuel Oil 1 Usage (kBtu)"": ""missing"", ""Fuel Oil 1 Emissions (kgCO2e)"": ""missing"", ""Fuel Oil 2 Usage (kBtu)"": ""missing"", ""Fuel Oil 2 Emissions (kgCO2e)"": ""missing"", ""Fuel Oil 4 Usage (kBtu)"": ""missing"", ""Fuel Oil 4 Emissions (kgCO2e)"": ""missing"", ""Fuel Oil 5 and 6 Usage (kBtu)"": ""missing"", ""Fuel Oil 5 and 6 Emissions (kgCO2e)"": ""missing"", ""Propane Usage (kBtu)"": ""missing"", ""Propane Emissions (kgCO2e)"": ""missing"", ""Diesel Usage (kBtu)"": ""missing"", ""Diesel Emissions (kgCO2e)"": ""missing"", ""Kerosene Usage (kBtu)"": ""missing"", ""Kerosene Emissions (kgCO2e)"": ""missing"", ""Water Usage Intensity (Gallons/ft²)"": ""numeric"", ""Estimated Total GHG Emissions (kgCO2e)"": ""numeric_text""}","{""Campus ID"": ""C10032"", ""BERDO IDs in Campus"": ""104245, 104246, 104247, 104248, 104249, 104250, 104251, 104252"", ""Reported Gross Floor Area (Sq Ft)"": 767210.0, ""Reported Enclosed Parking Area (Sq Ft)"": null, ""BERDO Emissions Gross Floor Area (Sq Ft)"": 767210.0, ""Largest Property Type"": ""Office"", ""All Property Types and GFAs"": null, ""Total Site Energy Usage (kBtu)"": 54036565.6, ""Energy Star Score"": null, ""Site EUI (Energy Use Intensity kBtu/ft²)"": 70.4, ""Natural Gas Usage (kBtu)"": ""35486213.9"", ""Natural Gas Emissions (kgCO2e)"": ""1884672.82"", ""Electricity Usage (kWh)"": ""5436797.1"", ""Electricity Emissions (kgCO2e)"": ""1057783.244"", ""Renewable System Electricity Usage Onsite (kBtu)"": null, ""District Hot Water Usage (kBtu)"": null, ""District Hot Water Emissions (kgCO2e)"": null, ""District Chilled Water Usage (kBtu)"": null, ""District Chilled Water Emissions (kgCO2e)"": null, ""District Steam Usage (kBtu)"": null, ""District Steam Emissions (kgCO2e)"": null, ""Fuel Oil 1 Usage (kBtu)"": null, ""Fuel Oil 1 Emissions (kgCO2e)"": null, ""Fuel Oil 2 Usage (kBtu)"": null, ""Fuel Oil 2 Emissions (kgCO2e)"": null, ""Fuel Oil 4 Usage (kBtu)"": null, ""Fuel Oil 4 Emissions (kgCO2e)"": null, ""Fuel Oil 5 and 6 Usage (kBtu)"": null, ""Fuel Oil 5 and 6 Emissions (kgCO2e)"": null, ""Propane Usage (kBtu)"": null, ""Propane Emissions (kgCO2e)"": null, ""Diesel Usage (kBtu)"": null, ""Diesel Emissions (kgCO2e)"": null, ""Kerosene Usage (kBtu)"": null, ""Kerosene Emissions (kgCO2e)"": null, ""Water Usage Intensity (Gallons/ft²)"": 3.01, ""Estimated Total GHG Emissions (kgCO2e)"": ""2942456.064"", ""Reporting Compliance Status"": null, ""First Emissions Compliance Year (Projected)"": 2025.0, ""Community Choice Electricity Participation"": null, ""Renewable Energy Purchased through a Power Purchase Agreement (PPA)"": null, ""Renewable Energy Certificate (REC) Purchase"": null, ""Backup Generator"": null, ""Battery Storage"": null, ""Electric Vehicle (EV) Charging"": null}",88,57.72119160715479,48.33226824908578,71.83158402679484,False,,,,False
C10033,campus_summary,[],Address unavailable,Unavailable,,,Multifamily Housing,43040.0,43040.0,2239990.4,52.0,52.04438661710037,0.04438661710037195,120245.95,120.24595,120245.95,0.0,False,2.793818540892193,23.29,95894.0,Not provided,"25,000–49,999",False,[],[],"[""emissions_components_incomplete""]",False,Data Disclosure - Campuses,26,"[{""sheet"": ""Data Disclosure - Campuses"", ""row"": 26}, {""sheet"": ""Data Disclosure"", ""row"": 5514}]","{""Reported Gross Floor Area (Sq Ft)"": ""numeric"", ""Reported Enclosed Parking Area (Sq Ft)"": ""missing"", ""BERDO Emissions Gross Floor Area (Sq Ft)"": ""numeric"", ""Total Site Energy Usage (kBtu)"": ""numeric"", ""Energy Star Score"": ""numeric"", ""Site EUI (Energy Use Intensity kBtu/ft²)"": ""numeric"", ""Natural Gas Usage (kBtu)"": ""numeric_text"", ""Natural Gas Emissions (kgCO2e)"": ""numeric_text"", ""Electricity Usage (kWh)"": ""numeric_text"", ""Electricity Emissions (kgCO2e)"": ""numeric_text"", ""Renewable System Electricity Usage Onsite (kBtu)"": ""missing"", ""District Hot Water Usage (kBtu)"": ""missing"", ""District Hot Water Emissions (kgCO2e)"": ""missing"", ""District Chilled Water Usage (kBtu)"": ""missing"", ""District Chilled Water Emissions (kgCO2e)"": ""missing"", ""District Steam Usage (kBtu)"": ""missing"", ""District Steam Emissions (kgCO2e)"": ""missing"", ""Fuel Oil 1 Usage (kBtu)"": ""missing"", ""Fuel Oil 1 Emissions (kgCO2e)"": ""missing"", ""Fuel Oil 2 Usage (kBtu)"": ""missing"", ""Fuel Oil 2 Emissions (kgCO2e)"": ""missing"", ""Fuel Oil 4 Usage (kBtu)"": ""missing"", ""Fuel Oil 4 Emissions (kgCO2e)"": ""missing"", ""Fuel Oil 5 and 6 Usage (kBtu)"": ""missing"", ""Fuel Oil 5 and 6 Emissions (kgCO2e)"": ""missing"", ""Propane Usage (kBtu)"": ""missing"", ""Propane Emissions (kgCO2e)"": ""missing"", ""Diesel Usage (kBtu)"": ""missing"", ""Diesel Emissions (kgCO2e)"": ""missing"", ""Kerosene Usage (kBtu)"": ""missing"", ""Kerosene Emissions (kgCO2e)"": ""missing"", ""Water Usage Intensity (Gallons/ft²)"": ""numeric"", ""Estimated Total GHG Emissions (kgCO2e)"": ""numeric_text""}","{""Campus ID"": ""C10033"", ""BERDO IDs in Campus"": ""105083, 105084"", ""Reported Gross Floor Area (Sq Ft)"": 43040.0, ""Reported Enclosed Parking Area (Sq Ft)"": null, ""BERDO Emissions Gross Floor Area (Sq Ft)"": 43040.0, ""Largest Property Type"": ""Multifamily Housing"", ""All Property Types and GFAs"": null, ""Total Site Energy Usage (kBtu)"": 2239990.4, ""Energy Star Score"": 97.0, ""Site EUI (Energy Use Intensity kBtu/ft²)"": 52.0, ""Natural Gas Usage (kBtu)"": ""1912800.1"", ""Natural Gas Emissions (kgCO2e)"": ""101588.813"", ""Electricity Usage (kWh)"": ""95894"", ""Electricity Emissions (kgCO2e)"": ""18657.137"", ""Renewable System Electricity Usage Onsite (kBtu)"": null, ""District Hot Water Usage (kBtu)"": null, ""District Hot Water Emissions (kgCO2e)"": null, ""District Chilled Water Usage (kBtu)"": null, ""District Chilled Water Emissions (kgCO2e)"": null, ""District Steam Usage (kBtu)"": null, ""District Steam Emissions (kgCO2e)"": null, ""Fuel Oil 1 Usage (kBtu)"": null, ""Fuel Oil 1 Emissions (kgCO2e)"": null, ""Fuel Oil 2 Usage (kBtu)"": null, ""Fuel Oil 2 Emissions (kgCO2e)"": null, ""Fuel Oil 4 Usage (kBtu)"": null, ""Fuel Oil 4 Emissions (kgCO2e)"": null, ""Fuel Oil 5 and 6 Usage (kBtu)"": null, ""Fuel Oil 5 and 6 Emissions (kgCO2e)"": null, ""Propane Usage (kBtu)"": null, ""Propane Emissions (kgCO2e)"": null, ""Diesel Usage (kBtu)"": null, ""Diesel Emissions (kgCO2e)"": null, ""Kerosene Usage (kBtu)"": null, ""Kerosene Emissions (kgCO2e)"": null, ""Water Usage Intensity (Gallons/ft²)"": 23.29, ""Estimated Total GHG Emissions (kgCO2e)"": ""120245.95"", ""Reporting Compliance Status"": null, ""First Emissions Compliance Year (Projected)"": 2030.0, ""Community Choice Electricity Participation"": null, ""Renewable Energy Purchased through a Power Purchase Agreement (PPA)"": null, ""Renewable Energy Certificate (REC) Purchase"": null, ""Backup Generator"": null, ""Battery Storage"": null, ""Electric Vehicle (EV) Charging"": null}",531,59.342211950939515,42.9534417187907,77.37173140012388,False,,,,False
C10037,campus_summary,[],Address unavailable,Unavailable,,,Multifamily Housing,47268.0,47268.0,1061527.5,22.5,22.45763518659558,-0.042364813404418555,58233.044,58.233044,58233.044,0.0,False,1.231976051451299,15.49,138989.0,Not provided,"25,000–49,999",False,[],[],"[""emissions_components_incomplete""]",False,Data Disclosure - Campuses,27,"[{""sheet"": ""Data Disclosure - Campuses"", ""row"": 27}, {""sheet"": ""Data Disclosure"", ""row"": 5515}]","{""Reported Gross Floor Area (Sq Ft)"": ""numeric"", ""Reported Enclosed Parking Area (Sq Ft)"": ""missing"", ""BERDO Emissions Gross Floor Area (Sq Ft)"": ""numeric"", ""Total Site Energy Usage (kBtu)"": ""numeric"", ""Energy Star Score"": ""numeric"", ""Site EUI (Energy Use Intensity kBtu/ft²)"": ""numeric"", ""Natural Gas Usage (kBtu)"": ""numeric_text"", ""Natural Gas Emissions (kgCO2e)"": ""numeric_text"", ""Electricity Usage (kWh)"": ""numeric_text"", ""Electricity Emissions (kgCO2e)"": ""numeric_text"", ""Renewable System Electricity Usage Onsite (kBtu)"": ""missing"", ""District Hot Water Usage (kBtu)"": ""missing"", ""District Hot Water Emissions (kgCO2e)"": ""missing"", ""District Chilled Water Usage (kBtu)"": ""missing"", ""District Chilled Water Emissions (kgCO2e)"": ""missing"", ""District Steam Usage (kBtu)"": ""missing"", ""District Steam Emissions (kgCO2e)"": ""missing"", ""Fuel Oil 1 Usage (kBtu)"": ""missing"", ""Fuel Oil 1 Emissions (kgCO2e)"": ""missing"", ""Fuel Oil 2 Usage (kBtu)"": ""missing"", ""Fuel Oil 2 Emissions (kgCO2e)"": ""missing"", ""Fuel Oil 4 Usage (kBtu)"": ""missing"", ""Fuel Oil 4 Emissions (kgCO2e)"": ""missing"", ""Fuel Oil 5 and 6 Usage (kBtu)"": ""missing"", ""Fuel Oil 5 and 6 Emissions (kgCO2e)"": ""missing"", ""Propane Usage (kBtu)"": ""missing"", ""Propane Emissions (kgCO2e)"": ""missing"", ""Diesel Usage (kBtu)"": ""missing"", ""Diesel Emissions (kgCO2e)"": ""missing"", ""Kerosene Usage (kBtu)"": ""missing"", ""Kerosene Emissions (kgCO2e)"": ""missing"", ""Water Usage Intensity (Gallons/ft²)"": ""numeric"", ""Estimated Total GHG Emissions (kgCO2e)"": ""numeric_text""}","{""Campus ID"": ""C10037"", ""BERDO IDs in Campus"": ""105952, 105953, 105954"", ""Reported Gross Floor Area (Sq Ft)"": 47268.0, ""Reported Enclosed Parking Area (Sq Ft)"": null, ""BERDO Emissions Gross Floor Area (Sq Ft)"": 47268.0, ""Largest Property Type"": ""Multifamily Housing"", ""All Property Types and GFAs"": null, ""Total Site Energy Usage (kBtu)"": 1061527.5, ""Energy Star Score"": 100.0, ""Site EUI (Energy Use Intensity kBtu/ft²)"": 22.5, ""Natural Gas Usage (kBtu)"": ""587297"", ""Natural Gas Emissions (kgCO2e)"": ""31191.344"", ""Electricity Usage (kWh)"": ""138989"", ""Electricity Emissions (kgCO2e)"": ""27041.7"", ""Renewable System Electricity Usage Onsite (kBtu)"": null, ""District Hot Water Usage (kBtu)"": null, ""District Hot Water Emissions (kgCO2e)"": null, ""District Chilled Water Usage (kBtu)"": null, ""District Chilled Water Emissions (kgCO2e)"": null, ""District Steam Usage (kBtu)"": null, ""District Steam Emissions (kgCO2e)"": null, ""Fuel Oil 1 Usage (kBtu)"": null, ""Fuel Oil 1 Emissions (kgCO2e)"": null, ""Fuel Oil 2 Usage (kBtu)"": null, ""Fuel Oil 2 Emissions (kgCO2e)"": null, ""Fuel Oil 4 Usage (kBtu)"": null, ""Fuel Oil 4 Emissions (kgCO2e)"": null, ""Fuel Oil 5 and 6 Usage (kBtu)"": null, ""Fuel Oil 5 and 6 Emissions (kgCO2e)"": null, ""Propane Usage (kBtu)"": null, ""Propane Emissions (kgCO2e)"": null, ""Diesel Usage (kBtu)"": null, ""Diesel Emissions (kgCO2e)"": null, ""Kerosene Usage (kBtu)"": null, ""Kerosene Emissions (kgCO2e)"": null, ""Water Usage Intensity (Gallons/ft²)"": 15.49, ""Estimated Total GHG Emissions (kgCO2e)"": ""58233.044"", ""Reporting Compliance Status"": null, ""First Emissions Compliance Year (Projected)"": 2030.0, ""Community Choice Electricity Participation"": null, ""Renewable Energy Purchased through a Power Purchase Agreement (PPA)"": null, ""Renewable Energy Certificate (REC) Purchase"": null, ""Backup Generator"": null, ""Battery Storage"": null, ""Electric Vehicle (EV) Charging"": null}",531,59.342211950939515,42.9534417187907,77.37173140012388,False,,,,False
C10038,campus_summary,[],Address unavailable,Unavailable,,,Residence Hall/Dormitory,190128.0,190128.0,11044540.9,58.1,58.090028296726416,-0.00997170327358532,612495.687,612.4956870000001,612495.687,0.0,False,3.221491242741732,25.97,1941773.4,Not provided,"100,000–249,999",False,[],[],"[""emissions_components_incomplete""]",False,Data Disclosure - Campuses,28,"[{""sheet"": ""Data Disclosure - Campuses"", ""row"": 28}, {""sheet"": ""Data Disclosure"", ""row"": 5516}]","{""Reported Gross Floor Area (Sq Ft)"": ""numeric"", ""Reported Enclosed Parking Area (Sq Ft)"": ""missing"", ""BERDO Emissions Gross Floor Area (Sq Ft)"": ""numeric"", ""Total Site Energy Usage (kBtu)"": ""numeric"", ""Energy Star Score"": ""missing"", ""Site EUI (Energy Use Intensity kBtu/ft²)"": ""numeric"", ""Natural Gas Usage (kBtu)"": ""numeric_text"", ""Natural Gas Emissions (kgCO2e)"": ""numeric_text"", ""Electricity Usage (kWh)"": ""numeric_text"", ""Electricity Emissions (kgCO2e)"": ""numeric_text"", ""Renewable System Electricity Usage Onsite (kBtu)"": ""missing"", ""District Hot Water Usage (kBtu)"": ""missing"", ""District Hot Water Emissions (kgCO2e)"": ""missing"", ""District Chilled Water Usage (kBtu)"": ""missing"", ""District Chilled Water Emissions (kgCO2e)"": ""missing"", ""District Steam Usage (kBtu)"": ""missing"", ""District Steam Emissions (kgCO2e)"": ""missing"", ""Fuel Oil 1 Usage (kBtu)"": ""missing"", ""Fuel Oil 1 Emissions (kgCO2e)"": ""missing"", ""Fuel Oil 2 Usage (kBtu)"": ""missing"", ""Fuel Oil 2 Emissions (kgCO2e)"": ""missing"", ""Fuel Oil 4 Usage (kBtu)"": ""missing"", ""Fuel Oil 4 Emissions (kgCO2e)"": ""missing"", ""Fuel Oil 5 and 6 Usage (kBtu)"": ""missing"", ""Fuel Oil 5 and 6 Emissions (kgCO2e)"": ""missing"", ""Propane Usage (kBtu)"": ""missing"", ""Propane Emissions (kgCO2e)"": ""missing"", ""Diesel Usage (kBtu)"": ""missing"", ""Diesel Emissions (kgCO2e)"": ""missing"", ""Kerosene Usage (kBtu)"": ""missing"", ""Kerosene Emissions (kgCO2e)"": ""missing"", ""Water Usage Intensity (Gallons/ft²)"": ""numeric"", ""Estimated Total GHG Emissions (kgCO2e)"": ""numeric_text""}","{""Campus ID"": ""C10038"", ""BERDO IDs in Campus"": ""106000, 106001"", ""Reported Gross Floor Area (Sq Ft)"": 190128.0, ""Reported Enclosed Parking Area (Sq Ft)"": null, ""BERDO Emissions Gross Floor Area (Sq Ft)"": 190128.0, ""Largest Property Type"": ""Residence Hall/Dormitory"", ""All Property Types and GFAs"": null, ""Total Site Energy Usage (kBtu)"": 11044540.9, ""Energy Star Score"": null, ""Site EUI (Energy Use Intensity kBtu/ft²)"": 58.1, ""Natural Gas Usage (kBtu)"": ""4419210.2"", ""Natural Gas Emissions (kgCO2e)"": ""234704.254"", ""Electricity Usage (kWh)"": ""1941773.4"", ""Electricity Emissions (kgCO2e)"": ""377791.433"", ""Renewable System Electricity Usage Onsite (kBtu)"": null, ""District Hot Water Usage (kBtu)"": null, ""District Hot Water Emissions (kgCO2e)"": null, ""District Chilled Water Usage (kBtu)"": null, ""District Chilled Water Emissions (kgCO2e)"": null, ""District Steam Usage (kBtu)"": null, ""District Steam Emissions (kgCO2e)"": null, ""Fuel Oil 1 Usage (kBtu)"": null, ""Fuel Oil 1 Emissions (kgCO2e)"": null, ""Fuel Oil 2 Usage (kBtu)"": null, ""Fuel Oil 2 Emissions (kgCO2e)"": null, ""Fuel Oil 4 Usage (kBtu)"": null, ""Fuel Oil 4 Emissions (kgCO2e)"": null, ""Fuel Oil 5 and 6 Usage (kBtu)"": null, ""Fuel Oil 5 and 6 Emissions (kgCO2e)"": null, ""Propane Usage (kBtu)"": null, ""Propane Emissions (kgCO2e)"": null, ""Diesel Usage (kBtu)"": null, ""Diesel Emissions (kgCO2e)"": null, ""Kerosene Usage (kBtu)"": null, ""Kerosene Emissions (kgCO2e)"": null, ""Water Usage Intensity (Gallons/ft²)"": 25.97, ""Estimated Total GHG Emissions (kgCO2e)"": ""612495.687"", ""Reporting Compliance Status"": null, ""First Emissions Compliance Year (Projected)"": 2025.0, ""Community Choice Electricity Participation"": null, ""Renewable Energy Purchased through a Power Purchase Agreement (PPA)"": null, ""Renewable Energy Certificate (REC) Purchase"": null, ""Backup Generator"": null, ""Battery Storage"": null, ""Electric Vehicle (EV) Charging"": null}",5,90.65779220284489,76.32704748554406,99.32663224191214,False,,,,False
C10040,campus_summary,[],Address unavailable,Unavailable,,,Not reported,,,,,,,,,,,False,,,,Not provided,,False,"[""floor_area_missing"", ""site_energy_missing"", ""reported_eui_missing"", ""property_type_missing""]","[""estimated_emissions_missing""]","[""floor_area_missing"", ""site_energy_missing"", ""reported_eui_missing"", ""estimated_emissions_missing"", ""emissions_components_incomplete"", ""property_type_missing""]",True,Data Disclosure - Campuses,29,"[{""sheet"": ""Data Disclosure - Campuses"", ""row"": 29}, {""sheet"": ""Data Disclosure"", ""row"": 5517}]","{""Reported Gross Floor Area (Sq Ft)"": ""missing"", ""Reported Enclosed Parking Area (Sq Ft)"": ""missing"", ""BERDO Emissions Gross Floor Area (Sq Ft)"": ""missing"", ""Total Site Energy Usage (kBtu)"": ""missing"", ""Energy Star Score"": ""missing"", ""Site EUI (Energy Use Intensity kBtu/ft²)"": ""missing"", ""Natural Gas Usage (kBtu)"": ""missing"", ""Natural Gas Emissions (kgCO2e)"": ""missing"", ""Electricity Usage (kWh)"": ""missing"", ""Electricity Emissions (kgCO2e)"": ""missing"", ""Renewable System Electricity Usage Onsite (kBtu)"": ""missing"", ""District Hot Water Usage (kBtu)"": ""missing"", ""District Hot Water Emissions (kgCO2e)"": ""missing"", ""District Chilled Water Usage (kBtu)"": ""missing"", ""District Chilled Water Emissions (kgCO2e)"": ""missing"", ""District Steam Usage (kBtu)"": ""missing"", ""District Steam Emissions (kgCO2e)"": ""missing"", ""Fuel Oil 1 Usage (kBtu)"": ""missing"", ""Fuel Oil 1 Emissions (kgCO2e)"": ""missing"", ""Fuel Oil 2 Usage (kBtu)"": ""missing"", ""Fuel Oil 2 Emissions (kgCO2e)"": ""missing"", ""Fuel Oil 4 Usage (kBtu)"": ""missing"", ""Fuel Oil 4 Emissions (kgCO2e)"": ""missing"", ""Fuel Oil 5 and 6 Usage (kBtu)"": ""missing"", ""Fuel Oil 5 and 6 Emissions (kgCO2e)"": ""missing"", ""Propane Usage (kBtu)"": ""missing"", ""Propane Emissions (kgCO2e)"": ""missing"", ""Diesel Usage (kBtu)"": ""missing"", ""Diesel Emissions (kgCO2e)"": ""missing"", ""Kerosene Usage (kBtu)"": ""missing"", ""Kerosene Emissions (kgCO2e)"": ""missing"", ""Water Usage Intensity (Gallons/ft²)"": ""missing"", ""Estimated Total GHG Emissions (kgCO2e)"": ""missing""}","{""Campus ID"": ""C10040"", ""BERDO IDs in Campus"": ""106661, 106662"", ""Reported Gross Floor Area (Sq Ft)"": null, ""Reported Enclosed Parking Area (Sq Ft)"": null, ""BERDO Emissions Gross Floor Area (Sq Ft)"": null, ""Largest Property Type"": null, ""All Property Types and GFAs"": null, ""Total Site Energy Usage (kBtu)"": null, ""Energy Star Score"": null, ""Site EUI (Energy Use Intensity kBtu/ft²)"": null, ""Natural Gas Usage (kBtu)"": null, ""Natural Gas Emissions (kgCO2e)"": null, ""Electricity Usage (kWh)"": null, ""Electricity Emissions (kgCO2e)"": null, ""Renewable System Electricity Usage Onsite (kBtu)"": null, ""District Hot Water Usage (kBtu)"": null, ""District Hot Water Emissions (kgCO2e)"": null, ""District Chilled Water Usage (kBtu)"": null, ""District Chilled Water Emissions (kgCO2e)"": null, ""District Steam Usage (kBtu)"": null, ""District Steam Emissions (kgCO2e)"": null, ""Fuel Oil 1 Usage (kBtu)"": null, ""Fuel Oil 1 Emissions (kgCO2e)"": null, ""Fuel Oil 2 Usage (kBtu)"": null, ""Fuel Oil 2 Emissions (kgCO2e)"": null, ""Fuel Oil 4 Usage (kBtu)"": null, ""Fuel Oil 4 Emissions (kgCO2e)"": null, ""Fuel Oil 5 and 6 Usage (kBtu)"": null, ""Fuel Oil 5 and 6 Emissions (kgCO2e)"": null, ""Propane Usage (kBtu)"": null, ""Propane Emissions (kgCO2e)"": null, ""Diesel Usage (kBtu)"": null, ""Diesel Emissions (kgCO2e)"": null, ""Kerosene Usage (kBtu)"": null, ""Kerosene Emissions (kgCO2e)"": null, ""Water Usage Intensity (Gallons/ft²)"": null, ""Estimated Total GHG Emissions (kgCO2e)"": null, ""Reporting Compliance Status"": null, ""First Emissions Compliance Year (Projected)"": 2030.0, ""Community Choice Electricity Participation"": null, ""Renewable Energy Purchased through a Power Purchase Agreement (PPA)"": null, ""Renewable Energy Certificate (REC) Purchase"": null, ""Backup Generator"": null, ""Battery Storage"": null, ""Electric Vehicle (EV) Charging"": null}",0,,,,False,,,,False
C10041,campus_summary,[],Address unavailable,Unavailable,,,College/University,545927.0,545927.0,73318671.0,134.3,134.3012362458717,0.0012362458716950186,3905954.166,3905.954166,3905954.166,0.0,False,7.154718792072933,17.62,898932.3,Not provided,"250,000 and above",False,[],[],"[""emissions_components_incomplete""]",False,Data Disclosure - Campuses,30,"[{""sheet"": ""Data Disclosure - Campuses"", ""row"": 30}, {""sheet"": ""Data Disclosure"", ""row"": 5518}]","{""Reported Gross Floor Area (Sq Ft)"": ""numeric"", ""Reported Enclosed Parking Area (Sq Ft)"": ""missing"", ""BERDO Emissions Gross Floor Area (Sq Ft)"": ""numeric"", ""Total Site Energy Usage (kBtu)"": ""numeric"", ""Energy Star Score"": ""missing"", ""Site EUI (Energy Use Intensity kBtu/ft²)"": ""numeric"", ""Natural Gas Usage (kBtu)"": ""numeric_text"", ""Natural Gas Emissions (kgCO2e)"": ""numeric_text"", ""Electricity Usage (kWh)"": ""numeric_text"", ""Electricity Emissions (kgCO2e)"": ""numeric_text"", ""Renewable System Electricity Usage Onsite (kBtu)"": ""missing"", ""District Hot Water Usage (kBtu)"": ""missing"", ""District Hot Water Emissions (kgCO2e)"": ""missing"", ""District Chilled Water Usage (kBtu)"": ""missing"", ""District Chilled Water Emissions (kgCO2e)"": ""missing"", ""District Steam Usage (kBtu)"": ""missing"", ""District Steam Emissions (kgCO2e)"": ""missing"", ""Fuel Oil 1 Usage (kBtu)"": ""missing"", ""Fuel Oil 1 Emissions (kgCO2e)"": ""missing"", ""Fuel Oil 2 Usage (kBtu)"": ""missing"", ""Fuel Oil 2 Emissions (kgCO2e)"": ""missing"", ""Fuel Oil 4 Usage (kBtu)"": ""missing"", ""Fuel Oil 4 Emissions (kgCO2e)"": ""missing"", ""Fuel Oil 5 and 6 Usage (kBtu)"": ""missing"", ""Fuel Oil 5 and 6 Emissions (kgCO2e)"": ""missing"", ""Propane Usage (kBtu)"": ""missing"", ""Propane Emissions (kgCO2e)"": ""missing"", ""Diesel Usage (kBtu)"": ""missing"", ""Diesel Emissions (kgCO2e)"": ""missing"", ""Kerosene Usage (kBtu)"": ""missing"", ""Kerosene Emissions (kgCO2e)"": ""missing"", ""Water Usage Intensity (Gallons/ft²)"": ""numeric"", ""Estimated Total GHG Emissions (kgCO2e)"": ""numeric_text""}","{""Campus ID"": ""C10041"", ""BERDO IDs in Campus"": ""106706, 106707, 106708, 106709, 106711, 107091, 107092, 107093, 107094, 107095, 107096, 107097, 107098, 107107"", ""Reported Gross Floor Area (Sq Ft)"": 545927.0, ""Reported Enclosed Parking Area (Sq Ft)"": null, ""BERDO Emissions Gross Floor Area (Sq Ft)"": 545927.0, ""Largest Property Type"": ""College/University"", ""All Property Types and GFAs"": null, ""Total Site Energy Usage (kBtu)"": 73318671.0, ""Energy Star Score"": null, ""Site EUI (Energy Use Intensity kBtu/ft²)"": 134.3, ""Natural Gas Usage (kBtu)"": ""70251513.8"", ""Natural Gas Emissions (kgCO2e)"": ""3731057.898"", ""Electricity Usage (kWh)"": ""898932.3"", ""Electricity Emissions (kgCO2e)"": ""174896.268"", ""Renewable System Electricity Usage Onsite (kBtu)"": null, ""District Hot Water Usage (kBtu)"": null, ""District Hot Water Emissions (kgCO2e)"": null, ""District Chilled Water Usage (kBtu)"": null, ""District Chilled Water Emissions (kgCO2e)"": null, ""District Steam Usage (kBtu)"": null, ""District Steam Emissions (kgCO2e)"": null, ""Fuel Oil 1 Usage (kBtu)"": null, ""Fuel Oil 1 Emissions (kgCO2e)"": null, ""Fuel Oil 2 Usage (kBtu)"": null, ""Fuel Oil 2 Emissions (kgCO2e)"": null, ""Fuel Oil 4 Usage (kBtu)"": null, ""Fuel Oil 4 Emissions (kgCO2e)"": null, ""Fuel Oil 5 and 6 Usage (kBtu)"": null, ""Fuel Oil 5 and 6 Emissions (kgCO2e)"": null, ""Propane Usage (kBtu)"": null, ""Propane Emissions (kgCO2e)"": null, ""Diesel Usage (kBtu)"": null, ""Diesel Emissions (kgCO2e)"": null, ""Kerosene Usage (kBtu)"": null, ""Kerosene Emissions (kgCO2e)"": null, ""Water Usage Intensity (Gallons/ft²)"": 17.62, ""Estimated Total GHG Emissions (kgCO2e)"": ""3905954.166"", ""Reporting Compliance Status"": null, ""First Emissions Compliance Year (Projected)"": 2025.0, ""Community Choice Electricity Participation"": null, ""Renewable Energy Purchased through a Power Purchase Agreement (PPA)"": null, ""Renewable Energy Certificate (REC) Purchase"": null, ""Backup Generator"": null, ""Battery Storage"": null, ""Electric Vehicle (EV) Charging"": null}",14,69.6255100013128,52.29563167705559,91.70594484472991,False,,,,False
C10042,campus_summary,[],Address unavailable,Unavailable,,,College/University,177915.0,177915.0,8728201.0,49.1,49.05826377764663,-0.04173622235337149,478314.963,478.314963,478314.963,0.0,False,2.688446522215665,3.58,1105742.0,Not provided,"100,000–249,999",False,[],[],"[""emissions_components_incomplete""]",False,Data Disclosure - Campuses,31,"[{""sheet"": ""Data Disclosure - Campuses"", ""row"": 31}, {""sheet"": ""Data Disclosure"", ""row"": 5519}]","{""Reported Gross Floor Area (Sq Ft)"": ""numeric"", ""Reported Enclosed Parking Area (Sq Ft)"": ""missing"", ""BERDO Emissions Gross Floor Area (Sq Ft)"": ""numeric"", ""Total Site Energy Usage (kBtu)"": ""numeric"", ""Energy Star Score"": ""missing"", ""Site EUI (Energy Use Intensity kBtu/ft²)"": ""numeric"", ""Natural Gas Usage (kBtu)"": ""numeric_text"", ""Natural Gas Emissions (kgCO2e)"": ""numeric_text"", ""Electricity Usage (kWh)"": ""numeric_text"", ""Electricity Emissions (kgCO2e)"": ""numeric_text"", ""Renewable System Electricity Usage Onsite (kBtu)"": ""missing"", ""District Hot Water Usage (kBtu)"": ""missing"", ""District Hot Water Emissions (kgCO2e)"": ""missing"", ""District Chilled Water Usage (kBtu)"": ""missing"", ""District Chilled Water Emissions (kgCO2e)"": ""missing"", ""District Steam Usage (kBtu)"": ""missing"", ""District Steam Emissions (kgCO2e)"": ""missing"", ""Fuel Oil 1 Usage (kBtu)"": ""missing"", ""Fuel Oil 1 Emissions (kgCO2e)"": ""missing"", ""Fuel Oil 2 Usage (kBtu)"": ""missing"", ""Fuel Oil 2 Emissions (kgCO2e)"": ""missing"", ""Fuel Oil 4 Usage (kBtu)"": ""missing"", ""Fuel Oil 4 Emissions (kgCO2e)"": ""missing"", ""Fuel Oil 5 and 6 Usage (kBtu)"": ""missing"", ""Fuel Oil 5 and 6 Emissions (kgCO2e)"": ""missing"", ""Propane Usage (kBtu)"": ""missing"", ""Propane Emissions (kgCO2e)"": ""missing"", ""Diesel Usage (kBtu)"": ""missing"", ""Diesel Emissions (kgCO2e)"": ""missing"", ""Kerosene Usage (kBtu)"": ""missing"", ""Kerosene Emissions (kgCO2e)"": ""missing"", ""Water Usage Intensity (Gallons/ft²)"": ""numeric"", ""Estimated Total GHG Emissions (kgCO2e)"": ""numeric_text""}","{""Campus ID"": ""C10042"", ""BERDO IDs in Campus"": ""106715, 107102, 107103, 107104, 107105"", ""Reported Gross Floor Area (Sq Ft)"": 177915.0, ""Reported Enclosed Parking Area (Sq Ft)"": null, ""BERDO Emissions Gross Floor Area (Sq Ft)"": 177915.0, ""Largest Property Type"": ""College/University"", ""All Property Types and GFAs"": null, ""Total Site Energy Usage (kBtu)"": 8728201.0, ""Energy Star Score"": null, ""Site EUI (Energy Use Intensity kBtu/ft²)"": 49.1, ""Natural Gas Usage (kBtu)"": ""4955409.5"", ""Natural Gas Emissions (kgCO2e)"": ""263181.799"", ""Electricity Usage (kWh)"": ""1105742"", ""Electricity Emissions (kgCO2e)"": ""215133.164"", ""Renewable System Electricity Usage Onsite (kBtu)"": null, ""District Hot Water Usage (kBtu)"": null, ""District Hot Water Emissions (kgCO2e)"": null, ""District Chilled Water Usage (kBtu)"": null, ""District Chilled Water Emissions (kgCO2e)"": null, ""District Steam Usage (kBtu)"": null, ""District Steam Emissions (kgCO2e)"": null, ""Fuel Oil 1 Usage (kBtu)"": null, ""Fuel Oil 1 Emissions (kgCO2e)"": null, ""Fuel Oil 2 Usage (kBtu)"": null, ""Fuel Oil 2 Emissions (kgCO2e)"": null, ""Fuel Oil 4 Usage (kBtu)"": null, ""Fuel Oil 4 Emissions (kgCO2e)"": null, ""Fuel Oil 5 and 6 Usage (kBtu)"": null, ""Fuel Oil 5 and 6 Emissions (kgCO2e)"": null, ""Propane Usage (kBtu)"": null, ""Propane Emissions (kgCO2e)"": null, ""Diesel Usage (kBtu)"": null, ""Diesel Emissions (kgCO2e)"": null, ""Kerosene Usage (kBtu)"": null, ""Kerosene Emissions (kgCO2e)"": null, ""Water Usage Intensity (Gallons/ft²)"": 3.58, ""Estimated Total GHG Emissions (kgCO2e)"": ""478314.963"", ""Reporting Compliance Status"": null, ""First Emissions Compliance Year (Projected)"": 2025.0, ""Community Choice Electricity Participation"": null, ""Renewable Energy Purchased through a Power Purchase Agreement (PPA)"": null, ""Renewable Energy Certificate (REC) Purchase"": null, ""Backup Generator"": null, ""Battery Storage"": null, ""Electric Vehicle (EV) Charging"": null}",26,101.25378484611949,73.7914921205516,162.709528385606,False,,,,False
C10043,campus_summary,[],Address unavailable,Unavailable,,,College/University,334200.0,334200.0,36659350.8,109.7,109.69285098743266,-0.007149012567339241,1989069.726,1989.069726,1989069.726,0.0,False,5.951734667863555,38.07,3153241.6,Not provided,"250,000 and above",False,[],[],"[""emissions_components_incomplete""]",False,Data Disclosure - Campuses,32,"[{""sheet"": ""Data Disclosure - Campuses"", ""row"": 32}, {""sheet"": ""Data Disclosure"", ""row"": 5520}]","{""Reported Gross Floor Area (Sq Ft)"": ""numeric"", ""Reported Enclosed Parking Area (Sq Ft)"": ""missing"", ""BERDO Emissions Gross Floor Area (Sq Ft)"": ""numeric"", ""Total Site Energy Usage (kBtu)"": ""numeric"", ""Energy Star Score"": ""missing"", ""Site EUI (Energy Use Intensity kBtu/ft²)"": ""numeric"", ""Natural Gas Usage (kBtu)"": ""numeric_text"", ""Natural Gas Emissions (kgCO2e)"": ""numeric_text"", ""Electricity Usage (kWh)"": ""numeric_text"", ""Electricity Emissions (kgCO2e)"": ""numeric_text"", ""Renewable System Electricity Usage Onsite (kBtu)"": ""missing"", ""District Hot Water Usage (kBtu)"": ""missing"", ""District Hot Water Emissions (kgCO2e)"": ""missing"", ""District Chilled Water Usage (kBtu)"": ""missing"", ""District Chilled Water Emissions (kgCO2e)"": ""missing"", ""District Steam Usage (kBtu)"": ""missing"", ""District Steam Emissions (kgCO2e)"": ""missing"", ""Fuel Oil 1 Usage (kBtu)"": ""missing"", ""Fuel Oil 1 Emissions (kgCO2e)"": ""missing"", ""Fuel Oil 2 Usage (kBtu)"": ""missing"", ""Fuel Oil 2 Emissions (kgCO2e)"": ""missing"", ""Fuel Oil 4 Usage (kBtu)"": ""missing"", ""Fuel Oil 4 Emissions (kgCO2e)"": ""missing"", ""Fuel Oil 5 and 6 Usage (kBtu)"": ""missing"", ""Fuel Oil 5 and 6 Emissions (kgCO2e)"": ""missing"", ""Propane Usage (kBtu)"": ""missing"", ""Propane Emissions (kgCO2e)"": ""missing"", ""Diesel Usage (kBtu)"": ""missing"", ""Diesel Emissions (kgCO2e)"": ""missing"", ""Kerosene Usage (kBtu)"": ""missing"", ""Kerosene Emissions (kgCO2e)"": ""missing"", ""Water Usage Intensity (Gallons/ft²)"": ""numeric"", ""Estimated Total GHG Emissions (kgCO2e)"": ""numeric_text""}","{""Campus ID"": ""C10043"", ""BERDO IDs in Campus"": ""105784, 105785, 105786, 105787, 105788, 105790, 105791, 105792, 105793, 105794, 105795, 105796, 107170"", ""Reported Gross Floor Area (Sq Ft)"": 334200.0, ""Reported Enclosed Parking Area (Sq Ft)"": null, ""BERDO Emissions Gross Floor Area (Sq Ft)"": 334200.0, ""Largest Property Type"": ""College/University"", ""All Property Types and GFAs"": null, ""Total Site Energy Usage (kBtu)"": 36659350.8, ""Energy Star Score"": null, ""Site EUI (Energy Use Intensity kBtu/ft²)"": 109.7, ""Natural Gas Usage (kBtu)"": ""25900490.3"", ""Natural Gas Emissions (kgCO2e)"": ""1375575.04"", ""Electricity Usage (kWh)"": ""3153241.6"", ""Electricity Emissions (kgCO2e)"": ""613494.686"", ""Renewable System Electricity Usage Onsite (kBtu)"": null, ""District Hot Water Usage (kBtu)"": null, ""District Hot Water Emissions (kgCO2e)"": null, ""District Chilled Water Usage (kBtu)"": null, ""District Chilled Water Emissions (kgCO2e)"": null, ""District Steam Usage (kBtu)"": null, ""District Steam Emissions (kgCO2e)"": null, ""Fuel Oil 1 Usage (kBtu)"": null, ""Fuel Oil 1 Emissions (kgCO2e)"": null, ""Fuel Oil 2 Usage (kBtu)"": null, ""Fuel Oil 2 Emissions (kgCO2e)"": null, ""Fuel Oil 4 Usage (kBtu)"": null, ""Fuel Oil 4 Emissions (kgCO2e)"": null, ""Fuel Oil 5 and 6 Usage (kBtu)"": null, ""Fuel Oil 5 and 6 Emissions (kgCO2e)"": null, ""Propane Usage (kBtu)"": null, ""Propane Emissions (kgCO2e)"": null, ""Diesel Usage (kBtu)"": null, ""Diesel Emissions (kgCO2e)"": null, ""Kerosene Usage (kBtu)"": null, ""Kerosene Emissions (kgCO2e)"": null, ""Water Usage Intensity (Gallons/ft²)"": 38.07, ""Estimated Total GHG Emissions (kgCO2e)"": ""1989069.726"", ""Reporting Compliance Status"": null, ""First Emissions Compliance Year (Projected)"": 2025.0, ""Community Choice Electricity Participation"": null, ""Renewable Energy Purchased through a Power Purchase Agreement (PPA)"": null, ""Renewable Energy Certificate (REC) Purchase"": null, ""Backup Generator"": null, ""Battery Storage"": null, ""Electric Vehicle (EV) Charging"": null}",14,69.6255100013128,52.29563167705559,91.70594484472991,False,,,,False
C10044,campus_summary,[],Address unavailable,Unavailable,,,Other - Technology/Science,1235314.0,1235314.0,332221721.8,268.9,268.9370652319977,0.037065231997701176,20292585.86,20292.58586,20292585.86,0.0,False,16.42706701292141,42.44,39458818.4,Not provided,"250,000 and above",False,[],[],"[""emissions_components_incomplete""]",False,Data Disclosure - Campuses,33,"[{""sheet"": ""Data Disclosure - Campuses"", ""row"": 33}, {""sheet"": ""Data Disclosure"", ""row"": 5521}]","{""Reported Gross Floor Area (Sq Ft)"": ""numeric"", ""Reported Enclosed Parking Area (Sq Ft)"": ""missing"", ""BERDO Emissions Gross Floor Area (Sq Ft)"": ""numeric"", ""Total Site Energy Usage (kBtu)"": ""numeric"", ""Energy Star Score"": ""missing"", ""Site EUI (Energy Use Intensity kBtu/ft²)"": ""numeric"", ""Natural Gas Usage (kBtu)"": ""numeric_text"", ""Natural Gas Emissions (kgCO2e)"": ""numeric_text"", ""Electricity Usage (kWh)"": ""numeric_text"", ""Electricity Emissions (kgCO2e)"": ""numeric_text"", ""Renewable System Electricity Usage Onsite (kBtu)"": ""missing"", ""District Hot Water Usage (kBtu)"": ""missing"", ""District Hot Water Emissions (kgCO2e)"": ""missing"", ""District Chilled Water Usage (kBtu)"": ""missing"", ""District Chilled Water Emissions (kgCO2e)"": ""missing"", ""District Steam Usage (kBtu)"": ""numeric_text"", ""District Steam Emissions (kgCO2e)"": ""numeric_text"", ""Fuel Oil 1 Usage (kBtu)"": ""missing"", ""Fuel Oil 1 Emissions (kgCO2e)"": ""missing"", ""Fuel Oil 2 Usage (kBtu)"": ""missing"", ""Fuel Oil 2 Emissions (kgCO2e)"": ""missing"", ""Fuel Oil 4 Usage (kBtu)"": ""missing"", ""Fuel Oil 4 Emissions (kgCO2e)"": ""missing"", ""Fuel Oil 5 and 6 Usage (kBtu)"": ""missing"", ""Fuel Oil 5 and 6 Emissions (kgCO2e)"": ""missing"", ""Propane Usage (kBtu)"": ""missing"", ""Propane Emissions (kgCO2e)"": ""missing"", ""Diesel Usage (kBtu)"": ""missing"", ""Diesel Emissions (kgCO2e)"": ""missing"", ""Kerosene Usage (kBtu)"": ""missing"", ""Kerosene Emissions (kgCO2e)"": ""missing"", ""Water Usage Intensity (Gallons/ft²)"": ""numeric"", ""Estimated Total GHG Emissions (kgCO2e)"": ""numeric_text""}","{""Campus ID"": ""C10044"", ""BERDO IDs in Campus"": ""106824, 106825"", ""Reported Gross Floor Area (Sq Ft)"": 1235314.0, ""Reported Enclosed Parking Area (Sq Ft)"": null, ""BERDO Emissions Gross Floor Area (Sq Ft)"": 1235314.0, ""Largest Property Type"": ""Other - Technology/Science"", ""All Property Types and GFAs"": null, ""Total Site Energy Usage (kBtu)"": 332221721.8, ""Energy Star Score"": null, ""Site EUI (Energy Use Intensity kBtu/ft²)"": 268.9, ""Natural Gas Usage (kBtu)"": ""37951884.8"", ""Natural Gas Emissions (kgCO2e)"": ""2015624.602"", ""Electricity Usage (kWh)"": ""39458818.4"", ""Electricity Emissions (kgCO2e)"": ""7677107.708"", ""Renewable System Electricity Usage Onsite (kBtu)"": null, ""District Hot Water Usage (kBtu)"": null, ""District Hot Water Emissions (kgCO2e)"": null, ""District Chilled Water Usage (kBtu)"": null, ""District Chilled Water Emissions (kgCO2e)"": null, ""District Steam Usage (kBtu)"": ""159636348.7"", ""District Steam Emissions (kgCO2e)"": ""10599853.55"", ""Fuel Oil 1 Usage (kBtu)"": null, ""Fuel Oil 1 Emissions (kgCO2e)"": null, ""Fuel Oil 2 Usage (kBtu)"": null, ""Fuel Oil 2 Emissions (kgCO2e)"": null, ""Fuel Oil 4 Usage (kBtu)"": null, ""Fuel Oil 4 Emissions (kgCO2e)"": null, ""Fuel Oil 5 and 6 Usage (kBtu)"": null, ""Fuel Oil 5 and 6 Emissions (kgCO2e)"": null, ""Propane Usage (kBtu)"": null, ""Propane Emissions (kgCO2e)"": null, ""Diesel Usage (kBtu)"": null, ""Diesel Emissions (kgCO2e)"": null, ""Kerosene Usage (kBtu)"": null, ""Kerosene Emissions (kgCO2e)"": null, ""Water Usage Intensity (Gallons/ft²)"": 42.44, ""Estimated Total GHG Emissions (kgCO2e)"": ""20292585.86"", ""Reporting Compliance Status"": null, ""First Emissions Compliance Year (Projected)"": 2025.0, ""Community Choice Electricity Participation"": null, ""Renewable Energy Purchased through a Power Purchase Agreement (PPA)"": null, ""Renewable Energy Certificate (REC) Purchase"": null, ""Backup Generator"": null, ""Battery Storage"": null, ""Electric Vehicle (EV) Charging"": null}",0,,,,False,,,,False
C10045,campus_summary,[],Address unavailable,Unavailable,,,K-12 School,71800.0,71800.0,4701127.6,90.9,65.4753147632312,-25.42468523676881,317978.945,317.978945,317978.945,0.0,False,4.428676114206128,6.2,892503.4,Not provided,"50,000–99,999",False,"[""eui_difference_gt_0.11""]",[],"[""eui_difference_gt_0.11"", ""emissions_components_incomplete""]",True,Data Disclosure - Campuses,34,"[{""sheet"": ""Data Disclosure - Campuses"", ""row"": 34}, {""sheet"": ""Data Disclosure"", ""row"": 5522}]","{""Reported Gross Floor Area (Sq Ft)"": ""numeric"", ""Reported Enclosed Parking Area (Sq Ft)"": ""missing"", ""BERDO Emissions Gross Floor Area (Sq Ft)"": ""numeric"", ""Total Site Energy Usage (kBtu)"": ""numeric"", ""Energy Star Score"": ""numeric"", ""Site EUI (Energy Use Intensity kBtu/ft²)"": ""numeric"", ""Natural Gas Usage (kBtu)"": ""numeric_text"", ""Natural Gas Emissions (kgCO2e)"": ""numeric_text"", ""Electricity Usage (kWh)"": ""numeric_text"", ""Electricity Emissions (kgCO2e)"": ""numeric_text"", ""Renewable System Electricity Usage Onsite (kBtu)"": ""missing"", ""District Hot Water Usage (kBtu)"": ""missing"", ""District Hot Water Emissions (kgCO2e)"": ""missing"", ""District Chilled Water Usage (kBtu)"": ""missing"", ""District Chilled Water Emissions (kgCO2e)"": ""missing"", ""District Steam Usage (kBtu)"": ""missing"", ""District Steam Emissions (kgCO2e)"": ""missing"", ""Fuel Oil 1 Usage (kBtu)"": ""missing"", ""Fuel Oil 1 Emissions (kgCO2e)"": ""missing"", ""Fuel Oil 2 Usage (kBtu)"": ""missing"", ""Fuel Oil 2 Emissions (kgCO2e)"": ""missing"", ""Fuel Oil 4 Usage (kBtu)"": ""missing"", ""Fuel Oil 4 Emissions (kgCO2e)"": ""missing"", ""Fuel Oil 5 and 6 Usage (kBtu)"": ""missing"", ""Fuel Oil 5 and 6 Emissions (kgCO2e)"": ""missing"", ""Propane Usage (kBtu)"": ""missing"", ""Propane Emissions (kgCO2e)"": ""missing"", ""Diesel Usage (kBtu)"": ""missing"", ""Diesel Emissions (kgCO2e)"": ""missing"", ""Kerosene Usage (kBtu)"": ""missing"", ""Kerosene Emissions (kgCO2e)"": ""missing"", ""Water Usage Intensity (Gallons/ft²)"": ""numeric"", ""Estimated Total GHG Emissions (kgCO2e)"": ""numeric_text""}","{""Campus ID"": ""C10045"", ""BERDO IDs in Campus"": ""106851, 106852, 104328"", ""Reported Gross Floor Area (Sq Ft)"": 71800.0, ""Reported Enclosed Parking Area (Sq Ft)"": null, ""BERDO Emissions Gross Floor Area (Sq Ft)"": 71800.0, ""Largest Property Type"": ""K-12 School"", ""All Property Types and GFAs"": null, ""Total Site Energy Usage (kBtu)"": 4701127.6, ""Energy Star Score"": 11.0, ""Site EUI (Energy Use Intensity kBtu/ft²)"": 90.9, ""Natural Gas Usage (kBtu)"": ""2717632.9"", ""Natural Gas Emissions (kgCO2e)"": ""144333.483"", ""Electricity Usage (kWh)"": ""892503.4"", ""Electricity Emissions (kgCO2e)"": ""173645.462"", ""Renewable System Electricity Usage Onsite (kBtu)"": null, ""District Hot Water Usage (kBtu)"": null, ""District Hot Water Emissions (kgCO2e)"": null, ""District Chilled Water Usage (kBtu)"": null, ""District Chilled Water Emissions (kgCO2e)"": null, ""District Steam Usage (kBtu)"": null, ""District Steam Emissions (kgCO2e)"": null, ""Fuel Oil 1 Usage (kBtu)"": null, ""Fuel Oil 1 Emissions (kgCO2e)"": null, ""Fuel Oil 2 Usage (kBtu)"": null, ""Fuel Oil 2 Emissions (kgCO2e)"": null, ""Fuel Oil 4 Usage (kBtu)"": null, ""Fuel Oil 4 Emissions (kgCO2e)"": null, ""Fuel Oil 5 and 6 Usage (kBtu)"": null, ""Fuel Oil 5 and 6 Emissions (kgCO2e)"": null, ""Propane Usage (kBtu)"": null, ""Propane Emissions (kgCO2e)"": null, ""Diesel Usage (kBtu)"": null, ""Diesel Emissions (kgCO2e)"": null, ""Kerosene Usage (kBtu)"": null, ""Kerosene Emissions (kgCO2e)"": null, ""Water Usage Intensity (Gallons/ft²)"": 6.2, ""Estimated Total GHG Emissions (kgCO2e)"": ""317978.945"", ""Reporting Compliance Status"": null, ""First Emissions Compliance Year (Projected)"": 2025.0, ""Community Choice Electricity Participation"": null, ""Renewable Energy Purchased through a Power Purchase Agreement (PPA)"": null, ""Renewable Energy Certificate (REC) Purchase"": null, ""Backup Generator"": null, ""Battery Storage"": null, ""Electric Vehicle (EV) Charging"": null}",28,57.81204843695261,47.19178933246446,73.74930166856637,False,,,,False
C10046,campus_summary,[],Address unavailable,Unavailable,,,Other - Recreation,40434.0,40434.0,963747.9,23.8,23.83508680813177,0.03508680813176923,58342.179,58.342178999999994,58342.179,0.0,False,1.4428990206262056,42.61,224702.2,Not provided,"25,000–49,999",False,[],[],"[""emissions_components_incomplete""]",False,Data Disclosure - Campuses,35,"[{""sheet"": ""Data Disclosure - Campuses"", ""row"": 35}, {""sheet"": ""Data Disclosure"", ""row"": 5523}]","{""Reported Gross Floor Area (Sq Ft)"": ""numeric"", ""Reported Enclosed Parking Area (Sq Ft)"": ""missing"", ""BERDO Emissions Gross Floor Area (Sq Ft)"": ""numeric"", ""Total Site Energy Usage (kBtu)"": ""numeric"", ""Energy Star Score"": ""missing"", ""Site EUI (Energy Use Intensity kBtu/ft²)"": ""numeric"", ""Natural Gas Usage (kBtu)"": ""missing"", ""Natural Gas Emissions (kgCO2e)"": ""missing"", ""Electricity Usage (kWh)"": ""numeric_text"", ""Electricity Emissions (kgCO2e)"": ""numeric_text"", ""Renewable System Electricity Usage Onsite (kBtu)"": ""missing"", ""District Hot Water Usage (kBtu)"": ""missing"", ""District Hot Water Emissions (kgCO2e)"": ""missing"", ""District Chilled Water Usage (kBtu)"": ""missing"", ""District Chilled Water Emissions (kgCO2e)"": ""missing"", ""District Steam Usage (kBtu)"": ""missing"", ""District Steam Emissions (kgCO2e)"": ""missing"", ""Fuel Oil 1 Usage (kBtu)"": ""missing"", ""Fuel Oil 1 Emissions (kgCO2e)"": ""missing"", ""Fuel Oil 2 Usage (kBtu)"": ""numeric_text"", ""Fuel Oil 2 Emissions (kgCO2e)"": ""numeric_text"", ""Fuel Oil 4 Usage (kBtu)"": ""missing"", ""Fuel Oil 4 Emissions (kgCO2e)"": ""missing"", ""Fuel Oil 5 and 6 Usage (kBtu)"": ""missing"", ""Fuel Oil 5 and 6 Emissions (kgCO2e)"": ""missing"", ""Propane Usage (kBtu)"": ""missing"", ""Propane Emissions (kgCO2e)"": ""missing"", ""Diesel Usage (kBtu)"": ""missing"", ""Diesel Emissions (kgCO2e)"": ""missing"", ""Kerosene Usage (kBtu)"": ""missing"", ""Kerosene Emissions (kgCO2e)"": ""missing"", ""Water Usage Intensity (Gallons/ft²)"": ""numeric"", ""Estimated Total GHG Emissions (kgCO2e)"": ""numeric_text""}","{""Campus ID"": ""C10046"", ""BERDO IDs in Campus"": ""106884, 107255"", ""Reported Gross Floor Area (Sq Ft)"": 40434.0, ""Reported Enclosed Parking Area (Sq Ft)"": null, ""BERDO Emissions Gross Floor Area (Sq Ft)"": 40434.0, ""Largest Property Type"": ""Other - Recreation"", ""All Property Types and GFAs"": null, ""Total Site Energy Usage (kBtu)"": 963747.9, ""Energy Star Score"": null, ""Site EUI (Energy Use Intensity kBtu/ft²)"": 23.8, ""Natural Gas Usage (kBtu)"": null, ""Natural Gas Emissions (kgCO2e)"": null, ""Electricity Usage (kWh)"": ""224702.2"", ""Electricity Emissions (kgCO2e)"": ""43718.06"", ""Renewable System Electricity Usage Onsite (kBtu)"": null, ""District Hot Water Usage (kBtu)"": null, ""District Hot Water Emissions (kgCO2e)"": null, ""District Chilled Water Usage (kBtu)"": null, ""District Chilled Water Emissions (kgCO2e)"": null, ""District Steam Usage (kBtu)"": null, ""District Steam Emissions (kgCO2e)"": null, ""Fuel Oil 1 Usage (kBtu)"": null, ""Fuel Oil 1 Emissions (kgCO2e)"": null, ""Fuel Oil 2 Usage (kBtu)"": ""197064"", ""Fuel Oil 2 Emissions (kgCO2e)"": ""14624.119"", ""Fuel Oil 4 Usage (kBtu)"": null, ""Fuel Oil 4 Emissions (kgCO2e)"": null, ""Fuel Oil 5 and 6 Usage (kBtu)"": null, ""Fuel Oil 5 and 6 Emissions (kgCO2e)"": null, ""Propane Usage (kBtu)"": null, ""Propane Emissions (kgCO2e)"": null, ""Diesel Usage (kBtu)"": null, ""Diesel Emissions (kgCO2e)"": null, ""Kerosene Usage (kBtu)"": null, ""Kerosene Emissions (kgCO2e)"": null, ""Water Usage Intensity (Gallons/ft²)"": 42.61, ""Estimated Total GHG Emissions (kgCO2e)"": ""58342.179"", ""Reporting Compliance Status"": null, ""First Emissions Compliance Year (Projected)"": 2025.0, ""Community Choice Electricity Participation"": null, ""Renewable Energy Purchased through a Power Purchase Agreement (PPA)"": null, ""Renewable Energy Certificate (REC) Purchase"": null, ""Backup Generator"": null, ""Battery Storage"": null, ""Electric Vehicle (EV) Charging"": null}",12,86.56063009080142,57.99737035714286,102.41441652095057,False,,,,False
C10047,campus_summary,[],Address unavailable,Unavailable,,,Self-Storage Facility,6562.0,6562.0,518805.4,79.1,79.06208473026517,-0.03791526973482462,28109.827,28.109827000000003,28109.826999999997,3.637978807091713e-12,False,4.283728588844864,38.65,41657.5,Not provided,"Under 25,000",False,[],[],"[""emissions_components_incomplete""]",False,Data Disclosure - Campuses,36,"[{""sheet"": ""Data Disclosure - Campuses"", ""row"": 36}, {""sheet"": ""Data Disclosure"", ""row"": 5524}]","{""Reported Gross Floor Area (Sq Ft)"": ""numeric"", ""Reported Enclosed Parking Area (Sq Ft)"": ""missing"", ""BERDO Emissions Gross Floor Area (Sq Ft)"": ""numeric"", ""Total Site Energy Usage (kBtu)"": ""numeric"", ""Energy Star Score"": ""missing"", ""Site EUI (Energy Use Intensity kBtu/ft²)"": ""numeric"", ""Natural Gas Usage (kBtu)"": ""numeric_text"", ""Natural Gas Emissions (kgCO2e)"": ""numeric_text"", ""Electricity Usage (kWh)"": ""numeric_text"", ""Electricity Emissions (kgCO2e)"": ""numeric_text"", ""Renewable System Electricity Usage Onsite (kBtu)"": ""missing"", ""District Hot Water Usage (kBtu)"": ""missing"", ""District Hot Water Emissions (kgCO2e)"": ""missing"", ""District Chilled Water Usage (kBtu)"": ""missing"", ""District Chilled Water Emissions (kgCO2e)"": ""missing"", ""District Steam Usage (kBtu)"": ""missing"", ""District Steam Emissions (kgCO2e)"": ""missing"", ""Fuel Oil 1 Usage (kBtu)"": ""missing"", ""Fuel Oil 1 Emissions (kgCO2e)"": ""missing"", ""Fuel Oil 2 Usage (kBtu)"": ""missing"", ""Fuel Oil 2 Emissions (kgCO2e)"": ""missing"", ""Fuel Oil 4 Usage (kBtu)"": ""missing"", ""Fuel Oil 4 Emissions (kgCO2e)"": ""missing"", ""Fuel Oil 5 and 6 Usage (kBtu)"": ""missing"", ""Fuel Oil 5 and 6 Emissions (kgCO2e)"": ""missing"", ""Propane Usage (kBtu)"": ""missing"", ""Propane Emissions (kgCO2e)"": ""missing"", ""Diesel Usage (kBtu)"": ""missing"", ""Diesel Emissions (kgCO2e)"": ""missing"", ""Kerosene Usage (kBtu)"": ""missing"", ""Kerosene Emissions (kgCO2e)"": ""missing"", ""Water Usage Intensity (Gallons/ft²)"": ""numeric"", ""Estimated Total GHG Emissions (kgCO2e)"": ""numeric_text""}","{""Campus ID"": ""C10047"", ""BERDO IDs in Campus"": ""107019, 107020"", ""Reported Gross Floor Area (Sq Ft)"": 6562.0, ""Reported Enclosed Parking Area (Sq Ft)"": null, ""BERDO Emissions Gross Floor Area (Sq Ft)"": 6562.0, ""Largest Property Type"": ""Self-Storage Facility"", ""All Property Types and GFAs"": null, ""Total Site Energy Usage (kBtu)"": 518805.4, ""Energy Star Score"": null, ""Site EUI (Energy Use Intensity kBtu/ft²)"": 79.1, ""Natural Gas Usage (kBtu)"": ""376670"", ""Natural Gas Emissions (kgCO2e)"": ""20004.944"", ""Electricity Usage (kWh)"": ""41657.5"", ""Electricity Emissions (kgCO2e)"": ""8104.883"", ""Renewable System Electricity Usage Onsite (kBtu)"": null, ""District Hot Water Usage (kBtu)"": null, ""District Hot Water Emissions (kgCO2e)"": null, ""District Chilled Water Usage (kBtu)"": null, ""District Chilled Water Emissions (kgCO2e)"": null, ""District Steam Usage (kBtu)"": null, ""District Steam Emissions (kgCO2e)"": null, ""Fuel Oil 1 Usage (kBtu)"": null, ""Fuel Oil 1 Emissions (kgCO2e)"": null, ""Fuel Oil 2 Usage (kBtu)"": null, ""Fuel Oil 2 Emissions (kgCO2e)"": null, ""Fuel Oil 4 Usage (kBtu)"": null, ""Fuel Oil 4 Emissions (kgCO2e)"": null, ""Fuel Oil 5 and 6 Usage (kBtu)"": null, ""Fuel Oil 5 and 6 Emissions (kgCO2e)"": null, ""Propane Usage (kBtu)"": null, ""Propane Emissions (kgCO2e)"": null, ""Diesel Usage (kBtu)"": null, ""Diesel Emissions (kgCO2e)"": null, ""Kerosene Usage (kBtu)"": null, ""Kerosene Emissions (kgCO2e)"": null, ""Water Usage Intensity (Gallons/ft²)"": 38.65, ""Estimated Total GHG Emissions (kgCO2e)"": ""28109.827"", ""Reporting Compliance Status"": null, ""First Emissions Compliance Year (Projected)"": 2025.0, ""Community Choice Electricity Participation"": null, ""Renewable Energy Purchased through a Power Purchase Agreement (PPA)"": null, ""Renewable Energy Certificate (REC) Purchase"": null, ""Backup Generator"": null, ""Battery Storage"": null, ""Electric Vehicle (EV) Charging"": null}",5,43.82955555555556,34.70585416666667,88.58916666666667,False,,,,False
C10049,campus_summary,[],Address unavailable,Unavailable,,,Vehicle Repair Services,95581.0,95581.0,10743817.4,112.4,112.40536717548467,0.005367175484664699,625924.832,625.924832,625924.832,0.0,False,6.5486323850974575,,561061.0,Not provided,"50,000–99,999",False,[],[],"[""emissions_components_incomplete""]",False,Data Disclosure - Campuses,37,"[{""sheet"": ""Data Disclosure - Campuses"", ""row"": 37}, {""sheet"": ""Data Disclosure"", ""row"": 5525}]","{""Reported Gross Floor Area (Sq Ft)"": ""numeric"", ""Reported Enclosed Parking Area (Sq Ft)"": ""missing"", ""BERDO Emissions Gross Floor Area (Sq Ft)"": ""numeric"", ""Total Site Energy Usage (kBtu)"": ""numeric"", ""Energy Star Score"": ""missing"", ""Site EUI (Energy Use Intensity kBtu/ft²)"": ""numeric"", ""Natural Gas Usage (kBtu)"": ""numeric_text"", ""Natural Gas Emissions (kgCO2e)"": ""numeric_text"", ""Electricity Usage (kWh)"": ""numeric_text"", ""Electricity Emissions (kgCO2e)"": ""numeric_text"", ""Renewable System Electricity Usage Onsite (kBtu)"": ""missing"", ""District Hot Water Usage (kBtu)"": ""missing"", ""District Hot Water Emissions (kgCO2e)"": ""missing"", ""District Chilled Water Usage (kBtu)"": ""missing"", ""District Chilled Water Emissions (kgCO2e)"": ""missing"", ""District Steam Usage (kBtu)"": ""missing"", ""District Steam Emissions (kgCO2e)"": ""missing"", ""Fuel Oil 1 Usage (kBtu)"": ""missing"", ""Fuel Oil 1 Emissions (kgCO2e)"": ""missing"", ""Fuel Oil 2 Usage (kBtu)"": ""numeric_text"", ""Fuel Oil 2 Emissions (kgCO2e)"": ""numeric_text"", ""Fuel Oil 4 Usage (kBtu)"": ""missing"", ""Fuel Oil 4 Emissions (kgCO2e)"": ""missing"", ""Fuel Oil 5 and 6 Usage (kBtu)"": ""missing"", ""Fuel Oil 5 and 6 Emissions (kgCO2e)"": ""missing"", ""Propane Usage (kBtu)"": ""missing"", ""Propane Emissions (kgCO2e)"": ""missing"", ""Diesel Usage (kBtu)"": ""missing"", ""Diesel Emissions (kgCO2e)"": ""missing"", ""Kerosene Usage (kBtu)"": ""missing"", ""Kerosene Emissions (kgCO2e)"": ""missing"", ""Water Usage Intensity (Gallons/ft²)"": ""missing"", ""Estimated Total GHG Emissions (kgCO2e)"": ""numeric_text""}","{""Campus ID"": ""C10049"", ""BERDO IDs in Campus"": ""107183, 107185, 107186, 107187, 107188, 107191, 107192, 107193, 107194, 107195, 107196, 107197"", ""Reported Gross Floor Area (Sq Ft)"": 95581.0, ""Reported Enclosed Parking Area (Sq Ft)"": null, ""BERDO Emissions Gross Floor Area (Sq Ft)"": 95581.0, ""Largest Property Type"": ""Vehicle Repair Services"", ""All Property Types and GFAs"": null, ""Total Site Energy Usage (kBtu)"": 10743817.4, ""Energy Star Score"": null, ""Site EUI (Energy Use Intensity kBtu/ft²)"": 112.4, ""Natural Gas Usage (kBtu)"": ""6562592.7"", ""Natural Gas Emissions (kgCO2e)"": ""348539.298"", ""Electricity Usage (kWh)"": ""561061"", ""Electricity Emissions (kgCO2e)"": ""109160.028"", ""Renewable System Electricity Usage Onsite (kBtu)"": null, ""District Hot Water Usage (kBtu)"": null, ""District Hot Water Emissions (kgCO2e)"": null, ""District Chilled Water Usage (kBtu)"": null, ""District Chilled Water Emissions (kgCO2e)"": null, ""District Steam Usage (kBtu)"": null, ""District Steam Emissions (kgCO2e)"": null, ""Fuel Oil 1 Usage (kBtu)"": null, ""Fuel Oil 1 Emissions (kgCO2e)"": null, ""Fuel Oil 2 Usage (kBtu)"": ""2266884.6"", ""Fuel Oil 2 Emissions (kgCO2e)"": ""168225.506"", ""Fuel Oil 4 Usage (kBtu)"": null, ""Fuel Oil 4 Emissions (kgCO2e)"": null, ""Fuel Oil 5 and 6 Usage (kBtu)"": null, ""Fuel Oil 5 and 6 Emissions (kgCO2e)"": null, ""Propane Usage (kBtu)"": null, ""Propane Emissions (kgCO2e)"": null, ""Diesel Usage (kBtu)"": null, ""Diesel Emissions (kgCO2e)"": null, ""Kerosene Usage (kBtu)"": null, ""Kerosene Emissions (kgCO2e)"": null, ""Water Usage Intensity (Gallons/ft²)"": null, ""Estimated Total GHG Emissions (kgCO2e)"": ""625924.832"", ""Reporting Compliance Status"": null, ""First Emissions Compliance Year (Projected)"": 2025.0, ""Community Choice Electricity Participation"": null, ""Renewable Energy Purchased through a Power Purchase Agreement (PPA)"": null, ""Renewable Energy Certificate (REC) Purchase"": null, ""Backup Generator"": null, ""Battery Storage"": null, ""Electric Vehicle (EV) Charging"": null}",1,151.93346135537476,151.93346135537476,151.93346135537476,False,,,,False
C10050,campus_summary,[],Address unavailable,Unavailable,,,Office,8000.0,8000.0,1275741.6,159.5,159.4677,-0.032299999999992224,69026.766,69.02676600000001,69026.766,0.0,False,8.628345750000001,,95300.0,Not provided,"Under 25,000",False,[],[],"[""emissions_components_incomplete""]",False,Data Disclosure - Campuses,38,"[{""sheet"": ""Data Disclosure - Campuses"", ""row"": 38}, {""sheet"": ""Data Disclosure"", ""row"": 5526}]","{""Reported Gross Floor Area (Sq Ft)"": ""numeric"", ""Reported Enclosed Parking Area (Sq Ft)"": ""missing"", ""BERDO Emissions Gross Floor Area (Sq Ft)"": ""numeric"", ""Total Site Energy Usage (kBtu)"": ""numeric"", ""Energy Star Score"": ""missing"", ""Site EUI (Energy Use Intensity kBtu/ft²)"": ""numeric"", ""Natural Gas Usage (kBtu)"": ""numeric_text"", ""Natural Gas Emissions (kgCO2e)"": ""numeric_text"", ""Electricity Usage (kWh)"": ""numeric_text"", ""Electricity Emissions (kgCO2e)"": ""numeric_text"", ""Renewable System Electricity Usage Onsite (kBtu)"": ""missing"", ""District Hot Water Usage (kBtu)"": ""missing"", ""District Hot Water Emissions (kgCO2e)"": ""missing"", ""District Chilled Water Usage (kBtu)"": ""missing"", ""District Chilled Water Emissions (kgCO2e)"": ""missing"", ""District Steam Usage (kBtu)"": ""missing"", ""District Steam Emissions (kgCO2e)"": ""missing"", ""Fuel Oil 1 Usage (kBtu)"": ""missing"", ""Fuel Oil 1 Emissions (kgCO2e)"": ""missing"", ""Fuel Oil 2 Usage (kBtu)"": ""missing"", ""Fuel Oil 2 Emissions (kgCO2e)"": ""missing"", ""Fuel Oil 4 Usage (kBtu)"": ""missing"", ""Fuel Oil 4 Emissions (kgCO2e)"": ""missing"", ""Fuel Oil 5 and 6 Usage (kBtu)"": ""missing"", ""Fuel Oil 5 and 6 Emissions (kgCO2e)"": ""missing"", ""Propane Usage (kBtu)"": ""missing"", ""Propane Emissions (kgCO2e)"": ""missing"", ""Diesel Usage (kBtu)"": ""missing"", ""Diesel Emissions (kgCO2e)"": ""missing"", ""Kerosene Usage (kBtu)"": ""missing"", ""Kerosene Emissions (kgCO2e)"": ""missing"", ""Water Usage Intensity (Gallons/ft²)"": ""missing"", ""Estimated Total GHG Emissions (kgCO2e)"": ""numeric_text""}","{""Campus ID"": ""C10050"", ""BERDO IDs in Campus"": ""107189, 107190"", ""Reported Gross Floor Area (Sq Ft)"": 8000.0, ""Reported Enclosed Parking Area (Sq Ft)"": null, ""BERDO Emissions Gross Floor Area (Sq Ft)"": 8000.0, ""Largest Property Type"": ""Office"", ""All Property Types and GFAs"": null, ""Total Site Energy Usage (kBtu)"": 1275741.6, ""Energy Star Score"": null, ""Site EUI (Energy Use Intensity kBtu/ft²)"": 159.5, ""Natural Gas Usage (kBtu)"": ""950578"", ""Natural Gas Emissions (kgCO2e)"": ""50485.198"", ""Electricity Usage (kWh)"": ""95300"", ""Electricity Emissions (kgCO2e)"": ""18541.568"", ""Renewable System Electricity Usage Onsite (kBtu)"": null, ""District Hot Water Usage (kBtu)"": null, ""District Hot Water Emissions (kgCO2e)"": null, ""District Chilled Water Usage (kBtu)"": null, ""District Chilled Water Emissions (kgCO2e)"": null, ""District Steam Usage (kBtu)"": null, ""District Steam Emissions (kgCO2e)"": null, ""Fuel Oil 1 Usage (kBtu)"": null, ""Fuel Oil 1 Emissions (kgCO2e)"": null, ""Fuel Oil 2 Usage (kBtu)"": null, ""Fuel Oil 2 Emissions (kgCO2e)"": null, ""Fuel Oil 4 Usage (kBtu)"": null, ""Fuel Oil 4 Emissions (kgCO2e)"": null, ""Fuel Oil 5 and 6 Usage (kBtu)"": null, ""Fuel Oil 5 and 6 Emissions (kgCO2e)"": null, ""Propane Usage (kBtu)"": null, ""Propane Emissions (kgCO2e)"": null, ""Diesel Usage (kBtu)"": null, ""Diesel Emissions (kgCO2e)"": null, ""Kerosene Usage (kBtu)"": null, ""Kerosene Emissions (kgCO2e)"": null, ""Water Usage Intensity (Gallons/ft²)"": null, ""Estimated Total GHG Emissions (kgCO2e)"": ""69026.766"", ""Reporting Compliance Status"": null, ""First Emissions Compliance Year (Projected)"": 2025.0, ""Community Choice Electricity Participation"": null, ""Renewable Energy Purchased through a Power Purchase Agreement (PPA)"": null, ""Renewable Energy Certificate (REC) Purchase"": null, ""Backup Generator"": null, ""Battery Storage"": null, ""Electric Vehicle (EV) Charging"": null}",62,55.67167888198758,33.29967520709222,75.9463410282258,False,,,,False
C10051,campus_summary,[],Address unavailable,Unavailable,,,Other - Public Services,35515.0,35515.0,1686793.7,47.5,47.49524707869914,-0.004752921300863022,107183.657,107.18365700000001,107183.657,0.0,False,3.017982739687456,,304184.5,Not provided,"25,000–49,999",False,[],[],"[""emissions_components_incomplete"", ""campus_member_record_missing""]",True,Data Disclosure - Campuses,39,"[{""sheet"": ""Data Disclosure - Campuses"", ""row"": 39}, {""sheet"": ""Data Disclosure"", ""row"": 5527}]","{""Reported Gross Floor Area (Sq Ft)"": ""numeric"", ""Reported Enclosed Parking Area (Sq Ft)"": ""missing"", ""BERDO Emissions Gross Floor Area (Sq Ft)"": ""numeric"", ""Total Site Energy Usage (kBtu)"": ""numeric"", ""Energy Star Score"": ""missing"", ""Site EUI (Energy Use Intensity kBtu/ft²)"": ""numeric"", ""Natural Gas Usage (kBtu)"": ""missing"", ""Natural Gas Emissions (kgCO2e)"": ""missing"", ""Electricity Usage (kWh)"": ""numeric_text"", ""Electricity Emissions (kgCO2e)"": ""numeric_text"", ""Renewable System Electricity Usage Onsite (kBtu)"": ""missing"", ""District Hot Water Usage (kBtu)"": ""missing"", ""District Hot Water Emissions (kgCO2e)"": ""missing"", ""District Chilled Water Usage (kBtu)"": ""missing"", ""District Chilled Water Emissions (kgCO2e)"": ""missing"", ""District Steam Usage (kBtu)"": ""missing"", ""District Steam Emissions (kgCO2e)"": ""missing"", ""Fuel Oil 1 Usage (kBtu)"": ""missing"", ""Fuel Oil 1 Emissions (kgCO2e)"": ""missing"", ""Fuel Oil 2 Usage (kBtu)"": ""numeric_text"", ""Fuel Oil 2 Emissions (kgCO2e)"": ""numeric_text"", ""Fuel Oil 4 Usage (kBtu)"": ""missing"", ""Fuel Oil 4 Emissions (kgCO2e)"": ""missing"", ""Fuel Oil 5 and 6 Usage (kBtu)"": ""missing"", ""Fuel Oil 5 and 6 Emissions (kgCO2e)"": ""missing"", ""Propane Usage (kBtu)"": ""missing"", ""Propane Emissions (kgCO2e)"": ""missing"", ""Diesel Usage (kBtu)"": ""missing"", ""Diesel Emissions (kgCO2e)"": ""missing"", ""Kerosene Usage (kBtu)"": ""missing"", ""Kerosene Emissions (kgCO2e)"": ""missing"", ""Water Usage Intensity (Gallons/ft²)"": ""missing"", ""Estimated Total GHG Emissions (kgCO2e)"": ""numeric_text""}","{""Campus ID"": ""C10051"", ""BERDO IDs in Campus"": ""107216, 107217, 107219, 107220, 107221, 107222, 107223, 107224, 107225, 107228, 107229, 107230, 107247, 108042, 108043, 108044, 108045"", ""Reported Gross Floor Area (Sq Ft)"": 35515.0, ""Reported Enclosed Parking Area (Sq Ft)"": null, ""BERDO Emissions Gross Floor Area (Sq Ft)"": 35515.0, ""Largest Property Type"": ""Other - Public Services"", ""All Property Types and GFAs"": null, ""Total Site Energy Usage (kBtu)"": 1686793.7, ""Energy Star Score"": null, ""Site EUI (Energy Use Intensity kBtu/ft²)"": 47.5, ""Natural Gas Usage (kBtu)"": null, ""Natural Gas Emissions (kgCO2e)"": null, ""Electricity Usage (kWh)"": ""304184.5"", ""Electricity Emissions (kgCO2e)"": ""59182.136"", ""Renewable System Electricity Usage Onsite (kBtu)"": null, ""District Hot Water Usage (kBtu)"": null, ""District Hot Water Emissions (kgCO2e)"": null, ""District Chilled Water Usage (kBtu)"": null, ""District Chilled Water Emissions (kgCO2e)"": null, ""District Steam Usage (kBtu)"": null, ""District Steam Emissions (kgCO2e)"": null, ""Fuel Oil 1 Usage (kBtu)"": null, ""Fuel Oil 1 Emissions (kgCO2e)"": null, ""Fuel Oil 2 Usage (kBtu)"": ""646833.6"", ""Fuel Oil 2 Emissions (kgCO2e)"": ""48001.521"", ""Fuel Oil 4 Usage (kBtu)"": null, ""Fuel Oil 4 Emissions (kgCO2e)"": null, ""Fuel Oil 5 and 6 Usage (kBtu)"": null, ""Fuel Oil 5 and 6 Emissions (kgCO2e)"": null, ""Propane Usage (kBtu)"": null, ""Propane Emissions (kgCO2e)"": null, ""Diesel Usage (kBtu)"": null, ""Diesel Emissions (kgCO2e)"": null, ""Kerosene Usage (kBtu)"": null, ""Kerosene Emissions (kgCO2e)"": null, ""Water Usage Intensity (Gallons/ft²)"": null, ""Estimated Total GHG Emissions (kgCO2e)"": ""107183.657"", ""Reporting Compliance Status"": null, ""First Emissions Compliance Year (Projected)"": 2025.0, ""Community Choice Electricity Participation"": null, ""Renewable Energy Purchased through a Power Purchase Agreement (PPA)"": null, ""Renewable Energy Certificate (REC) Purchase"": null, ""Backup Generator"": null, ""Battery Storage"": null, ""Electric Vehicle (EV) Charging"": null}",2,64.93034855976197,40.26734719845372,89.59334992107021,False,,,,False
C10053,campus_summary,[],Address unavailable,Unavailable,,,Multifamily Housing,813856.0,813856.0,36368057.1,44.7,44.68610798470491,-0.013892015295091653,1984630.17,1984.63017,1984630.17,0.0,False,2.4385519919985845,18.13,3979618.1,Not provided,"250,000 and above",False,[],[],"[""emissions_components_incomplete""]",False,Data Disclosure - Campuses,40,"[{""sheet"": ""Data Disclosure - Campuses"", ""row"": 40}, {""sheet"": ""Data Disclosure"", ""row"": 5528}]","{""Reported Gross Floor Area (Sq Ft)"": ""numeric"", ""Reported Enclosed Parking Area (Sq Ft)"": ""missing"", ""BERDO Emissions Gross Floor Area (Sq Ft)"": ""numeric"", ""Total Site Energy Usage (kBtu)"": ""numeric"", ""Energy Star Score"": ""numeric"", ""Site EUI (Energy Use Intensity kBtu/ft²)"": ""numeric"", ""Natural Gas Usage (kBtu)"": ""numeric_text"", ""Natural Gas Emissions (kgCO2e)"": ""numeric_text"", ""Electricity Usage (kWh)"": ""numeric_text"", ""Electricity Emissions (kgCO2e)"": ""numeric_text"", ""Renewable System Electricity Usage Onsite (kBtu)"": ""missing"", ""District Hot Water Usage (kBtu)"": ""missing"", ""District Hot Water Emissions (kgCO2e)"": ""missing"", ""District Chilled Water Usage (kBtu)"": ""missing"", ""District Chilled Water Emissions (kgCO2e)"": ""missing"", ""District Steam Usage (kBtu)"": ""missing"", ""District Steam Emissions (kgCO2e)"": ""missing"", ""Fuel Oil 1 Usage (kBtu)"": ""missing"", ""Fuel Oil 1 Emissions (kgCO2e)"": ""missing"", ""Fuel Oil 2 Usage (kBtu)"": ""missing"", ""Fuel Oil 2 Emissions (kgCO2e)"": ""missing"", ""Fuel Oil 4 Usage (kBtu)"": ""missing"", ""Fuel Oil 4 Emissions (kgCO2e)"": ""missing"", ""Fuel Oil 5 and 6 Usage (kBtu)"": ""missing"", ""Fuel Oil 5 and 6 Emissions (kgCO2e)"": ""missing"", ""Propane Usage (kBtu)"": ""missing"", ""Propane Emissions (kgCO2e)"": ""missing"", ""Diesel Usage (kBtu)"": ""missing"", ""Diesel Emissions (kgCO2e)"": ""missing"", ""Kerosene Usage (kBtu)"": ""missing"", ""Kerosene Emissions (kgCO2e)"": ""missing"", ""Water Usage Intensity (Gallons/ft²)"": ""numeric"", ""Estimated Total GHG Emissions (kgCO2e)"": ""numeric_text""}","{""Campus ID"": ""C10053"", ""BERDO IDs in Campus"": ""103469, 103468"", ""Reported Gross Floor Area (Sq Ft)"": 813856.0, ""Reported Enclosed Parking Area (Sq Ft)"": null, ""BERDO Emissions Gross Floor Area (Sq Ft)"": 813856.0, ""Largest Property Type"": ""Multifamily Housing"", ""All Property Types and GFAs"": null, ""Total Site Energy Usage (kBtu)"": 36368057.1, ""Energy Star Score"": 88.0, ""Site EUI (Energy Use Intensity kBtu/ft²)"": 44.7, ""Natural Gas Usage (kBtu)"": ""22789600.3"", ""Natural Gas Emissions (kgCO2e)"": ""1210355.672"", ""Electricity Usage (kWh)"": ""3979618.1"", ""Electricity Emissions (kgCO2e)"": ""774274.498"", ""Renewable System Electricity Usage Onsite (kBtu)"": null, ""District Hot Water Usage (kBtu)"": null, ""District Hot Water Emissions (kgCO2e)"": null, ""District Chilled Water Usage (kBtu)"": null, ""District Chilled Water Emissions (kgCO2e)"": null, ""District Steam Usage (kBtu)"": null, ""District Steam Emissions (kgCO2e)"": null, ""Fuel Oil 1 Usage (kBtu)"": null, ""Fuel Oil 1 Emissions (kgCO2e)"": null, ""Fuel Oil 2 Usage (kBtu)"": null, ""Fuel Oil 2 Emissions (kgCO2e)"": null, ""Fuel Oil 4 Usage (kBtu)"": null, ""Fuel Oil 4 Emissions (kgCO2e)"": null, ""Fuel Oil 5 and 6 Usage (kBtu)"": null, ""Fuel Oil 5 and 6 Emissions (kgCO2e)"": null, ""Propane Usage (kBtu)"": null, ""Propane Emissions (kgCO2e)"": null, ""Diesel Usage (kBtu)"": null, ""Diesel Emissions (kgCO2e)"": null, ""Kerosene Usage (kBtu)"": null, ""Kerosene Emissions (kgCO2e)"": null, ""Water Usage Intensity (Gallons/ft²)"": 18.13, ""Estimated Total GHG Emissions (kgCO2e)"": ""1984630.17"", ""Reporting Compliance Status"": null, ""First Emissions Compliance Year (Projected)"": 2025.0, ""Community Choice Electricity Participation"": null, ""Renewable Energy Purchased through a Power Purchase Agreement (PPA)"": null, ""Renewable Energy Certificate (REC) Purchase"": null, ""Backup Generator"": null, ""Battery Storage"": null, ""Electric Vehicle (EV) Charging"": null}",86,51.79422468247474,43.86840185757193,64.87784812105971,False,,,,False
C10054,campus_summary,[],Address unavailable,Unavailable,,,Residential Care Facility,287460.0,287460.0,2841768.0,9.9,9.885785848465874,-0.014214151534126529,162044.082,162.044082,162044.082,0.0,False,0.5637100187852223,,832874.6,Not provided,"250,000 and above",False,[],[],"[""emissions_components_incomplete""]",False,Data Disclosure - Campuses,41,"[{""sheet"": ""Data Disclosure - Campuses"", ""row"": 41}, {""sheet"": ""Data Disclosure"", ""row"": 5529}]","{""Reported Gross Floor Area (Sq Ft)"": ""numeric"", ""Reported Enclosed Parking Area (Sq Ft)"": ""missing"", ""BERDO Emissions Gross Floor Area (Sq Ft)"": ""numeric"", ""Total Site Energy Usage (kBtu)"": ""numeric"", ""Energy Star Score"": ""missing"", ""Site EUI (Energy Use Intensity kBtu/ft²)"": ""numeric"", ""Natural Gas Usage (kBtu)"": ""missing"", ""Natural Gas Emissions (kgCO2e)"": ""missing"", ""Electricity Usage (kWh)"": ""numeric_text"", ""Electricity Emissions (kgCO2e)"": ""numeric_text"", ""Renewable System Electricity Usage Onsite (kBtu)"": ""missing"", ""District Hot Water Usage (kBtu)"": ""missing"", ""District Hot Water Emissions (kgCO2e)"": ""missing"", ""District Chilled Water Usage (kBtu)"": ""missing"", ""District Chilled Water Emissions (kgCO2e)"": ""missing"", ""District Steam Usage (kBtu)"": ""missing"", ""District Steam Emissions (kgCO2e)"": ""missing"", ""Fuel Oil 1 Usage (kBtu)"": ""missing"", ""Fuel Oil 1 Emissions (kgCO2e)"": ""missing"", ""Fuel Oil 2 Usage (kBtu)"": ""missing"", ""Fuel Oil 2 Emissions (kgCO2e)"": ""missing"", ""Fuel Oil 4 Usage (kBtu)"": ""missing"", ""Fuel Oil 4 Emissions (kgCO2e)"": ""missing"", ""Fuel Oil 5 and 6 Usage (kBtu)"": ""missing"", ""Fuel Oil 5 and 6 Emissions (kgCO2e)"": ""missing"", ""Propane Usage (kBtu)"": ""missing"", ""Propane Emissions (kgCO2e)"": ""missing"", ""Diesel Usage (kBtu)"": ""missing"", ""Diesel Emissions (kgCO2e)"": ""missing"", ""Kerosene Usage (kBtu)"": ""missing"", ""Kerosene Emissions (kgCO2e)"": ""missing"", ""Water Usage Intensity (Gallons/ft²)"": ""missing"", ""Estimated Total GHG Emissions (kgCO2e)"": ""numeric_text""}","{""Campus ID"": ""C10054"", ""BERDO IDs in Campus"": ""107234, 107236, 107237, 107238, 107239, 107240, 107241, 107242, 107243, 107244, 107245, 107246"", ""Reported Gross Floor Area (Sq Ft)"": 287460.0, ""Reported Enclosed Parking Area (Sq Ft)"": null, ""BERDO Emissions Gross Floor Area (Sq Ft)"": 287460.0, ""Largest Property Type"": ""Residential Care Facility"", ""All Property Types and GFAs"": null, ""Total Site Energy Usage (kBtu)"": 2841768.0, ""Energy Star Score"": null, ""Site EUI (Energy Use Intensity kBtu/ft²)"": 9.9, ""Natural Gas Usage (kBtu)"": null, ""Natural Gas Emissions (kgCO2e)"": null, ""Electricity Usage (kWh)"": ""832874.6"", ""Electricity Emissions (kgCO2e)"": ""162044.082"", ""Renewable System Electricity Usage Onsite (kBtu)"": null, ""District Hot Water Usage (kBtu)"": null, ""District Hot Water Emissions (kgCO2e)"": null, ""District Chilled Water Usage (kBtu)"": null, ""District Chilled Water Emissions (kgCO2e)"": null, ""District Steam Usage (kBtu)"": null, ""District Steam Emissions (kgCO2e)"": null, ""Fuel Oil 1 Usage (kBtu)"": null, ""Fuel Oil 1 Emissions (kgCO2e)"": null, ""Fuel Oil 2 Usage (kBtu)"": null, ""Fuel Oil 2 Emissions (kgCO2e)"": null, ""Fuel Oil 4 Usage (kBtu)"": null, ""Fuel Oil 4 Emissions (kgCO2e)"": null, ""Fuel Oil 5 and 6 Usage (kBtu)"": null, ""Fuel Oil 5 and 6 Emissions (kgCO2e)"": null, ""Propane Usage (kBtu)"": null, ""Propane Emissions (kgCO2e)"": null, ""Diesel Usage (kBtu)"": null, ""Diesel Emissions (kgCO2e)"": null, ""Kerosene Usage (kBtu)"": null, ""Kerosene Emissions (kgCO2e)"": null, ""Water Usage Intensity (Gallons/ft²)"": null, ""Estimated Total GHG Emissions (kgCO2e)"": ""162044.082"", ""Reporting Compliance Status"": null, ""First Emissions Compliance Year (Projected)"": 2025.0, ""Community Choice Electricity Participation"": null, ""Renewable Energy Purchased through a Power Purchase Agreement (PPA)"": null, ""Renewable Energy Certificate (REC) Purchase"": null, ""Backup Generator"": null, ""Battery Storage"": null, ""Electric Vehicle (EV) Charging"": null}",0,,,,False,,,,False
C10055,campus_summary,[],Address unavailable,Unavailable,,,Multifamily Housing,50856.0,50856.0,4018122.3,79.0,79.00979825389334,0.00979825389333655,215735.449,215.735449,215735.44900000002,-2.9103830456733704e-11,False,4.242084493471763,49.15,174772.0,Not provided,"50,000–99,999",False,[],[],"[""emissions_components_incomplete""]",False,Data Disclosure - Campuses,42,"[{""sheet"": ""Data Disclosure - Campuses"", ""row"": 42}, {""sheet"": ""Data Disclosure"", ""row"": 5530}]","{""Reported Gross Floor Area (Sq Ft)"": ""numeric"", ""Reported Enclosed Parking Area (Sq Ft)"": ""missing"", ""BERDO Emissions Gross Floor Area (Sq Ft)"": ""numeric"", ""Total Site Energy Usage (kBtu)"": ""numeric"", ""Energy Star Score"": ""numeric"", ""Site EUI (Energy Use Intensity kBtu/ft²)"": ""numeric"", ""Natural Gas Usage (kBtu)"": ""numeric_text"", ""Natural Gas Emissions (kgCO2e)"": ""numeric_text"", ""Electricity Usage (kWh)"": ""numeric_text"", ""Electricity Emissions (kgCO2e)"": ""numeric_text"", ""Renewable System Electricity Usage Onsite (kBtu)"": ""missing"", ""District Hot Water Usage (kBtu)"": ""missing"", ""District Hot Water Emissions (kgCO2e)"": ""missing"", ""District Chilled Water Usage (kBtu)"": ""missing"", ""District Chilled Water Emissions (kgCO2e)"": ""missing"", ""District Steam Usage (kBtu)"": ""missing"", ""District Steam Emissions (kgCO2e)"": ""missing"", ""Fuel Oil 1 Usage (kBtu)"": ""missing"", ""Fuel Oil 1 Emissions (kgCO2e)"": ""missing"", ""Fuel Oil 2 Usage (kBtu)"": ""missing"", ""Fuel Oil 2 Emissions (kgCO2e)"": ""missing"", ""Fuel Oil 4 Usage (kBtu)"": ""missing"", ""Fuel Oil 4 Emissions (kgCO2e)"": ""missing"", ""Fuel Oil 5 and 6 Usage (kBtu)"": ""missing"", ""Fuel Oil 5 and 6 Emissions (kgCO2e)"": ""missing"", ""Propane Usage (kBtu)"": ""missing"", ""Propane Emissions (kgCO2e)"": ""missing"", ""Diesel Usage (kBtu)"": ""missing"", ""Diesel Emissions (kgCO2e)"": ""missing"", ""Kerosene Usage (kBtu)"": ""missing"", ""Kerosene Emissions (kgCO2e)"": ""missing"", ""Water Usage Intensity (Gallons/ft²)"": ""numeric"", ""Estimated Total GHG Emissions (kgCO2e)"": ""numeric_text""}","{""Campus ID"": ""C10055"", ""BERDO IDs in Campus"": ""100381, 100379"", ""Reported Gross Floor Area (Sq Ft)"": 50856.0, ""Reported Enclosed Parking Area (Sq Ft)"": null, ""BERDO Emissions Gross Floor Area (Sq Ft)"": 50856.0, ""Largest Property Type"": ""Multifamily Housing"", ""All Property Types and GFAs"": null, ""Total Site Energy Usage (kBtu)"": 4018122.3, ""Energy Star Score"": 49.0, ""Site EUI (Energy Use Intensity kBtu/ft²)"": 79.0, ""Natural Gas Usage (kBtu)"": ""3421800.2"", ""Natural Gas Emissions (kgCO2e)"": ""181731.809"", ""Electricity Usage (kWh)"": ""174772"", ""Electricity Emissions (kgCO2e)"": ""34003.64"", ""Renewable System Electricity Usage Onsite (kBtu)"": null, ""District Hot Water Usage (kBtu)"": null, ""District Hot Water Emissions (kgCO2e)"": null, ""District Chilled Water Usage (kBtu)"": null, ""District Chilled Water Emissions (kgCO2e)"": null, ""District Steam Usage (kBtu)"": null, ""District Steam Emissions (kgCO2e)"": null, ""Fuel Oil 1 Usage (kBtu)"": null, ""Fuel Oil 1 Emissions (kgCO2e)"": null, ""Fuel Oil 2 Usage (kBtu)"": null, ""Fuel Oil 2 Emissions (kgCO2e)"": null, ""Fuel Oil 4 Usage (kBtu)"": null, ""Fuel Oil 4 Emissions (kgCO2e)"": null, ""Fuel Oil 5 and 6 Usage (kBtu)"": null, ""Fuel Oil 5 and 6 Emissions (kgCO2e)"": null, ""Propane Usage (kBtu)"": null, ""Propane Emissions (kgCO2e)"": null, ""Diesel Usage (kBtu)"": null, ""Diesel Emissions (kgCO2e)"": null, ""Kerosene Usage (kBtu)"": null, ""Kerosene Emissions (kgCO2e)"": null, ""Water Usage Intensity (Gallons/ft²)"": 49.15, ""Estimated Total GHG Emissions (kgCO2e)"": ""215735.449"", ""Reporting Compliance Status"": null, ""First Emissions Compliance Year (Projected)"": 2030.0, ""Community Choice Electricity Participation"": null, ""Renewable Energy Purchased through a Power Purchase Agreement (PPA)"": null, ""Renewable Energy Certificate (REC) Purchase"": null, ""Backup Generator"": null, ""Battery Storage"": null, ""Electric Vehicle (EV) Charging"": null}",266,57.27094736867103,41.548928626119505,72.61095746052767,False,,,,False
C10056,campus_summary,[],Address unavailable,Unavailable,,,K-12 School,27612.0,27612.0,817492.6,29.6,29.60642474286542,0.00642474286541983,45545.175,45.545175,45545.175,0.0,False,1.649470338983051,16.64,159427.2,Not provided,"25,000–49,999",False,[],[],"[""emissions_components_incomplete""]",False,Data Disclosure - Campuses,43,"[{""sheet"": ""Data Disclosure - Campuses"", ""row"": 43}, {""sheet"": ""Data Disclosure"", ""row"": 5531}]","{""Reported Gross Floor Area (Sq Ft)"": ""numeric"", ""Reported Enclosed Parking Area (Sq Ft)"": ""missing"", ""BERDO Emissions Gross Floor Area (Sq Ft)"": ""numeric"", ""Total Site Energy Usage (kBtu)"": ""numeric"", ""Energy Star Score"": ""numeric"", ""Site EUI (Energy Use Intensity kBtu/ft²)"": ""numeric"", ""Natural Gas Usage (kBtu)"": ""numeric_text"", ""Natural Gas Emissions (kgCO2e)"": ""numeric_text"", ""Electricity Usage (kWh)"": ""numeric_text"", ""Electricity Emissions (kgCO2e)"": ""numeric_text"", ""Renewable System Electricity Usage Onsite (kBtu)"": ""missing"", ""District Hot Water Usage (kBtu)"": ""missing"", ""District Hot Water Emissions (kgCO2e)"": ""missing"", ""District Chilled Water Usage (kBtu)"": ""missing"", ""District Chilled Water Emissions (kgCO2e)"": ""missing"", ""District Steam Usage (kBtu)"": ""missing"", ""District Steam Emissions (kgCO2e)"": ""missing"", ""Fuel Oil 1 Usage (kBtu)"": ""missing"", ""Fuel Oil 1 Emissions (kgCO2e)"": ""missing"", ""Fuel Oil 2 Usage (kBtu)"": ""missing"", ""Fuel Oil 2 Emissions (kgCO2e)"": ""missing"", ""Fuel Oil 4 Usage (kBtu)"": ""missing"", ""Fuel Oil 4 Emissions (kgCO2e)"": ""missing"", ""Fuel Oil 5 and 6 Usage (kBtu)"": ""missing"", ""Fuel Oil 5 and 6 Emissions (kgCO2e)"": ""missing"", ""Propane Usage (kBtu)"": ""missing"", ""Propane Emissions (kgCO2e)"": ""missing"", ""Diesel Usage (kBtu)"": ""missing"", ""Diesel Emissions (kgCO2e)"": ""missing"", ""Kerosene Usage (kBtu)"": ""missing"", ""Kerosene Emissions (kgCO2e)"": ""missing"", ""Water Usage Intensity (Gallons/ft²)"": ""numeric"", ""Estimated Total GHG Emissions (kgCO2e)"": ""numeric_text""}","{""Campus ID"": ""C10056"", ""BERDO IDs in Campus"": ""102090, 108041"", ""Reported Gross Floor Area (Sq Ft)"": 27612.0, ""Reported Enclosed Parking Area (Sq Ft)"": null, ""BERDO Emissions Gross Floor Area (Sq Ft)"": 27612.0, ""Largest Property Type"": ""K-12 School"", ""All Property Types and GFAs"": null, ""Total Site Energy Usage (kBtu)"": 817492.6, ""Energy Star Score"": 91.0, ""Site EUI (Energy Use Intensity kBtu/ft²)"": 29.6, ""Natural Gas Usage (kBtu)"": ""273527"", ""Natural Gas Emissions (kgCO2e)"": ""14527.019"", ""Electricity Usage (kWh)"": ""159427.2"", ""Electricity Emissions (kgCO2e)"": ""31018.156"", ""Renewable System Electricity Usage Onsite (kBtu)"": null, ""District Hot Water Usage (kBtu)"": null, ""District Hot Water Emissions (kgCO2e)"": null, ""District Chilled Water Usage (kBtu)"": null, ""District Chilled Water Emissions (kgCO2e)"": null, ""District Steam Usage (kBtu)"": null, ""District Steam Emissions (kgCO2e)"": null, ""Fuel Oil 1 Usage (kBtu)"": null, ""Fuel Oil 1 Emissions (kgCO2e)"": null, ""Fuel Oil 2 Usage (kBtu)"": null, ""Fuel Oil 2 Emissions (kgCO2e)"": null, ""Fuel Oil 4 Usage (kBtu)"": null, ""Fuel Oil 4 Emissions (kgCO2e)"": null, ""Fuel Oil 5 and 6 Usage (kBtu)"": null, ""Fuel Oil 5 and 6 Emissions (kgCO2e)"": null, ""Propane Usage (kBtu)"": null, ""Propane Emissions (kgCO2e)"": null, ""Diesel Usage (kBtu)"": null, ""Diesel Emissions (kgCO2e)"": null, ""Kerosene Usage (kBtu)"": null, ""Kerosene Emissions (kgCO2e)"": null, ""Water Usage Intensity (Gallons/ft²)"": 16.64, ""Estimated Total GHG Emissions (kgCO2e)"": ""45545.175"", ""Reporting Compliance Status"": null, ""First Emissions Compliance Year (Projected)"": 2025.0, ""Community Choice Electricity Participation"": null, ""Renewable Energy Purchased through a Power Purchase Agreement (PPA)"": null, ""Renewable Energy Certificate (REC) Purchase"": null, ""Backup Generator"": null, ""Battery Storage"": null, ""Electric Vehicle (EV) Charging"": null}",52,62.014965946252346,49.99188525574004,76.774985707496,False,,,,False
C10057,campus_summary,[],Address unavailable,Unavailable,,,Office,10787.0,10787.0,436570.3,40.5,40.47189209233336,-0.02810790766663729,29744.304,29.744304,29744.304000000004,-3.637978807091713e-12,False,2.757421340502457,9.42,45248.5,Not provided,"Under 25,000",False,[],[],"[""emissions_components_incomplete""]",False,Data Disclosure - Campuses,44,"[{""sheet"": ""Data Disclosure - Campuses"", ""row"": 44}, {""sheet"": ""Data Disclosure"", ""row"": 5532}]","{""Reported Gross Floor Area (Sq Ft)"": ""numeric"", ""Reported Enclosed Parking Area (Sq Ft)"": ""missing"", ""BERDO Emissions Gross Floor Area (Sq Ft)"": ""numeric"", ""Total Site Energy Usage (kBtu)"": ""numeric"", ""Energy Star Score"": ""missing"", ""Site EUI (Energy Use Intensity kBtu/ft²)"": ""numeric"", ""Natural Gas Usage (kBtu)"": ""missing"", ""Natural Gas Emissions (kgCO2e)"": ""missing"", ""Electricity Usage (kWh)"": ""numeric_text"", ""Electricity Emissions (kgCO2e)"": ""numeric_text"", ""Renewable System Electricity Usage Onsite (kBtu)"": ""missing"", ""District Hot Water Usage (kBtu)"": ""missing"", ""District Hot Water Emissions (kgCO2e)"": ""missing"", ""District Chilled Water Usage (kBtu)"": ""missing"", ""District Chilled Water Emissions (kgCO2e)"": ""missing"", ""District Steam Usage (kBtu)"": ""missing"", ""District Steam Emissions (kgCO2e)"": ""missing"", ""Fuel Oil 1 Usage (kBtu)"": ""missing"", ""Fuel Oil 1 Emissions (kgCO2e)"": ""missing"", ""Fuel Oil 2 Usage (kBtu)"": ""numeric_text"", ""Fuel Oil 2 Emissions (kgCO2e)"": ""numeric_text"", ""Fuel Oil 4 Usage (kBtu)"": ""missing"", ""Fuel Oil 4 Emissions (kgCO2e)"": ""missing"", ""Fuel Oil 5 and 6 Usage (kBtu)"": ""missing"", ""Fuel Oil 5 and 6 Emissions (kgCO2e)"": ""missing"", ""Propane Usage (kBtu)"": ""missing"", ""Propane Emissions (kgCO2e)"": ""missing"", ""Diesel Usage (kBtu)"": ""missing"", ""Diesel Emissions (kgCO2e)"": ""missing"", ""Kerosene Usage (kBtu)"": ""missing"", ""Kerosene Emissions (kgCO2e)"": ""missing"", ""Water Usage Intensity (Gallons/ft²)"": ""numeric"", ""Estimated Total GHG Emissions (kgCO2e)"": ""numeric_text""}","{""Campus ID"": ""C10057"", ""BERDO IDs in Campus"": ""106955, 108035"", ""Reported Gross Floor Area (Sq Ft)"": 10787.0, ""Reported Enclosed Parking Area (Sq Ft)"": null, ""BERDO Emissions Gross Floor Area (Sq Ft)"": 10787.0, ""Largest Property Type"": ""Office"", ""All Property Types and GFAs"": null, ""Total Site Energy Usage (kBtu)"": 436570.3, ""Energy Star Score"": null, ""Site EUI (Energy Use Intensity kBtu/ft²)"": 40.5, ""Natural Gas Usage (kBtu)"": null, ""Natural Gas Emissions (kgCO2e)"": null, ""Electricity Usage (kWh)"": ""45248.5"", ""Electricity Emissions (kgCO2e)"": ""8803.548"", ""Renewable System Electricity Usage Onsite (kBtu)"": null, ""District Hot Water Usage (kBtu)"": null, ""District Hot Water Emissions (kgCO2e)"": null, ""District Chilled Water Usage (kBtu)"": null, ""District Chilled Water Emissions (kgCO2e)"": null, ""District Steam Usage (kBtu)"": null, ""District Steam Emissions (kgCO2e)"": null, ""Fuel Oil 1 Usage (kBtu)"": null, ""Fuel Oil 1 Emissions (kgCO2e)"": null, ""Fuel Oil 2 Usage (kBtu)"": ""282182.4"", ""Fuel Oil 2 Emissions (kgCO2e)"": ""20940.756"", ""Fuel Oil 4 Usage (kBtu)"": null, ""Fuel Oil 4 Emissions (kgCO2e)"": null, ""Fuel Oil 5 and 6 Usage (kBtu)"": null, ""Fuel Oil 5 and 6 Emissions (kgCO2e)"": null, ""Propane Usage (kBtu)"": null, ""Propane Emissions (kgCO2e)"": null, ""Diesel Usage (kBtu)"": null, ""Diesel Emissions (kgCO2e)"": null, ""Kerosene Usage (kBtu)"": null, ""Kerosene Emissions (kgCO2e)"": null, ""Water Usage Intensity (Gallons/ft²)"": 9.42, ""Estimated Total GHG Emissions (kgCO2e)"": ""29744.304"", ""Reporting Compliance Status"": null, ""First Emissions Compliance Year (Projected)"": 2025.0, ""Community Choice Electricity Participation"": null, ""Renewable Energy Purchased through a Power Purchase Agreement (PPA)"": null, ""Renewable Energy Certificate (REC) Purchase"": null, ""Backup Generator"": null, ""Battery Storage"": null, ""Electric Vehicle (EV) Charging"": null}",62,55.67167888198758,33.29967520709222,75.9463410282258,False,,,,False
C10058,campus_summary,[],Address unavailable,Unavailable,,,Vehicle Repair Services,10762.0,10762.0,285849.6,26.6,26.561010964504735,-0.03898903549526622,16299.789,16.299789,16299.789,0.0,False,1.5145687604534475,205.27,83777.7,Not provided,"Under 25,000",False,[],[],"[""emissions_components_incomplete""]",False,Data Disclosure - Campuses,45,"[{""sheet"": ""Data Disclosure - Campuses"", ""row"": 45}, {""sheet"": ""Data Disclosure"", ""row"": 5533}]","{""Reported Gross Floor Area (Sq Ft)"": ""numeric"", ""Reported Enclosed Parking Area (Sq Ft)"": ""missing"", ""BERDO Emissions Gross Floor Area (Sq Ft)"": ""numeric"", ""Total Site Energy Usage (kBtu)"": ""numeric"", ""Energy Star Score"": ""missing"", ""Site EUI (Energy Use Intensity kBtu/ft²)"": ""numeric"", ""Natural Gas Usage (kBtu)"": ""missing"", ""Natural Gas Emissions (kgCO2e)"": ""missing"", ""Electricity Usage (kWh)"": ""numeric_text"", ""Electricity Emissions (kgCO2e)"": ""numeric_text"", ""Renewable System Electricity Usage Onsite (kBtu)"": ""missing"", ""District Hot Water Usage (kBtu)"": ""missing"", ""District Hot Water Emissions (kgCO2e)"": ""missing"", ""District Chilled Water Usage (kBtu)"": ""missing"", ""District Chilled Water Emissions (kgCO2e)"": ""missing"", ""District Steam Usage (kBtu)"": ""missing"", ""District Steam Emissions (kgCO2e)"": ""missing"", ""Fuel Oil 1 Usage (kBtu)"": ""missing"", ""Fuel Oil 1 Emissions (kgCO2e)"": ""missing"", ""Fuel Oil 2 Usage (kBtu)"": ""missing"", ""Fuel Oil 2 Emissions (kgCO2e)"": ""missing"", ""Fuel Oil 4 Usage (kBtu)"": ""missing"", ""Fuel Oil 4 Emissions (kgCO2e)"": ""missing"", ""Fuel Oil 5 and 6 Usage (kBtu)"": ""missing"", ""Fuel Oil 5 and 6 Emissions (kgCO2e)"": ""missing"", ""Propane Usage (kBtu)"": ""missing"", ""Propane Emissions (kgCO2e)"": ""missing"", ""Diesel Usage (kBtu)"": ""missing"", ""Diesel Emissions (kgCO2e)"": ""missing"", ""Kerosene Usage (kBtu)"": ""missing"", ""Kerosene Emissions (kgCO2e)"": ""missing"", ""Water Usage Intensity (Gallons/ft²)"": ""numeric"", ""Estimated Total GHG Emissions (kgCO2e)"": ""numeric_text""}","{""Campus ID"": ""C10058"", ""BERDO IDs in Campus"": ""107021, 107022, 107023"", ""Reported Gross Floor Area (Sq Ft)"": 10762.0, ""Reported Enclosed Parking Area (Sq Ft)"": null, ""BERDO Emissions Gross Floor Area (Sq Ft)"": 10762.0, ""Largest Property Type"": ""Vehicle Repair Services"", ""All Property Types and GFAs"": null, ""Total Site Energy Usage (kBtu)"": 285849.6, ""Energy Star Score"": null, ""Site EUI (Energy Use Intensity kBtu/ft²)"": 26.6, ""Natural Gas Usage (kBtu)"": null, ""Natural Gas Emissions (kgCO2e)"": null, ""Electricity Usage (kWh)"": ""83777.7"", ""Electricity Emissions (kgCO2e)"": ""16299.789"", ""Renewable System Electricity Usage Onsite (kBtu)"": null, ""District Hot Water Usage (kBtu)"": null, ""District Hot Water Emissions (kgCO2e)"": null, ""District Chilled Water Usage (kBtu)"": null, ""District Chilled Water Emissions (kgCO2e)"": null, ""District Steam Usage (kBtu)"": null, ""District Steam Emissions (kgCO2e)"": null, ""Fuel Oil 1 Usage (kBtu)"": null, ""Fuel Oil 1 Emissions (kgCO2e)"": null, ""Fuel Oil 2 Usage (kBtu)"": null, ""Fuel Oil 2 Emissions (kgCO2e)"": null, ""Fuel Oil 4 Usage (kBtu)"": null, ""Fuel Oil 4 Emissions (kgCO2e)"": null, ""Fuel Oil 5 and 6 Usage (kBtu)"": null, ""Fuel Oil 5 and 6 Emissions (kgCO2e)"": null, ""Propane Usage (kBtu)"": null, ""Propane Emissions (kgCO2e)"": null, ""Diesel Usage (kBtu)"": null, ""Diesel Emissions (kgCO2e)"": null, ""Kerosene Usage (kBtu)"": null, ""Kerosene Emissions (kgCO2e)"": null, ""Water Usage Intensity (Gallons/ft²)"": 205.27, ""Estimated Total GHG Emissions (kgCO2e)"": ""16299.789"", ""Reporting Compliance Status"": null, ""First Emissions Compliance Year (Projected)"": 2025.0, ""Community Choice Electricity Participation"": null, ""Renewable Energy Purchased through a Power Purchase Agreement (PPA)"": null, ""Renewable Energy Certificate (REC) Purchase"": null, ""Backup Generator"": null, ""Battery Storage"": null, ""Electric Vehicle (EV) Charging"": null}",18,82.85762947392678,38.86291109530689,181.7800125,False,,,,False
C10059,campus_summary,[],Address unavailable,Unavailable,,,College/University,6872989.0,6872989.0,790881499.0,115.1,115.07096824976732,-0.02903175023267579,44470951.27,44470.951270000005,44470951.269999996,7.450580596923828e-09,False,6.47039465216662,24.85,93430903.5,Not provided,"250,000 and above",False,[],[],"[""emissions_components_incomplete"", ""campus_member_record_missing""]",True,Data Disclosure - Campuses,46,"[{""sheet"": ""Data Disclosure - Campuses"", ""row"": 46}, {""sheet"": ""Data Disclosure"", ""row"": 5534}]","{""Reported Gross Floor Area (Sq Ft)"": ""numeric"", ""Reported Enclosed Parking Area (Sq Ft)"": ""missing"", ""BERDO Emissions Gross Floor Area (Sq Ft)"": ""numeric"", ""Total Site Energy Usage (kBtu)"": ""numeric"", ""Energy Star Score"": ""missing"", ""Site EUI (Energy Use Intensity kBtu/ft²)"": ""numeric"", ""Natural Gas Usage (kBtu)"": ""numeric_text"", ""Natural Gas Emissions (kgCO2e)"": ""numeric_text"", ""Electricity Usage (kWh)"": ""numeric_text"", ""Electricity Emissions (kgCO2e)"": ""numeric_text"", ""Renewable System Electricity Usage Onsite (kBtu)"": ""missing"", ""District Hot Water Usage (kBtu)"": ""missing"", ""District Hot Water Emissions (kgCO2e)"": ""missing"", ""District Chilled Water Usage (kBtu)"": ""missing"", ""District Chilled Water Emissions (kgCO2e)"": ""missing"", ""District Steam Usage (kBtu)"": ""missing"", ""District Steam Emissions (kgCO2e)"": ""missing"", ""Fuel Oil 1 Usage (kBtu)"": ""missing"", ""Fuel Oil 1 Emissions (kgCO2e)"": ""missing"", ""Fuel Oil 2 Usage (kBtu)"": ""missing"", ""Fuel Oil 2 Emissions (kgCO2e)"": ""missing"", ""Fuel Oil 4 Usage (kBtu)"": ""missing"", ""Fuel Oil 4 Emissions (kgCO2e)"": ""missing"", ""Fuel Oil 5 and 6 Usage (kBtu)"": ""missing"", ""Fuel Oil 5 and 6 Emissions (kgCO2e)"": ""missing"", ""Propane Usage (kBtu)"": ""missing"", ""Propane Emissions (kgCO2e)"": ""missing"", ""Diesel Usage (kBtu)"": ""missing"", ""Diesel Emissions (kgCO2e)"": ""missing"", ""Kerosene Usage (kBtu)"": ""missing"", ""Kerosene Emissions (kgCO2e)"": ""missing"", ""Water Usage Intensity (Gallons/ft²)"": ""numeric"", ""Estimated Total GHG Emissions (kgCO2e)"": ""numeric_text""}","{""Campus ID"": ""C10059"", ""BERDO IDs in Campus"": ""104711, 104712, 104735, 104770, 104747, 108038, 104521, 104706, 104768, 104771, 104760, 104775, 104713, 104702, 104716, 104776, 104774, 104767, 104762, 104761, 100113, 104708, 104759, 104755, 104749, 104751, 104750, 104753, 104744, 104754, 104741, 104704, 104703, 104705, 104743, 104748, 104745, 105168, 104738, 104729, 104710, 104746, 104730, 104709, 104757, 104726, 104725, 104756, 104752, 104721, 104719, 104728, 104715, 104717, 104736, 108037, 104732, 104740, 104737, 104733, 104731, 104707, 104724, 104723, 104720, 104718, 104722, 104758, 104714, 107639, V10001, V10002, V10003, V10004   "", ""Reported Gross Floor Area (Sq Ft)"": 6872989.0, ""Reported Enclosed Parking Area (Sq Ft)"": null, ""BERDO Emissions Gross Floor Area (Sq Ft)"": 6872989.0, ""Largest Property Type"": ""College/University"", ""All Property Types and GFAs"": null, ""Total Site Energy Usage (kBtu)"": 790881499.0, ""Energy Star Score"": null, ""Site EUI (Energy Use Intensity kBtu/ft²)"": 115.1, ""Natural Gas Usage (kBtu)"": ""495067495.4"", ""Natural Gas Emissions (kgCO2e)"": ""26293034.68"", ""Electricity Usage (kWh)"": ""93430903.5"", ""Electricity Emissions (kgCO2e)"": ""18177916.59"", ""Renewable System Electricity Usage Onsite (kBtu)"": null, ""District Hot Water Usage (kBtu)"": null, ""District Hot Water Emissions (kgCO2e)"": null, ""District Chilled Water Usage (kBtu)"": null, ""District Chilled Water Emissions (kgCO2e)"": null, ""District Steam Usage (kBtu)"": null, ""District Steam Emissions (kgCO2e)"": null, ""Fuel Oil 1 Usage (kBtu)"": null, ""Fuel Oil 1 Emissions (kgCO2e)"": null, ""Fuel Oil 2 Usage (kBtu)"": null, ""Fuel Oil 2 Emissions (kgCO2e)"": null, ""Fuel Oil 4 Usage (kBtu)"": null, ""Fuel Oil 4 Emissions (kgCO2e)"": null, ""Fuel Oil 5 and 6 Usage (kBtu)"": null, ""Fuel Oil 5 and 6 Emissions (kgCO2e)"": null, ""Propane Usage (kBtu)"": null, ""Propane Emissions (kgCO2e)"": null, ""Diesel Usage (kBtu)"": null, ""Diesel Emissions (kgCO2e)"": null, ""Kerosene Usage (kBtu)"": null, ""Kerosene Emissions (kgCO2e)"": null, ""Water Usage Intensity (Gallons/ft²)"": 24.85, ""Estimated Total GHG Emissions (kgCO2e)"": ""44470951.27"", ""Reporting Compliance Status"": null, ""First Emissions Compliance Year (Projected)"": 2025.0, ""Community Choice Electricity Participation"": null, ""Renewable Energy Purchased through a Power Purchase Agreement (PPA)"": null, ""Renewable Energy Certificate (REC) Purchase"": null, ""Backup Generator"": null, ""Battery Storage"": null, ""Electric Vehicle (EV) Charging"": null}",14,69.6255100013128,52.29563167705559,91.70594484472991,False,,,,False
C10060,campus_summary,[],Address unavailable,Unavailable,,,Multifamily Housing,40588.0,40588.0,5675230.6,139.8,139.82533261062383,0.02533261062382053,304892.805,304.892805,304892.805,0.0,False,7.51189526461023,,260798.0,Not provided,"25,000–49,999",False,[],[],"[""emissions_components_incomplete""]",False,Data Disclosure - Campuses,47,"[{""sheet"": ""Data Disclosure - Campuses"", ""row"": 47}, {""sheet"": ""Data Disclosure"", ""row"": 5535}]","{""Reported Gross Floor Area (Sq Ft)"": ""numeric"", ""Reported Enclosed Parking Area (Sq Ft)"": ""missing"", ""BERDO Emissions Gross Floor Area (Sq Ft)"": ""numeric"", ""Total Site Energy Usage (kBtu)"": ""numeric"", ""Energy Star Score"": ""numeric"", ""Site EUI (Energy Use Intensity kBtu/ft²)"": ""numeric"", ""Natural Gas Usage (kBtu)"": ""numeric_text"", ""Natural Gas Emissions (kgCO2e)"": ""numeric_text"", ""Electricity Usage (kWh)"": ""numeric_text"", ""Electricity Emissions (kgCO2e)"": ""numeric_text"", ""Renewable System Electricity Usage Onsite (kBtu)"": ""missing"", ""District Hot Water Usage (kBtu)"": ""missing"", ""District Hot Water Emissions (kgCO2e)"": ""missing"", ""District Chilled Water Usage (kBtu)"": ""missing"", ""District Chilled Water Emissions (kgCO2e)"": ""missing"", ""District Steam Usage (kBtu)"": ""missing"", ""District Steam Emissions (kgCO2e)"": ""missing"", ""Fuel Oil 1 Usage (kBtu)"": ""missing"", ""Fuel Oil 1 Emissions (kgCO2e)"": ""missing"", ""Fuel Oil 2 Usage (kBtu)"": ""missing"", ""Fuel Oil 2 Emissions (kgCO2e)"": ""missing"", ""Fuel Oil 4 Usage (kBtu)"": ""missing"", ""Fuel Oil 4 Emissions (kgCO2e)"": ""missing"", ""Fuel Oil 5 and 6 Usage (kBtu)"": ""missing"", ""Fuel Oil 5 and 6 Emissions (kgCO2e)"": ""missing"", ""Propane Usage (kBtu)"": ""missing"", ""Propane Emissions (kgCO2e)"": ""missing"", ""Diesel Usage (kBtu)"": ""missing"", ""Diesel Emissions (kgCO2e)"": ""missing"", ""Kerosene Usage (kBtu)"": ""missing"", ""Kerosene Emissions (kgCO2e)"": ""missing"", ""Water Usage Intensity (Gallons/ft²)"": ""missing"", ""Estimated Total GHG Emissions (kgCO2e)"": ""numeric_text""}","{""Campus ID"": ""C10060"", ""BERDO IDs in Campus"": ""105717, 105722, 105727, 105733, 105739, 105742, 105747"", ""Reported Gross Floor Area (Sq Ft)"": 40588.0, ""Reported Enclosed Parking Area (Sq Ft)"": null, ""BERDO Emissions Gross Floor Area (Sq Ft)"": 40588.0, ""Largest Property Type"": ""Multifamily Housing"", ""All Property Types and GFAs"": null, ""Total Site Energy Usage (kBtu)"": 5675230.6, ""Energy Star Score"": 12.0, ""Site EUI (Energy Use Intensity kBtu/ft²)"": 139.8, ""Natural Gas Usage (kBtu)"": ""4785387.8"", ""Natural Gas Emissions (kgCO2e)"": ""254151.946"", ""Electricity Usage (kWh)"": ""260798"", ""Electricity Emissions (kgCO2e)"": ""50740.859"", ""Renewable System Electricity Usage Onsite (kBtu)"": null, ""District Hot Water Usage (kBtu)"": null, ""District Hot Water Emissions (kgCO2e)"": null, ""District Chilled Water Usage (kBtu)"": null, ""District Chilled Water Emissions (kgCO2e)"": null, ""District Steam Usage (kBtu)"": null, ""District Steam Emissions (kgCO2e)"": null, ""Fuel Oil 1 Usage (kBtu)"": null, ""Fuel Oil 1 Emissions (kgCO2e)"": null, ""Fuel Oil 2 Usage (kBtu)"": null, ""Fuel Oil 2 Emissions (kgCO2e)"": null, ""Fuel Oil 4 Usage (kBtu)"": null, ""Fuel Oil 4 Emissions (kgCO2e)"": null, ""Fuel Oil 5 and 6 Usage (kBtu)"": null, ""Fuel Oil 5 and 6 Emissions (kgCO2e)"": null, ""Propane Usage (kBtu)"": null, ""Propane Emissions (kgCO2e)"": null, ""Diesel Usage (kBtu)"": null, ""Diesel Emissions (kgCO2e)"": null, ""Kerosene Usage (kBtu)"": null, ""Kerosene Emissions (kgCO2e)"": null, ""Water Usage Intensity (Gallons/ft²)"": null, ""Estimated Total GHG Emissions (kgCO2e)"": ""304892.805"", ""Reporting Compliance Status"": null, ""First Emissions Compliance Year (Projected)"": 2025.0, ""Community Choice Electricity Participation"": null, ""Renewable Energy Purchased through a Power Purchase Agreement (PPA)"": null, ""Renewable Energy Certificate (REC) Purchase"": null, ""Backup Generator"": null, ""Battery Storage"": null, ""Electric Vehicle (EV) Charging"": null}",531,59.342211950939515,42.9534417187907,77.37173140012388,False,,,,False
C10061,campus_summary,[],Address unavailable,Unavailable,,,Multifamily Housing,904468.0,904468.0,36326556.2,40.2,40.163451001030445,-0.036548998969557545,2034364.384,2034.364384,2034364.384,0.0,False,2.249238650786982,19.21,7870514.2,Not provided,"250,000 and above",False,[],[],"[""emissions_components_incomplete""]",False,Data Disclosure - Campuses,48,"[{""sheet"": ""Data Disclosure - Campuses"", ""row"": 48}, {""sheet"": ""Data Disclosure"", ""row"": 5536}]","{""Reported Gross Floor Area (Sq Ft)"": ""numeric"", ""Reported Enclosed Parking Area (Sq Ft)"": ""missing"", ""BERDO Emissions Gross Floor Area (Sq Ft)"": ""numeric"", ""Total Site Energy Usage (kBtu)"": ""numeric"", ""Energy Star Score"": ""numeric"", ""Site EUI (Energy Use Intensity kBtu/ft²)"": ""numeric"", ""Natural Gas Usage (kBtu)"": ""numeric_text"", ""Natural Gas Emissions (kgCO2e)"": ""numeric_text"", ""Electricity Usage (kWh)"": ""numeric_text"", ""Electricity Emissions (kgCO2e)"": ""numeric_text"", ""Renewable System Electricity Usage Onsite (kBtu)"": ""missing"", ""District Hot Water Usage (kBtu)"": ""missing"", ""District Hot Water Emissions (kgCO2e)"": ""missing"", ""District Chilled Water Usage (kBtu)"": ""missing"", ""District Chilled Water Emissions (kgCO2e)"": ""missing"", ""District Steam Usage (kBtu)"": ""missing"", ""District Steam Emissions (kgCO2e)"": ""missing"", ""Fuel Oil 1 Usage (kBtu)"": ""missing"", ""Fuel Oil 1 Emissions (kgCO2e)"": ""missing"", ""Fuel Oil 2 Usage (kBtu)"": ""missing"", ""Fuel Oil 2 Emissions (kgCO2e)"": ""missing"", ""Fuel Oil 4 Usage (kBtu)"": ""missing"", ""Fuel Oil 4 Emissions (kgCO2e)"": ""missing"", ""Fuel Oil 5 and 6 Usage (kBtu)"": ""missing"", ""Fuel Oil 5 and 6 Emissions (kgCO2e)"": ""missing"", ""Propane Usage (kBtu)"": ""missing"", ""Propane Emissions (kgCO2e)"": ""missing"", ""Diesel Usage (kBtu)"": ""missing"", ""Diesel Emissions (kgCO2e)"": ""missing"", ""Kerosene Usage (kBtu)"": ""missing"", ""Kerosene Emissions (kgCO2e)"": ""missing"", ""Water Usage Intensity (Gallons/ft²)"": ""numeric"", ""Estimated Total GHG Emissions (kgCO2e)"": ""numeric_text""}","{""Campus ID"": ""C10061"", ""BERDO IDs in Campus"": ""101712, 101714"", ""Reported Gross Floor Area (Sq Ft)"": 904468.0, ""Reported Enclosed Parking Area (Sq Ft)"": null, ""BERDO Emissions Gross Floor Area (Sq Ft)"": 904468.0, ""Largest Property Type"": ""Multifamily Housing"", ""All Property Types and GFAs"": null, ""Total Site Energy Usage (kBtu)"": 36326556.2, ""Energy Star Score"": 84.0, ""Site EUI (Energy Use Intensity kBtu/ft²)"": 40.2, ""Natural Gas Usage (kBtu)"": ""9472361.9"", ""Natural Gas Emissions (kgCO2e)"": ""503077.141"", ""Electricity Usage (kWh)"": ""7870514.2"", ""Electricity Emissions (kgCO2e)"": ""1531287.243"", ""Renewable System Electricity Usage Onsite (kBtu)"": null, ""District Hot Water Usage (kBtu)"": null, ""District Hot Water Emissions (kgCO2e)"": null, ""District Chilled Water Usage (kBtu)"": null, ""District Chilled Water Emissions (kgCO2e)"": null, ""District Steam Usage (kBtu)"": null, ""District Steam Emissions (kgCO2e)"": null, ""Fuel Oil 1 Usage (kBtu)"": null, ""Fuel Oil 1 Emissions (kgCO2e)"": null, ""Fuel Oil 2 Usage (kBtu)"": null, ""Fuel Oil 2 Emissions (kgCO2e)"": null, ""Fuel Oil 4 Usage (kBtu)"": null, ""Fuel Oil 4 Emissions (kgCO2e)"": null, ""Fuel Oil 5 and 6 Usage (kBtu)"": null, ""Fuel Oil 5 and 6 Emissions (kgCO2e)"": null, ""Propane Usage (kBtu)"": null, ""Propane Emissions (kgCO2e)"": null, ""Diesel Usage (kBtu)"": null, ""Diesel Emissions (kgCO2e)"": null, ""Kerosene Usage (kBtu)"": null, ""Kerosene Emissions (kgCO2e)"": null, ""Water Usage Intensity (Gallons/ft²)"": 19.21, ""Estimated Total GHG Emissions (kgCO2e)"": ""2034364.384"", ""Reporting Compliance Status"": null, ""First Emissions Compliance Year (Projected)"": 2025.0, ""Community Choice Electricity Participation"": null, ""Renewable Energy Purchased through a Power Purchase Agreement (PPA)"": null, ""Renewable Energy Certificate (REC) Purchase"": null, ""Backup Generator"": null, ""Battery Storage"": null, ""Electric Vehicle (EV) Charging"": null}",86,51.79422468247474,43.86840185757193,64.87784812105971,False,,,,False
C10062,campus_summary,[],Address unavailable,Unavailable,,,Multifamily Housing,516633.0,516633.0,30320409.2,58.7,58.68848718529401,-0.011512814705994856,1649616.004,1649.616004,1649616.0040000002,-2.3283064365386963e-10,False,3.193013229894335,,2944041.9,Not provided,"250,000 and above",False,[],[],"[""emissions_components_incomplete""]",False,Data Disclosure - Campuses,49,"[{""sheet"": ""Data Disclosure - Campuses"", ""row"": 49}, {""sheet"": ""Data Disclosure"", ""row"": 5537}]","{""Reported Gross Floor Area (Sq Ft)"": ""numeric"", ""Reported Enclosed Parking Area (Sq Ft)"": ""missing"", ""BERDO Emissions Gross Floor Area (Sq Ft)"": ""numeric"", ""Total Site Energy Usage (kBtu)"": ""numeric"", ""Energy Star Score"": ""numeric"", ""Site EUI (Energy Use Intensity kBtu/ft²)"": ""numeric"", ""Natural Gas Usage (kBtu)"": ""numeric_text"", ""Natural Gas Emissions (kgCO2e)"": ""numeric_text"", ""Electricity Usage (kWh)"": ""numeric_text"", ""Electricity Emissions (kgCO2e)"": ""numeric_text"", ""Renewable System Electricity Usage Onsite (kBtu)"": ""missing"", ""District Hot Water Usage (kBtu)"": ""missing"", ""District Hot Water Emissions (kgCO2e)"": ""missing"", ""District Chilled Water Usage (kBtu)"": ""missing"", ""District Chilled Water Emissions (kgCO2e)"": ""missing"", ""District Steam Usage (kBtu)"": ""missing"", ""District Steam Emissions (kgCO2e)"": ""missing"", ""Fuel Oil 1 Usage (kBtu)"": ""missing"", ""Fuel Oil 1 Emissions (kgCO2e)"": ""missing"", ""Fuel Oil 2 Usage (kBtu)"": ""missing"", ""Fuel Oil 2 Emissions (kgCO2e)"": ""missing"", ""Fuel Oil 4 Usage (kBtu)"": ""missing"", ""Fuel Oil 4 Emissions (kgCO2e)"": ""missing"", ""Fuel Oil 5 and 6 Usage (kBtu)"": ""missing"", ""Fuel Oil 5 and 6 Emissions (kgCO2e)"": ""missing"", ""Propane Usage (kBtu)"": ""missing"", ""Propane Emissions (kgCO2e)"": ""missing"", ""Diesel Usage (kBtu)"": ""missing"", ""Diesel Emissions (kgCO2e)"": ""missing"", ""Kerosene Usage (kBtu)"": ""missing"", ""Kerosene Emissions (kgCO2e)"": ""missing"", ""Water Usage Intensity (Gallons/ft²)"": ""missing"", ""Estimated Total GHG Emissions (kgCO2e)"": ""numeric_text""}","{""Campus ID"": ""C10062"", ""BERDO IDs in Campus"": ""102850, 102851"", ""Reported Gross Floor Area (Sq Ft)"": 516633.0, ""Reported Enclosed Parking Area (Sq Ft)"": null, ""BERDO Emissions Gross Floor Area (Sq Ft)"": 516633.0, ""Largest Property Type"": ""Multifamily Housing"", ""All Property Types and GFAs"": null, ""Total Site Energy Usage (kBtu)"": 30320409.2, ""Energy Star Score"": 80.0, ""Site EUI (Energy Use Intensity kBtu/ft²)"": 58.7, ""Natural Gas Usage (kBtu)"": ""20275338.2"", ""Natural Gas Emissions (kgCO2e)"": ""1076823.212"", ""Electricity Usage (kWh)"": ""2944041.9"", ""Electricity Emissions (kgCO2e)"": ""572792.792"", ""Renewable System Electricity Usage Onsite (kBtu)"": null, ""District Hot Water Usage (kBtu)"": null, ""District Hot Water Emissions (kgCO2e)"": null, ""District Chilled Water Usage (kBtu)"": null, ""District Chilled Water Emissions (kgCO2e)"": null, ""District Steam Usage (kBtu)"": null, ""District Steam Emissions (kgCO2e)"": null, ""Fuel Oil 1 Usage (kBtu)"": null, ""Fuel Oil 1 Emissions (kgCO2e)"": null, ""Fuel Oil 2 Usage (kBtu)"": null, ""Fuel Oil 2 Emissions (kgCO2e)"": null, ""Fuel Oil 4 Usage (kBtu)"": null, ""Fuel Oil 4 Emissions (kgCO2e)"": null, ""Fuel Oil 5 and 6 Usage (kBtu)"": null, ""Fuel Oil 5 and 6 Emissions (kgCO2e)"": null, ""Propane Usage (kBtu)"": null, ""Propane Emissions (kgCO2e)"": null, ""Diesel Usage (kBtu)"": null, ""Diesel Emissions (kgCO2e)"": null, ""Kerosene Usage (kBtu)"": null, ""Kerosene Emissions (kgCO2e)"": null, ""Water Usage Intensity (Gallons/ft²)"": null, ""Estimated Total GHG Emissions (kgCO2e)"": ""1649616.004"", ""Reporting Compliance Status"": null, ""First Emissions Compliance Year (Projected)"": 2025.0, ""Community Choice Electricity Participation"": null, ""Renewable Energy Purchased through a Power Purchase Agreement (PPA)"": null, ""Renewable Energy Certificate (REC) Purchase"": null, ""Backup Generator"": null, ""Battery Storage"": null, ""Electric Vehicle (EV) Charging"": null}",86,51.79422468247474,43.86840185757193,64.87784812105971,False,,,,False
C10063,campus_summary,[],Address unavailable,Unavailable,,,College/University,3328527.0,3328527.0,293446647.7,88.2,88.16111382001708,-0.03888617998292432,16062097.37,16062.09737,16062097.365,0.004999998956918716,False,4.825587225220045,25.6,35744800.4,Not provided,"250,000 and above",False,[],[],"[""emissions_components_incomplete""]",False,Data Disclosure - Campuses,50,"[{""sheet"": ""Data Disclosure - Campuses"", ""row"": 50}, {""sheet"": ""Data Disclosure"", ""row"": 5538}]","{""Reported Gross Floor Area (Sq Ft)"": ""numeric"", ""Reported Enclosed Parking Area (Sq Ft)"": ""missing"", ""BERDO Emissions Gross Floor Area (Sq Ft)"": ""numeric"", ""Total Site Energy Usage (kBtu)"": ""numeric"", ""Energy Star Score"": ""missing"", ""Site EUI (Energy Use Intensity kBtu/ft²)"": ""numeric"", ""Natural Gas Usage (kBtu)"": ""numeric_text"", ""Natural Gas Emissions (kgCO2e)"": ""numeric_text"", ""Electricity Usage (kWh)"": ""numeric_text"", ""Electricity Emissions (kgCO2e)"": ""numeric_text"", ""Renewable System Electricity Usage Onsite (kBtu)"": ""missing"", ""District Hot Water Usage (kBtu)"": ""missing"", ""District Hot Water Emissions (kgCO2e)"": ""missing"", ""District Chilled Water Usage (kBtu)"": ""missing"", ""District Chilled Water Emissions (kgCO2e)"": ""missing"", ""District Steam Usage (kBtu)"": ""missing"", ""District Steam Emissions (kgCO2e)"": ""missing"", ""Fuel Oil 1 Usage (kBtu)"": ""missing"", ""Fuel Oil 1 Emissions (kgCO2e)"": ""missing"", ""Fuel Oil 2 Usage (kBtu)"": ""missing"", ""Fuel Oil 2 Emissions (kgCO2e)"": ""missing"", ""Fuel Oil 4 Usage (kBtu)"": ""missing"", ""Fuel Oil 4 Emissions (kgCO2e)"": ""missing"", ""Fuel Oil 5 and 6 Usage (kBtu)"": ""missing"", ""Fuel Oil 5 and 6 Emissions (kgCO2e)"": ""missing"", ""Propane Usage (kBtu)"": ""missing"", ""Propane Emissions (kgCO2e)"": ""missing"", ""Diesel Usage (kBtu)"": ""missing"", ""Diesel Emissions (kgCO2e)"": ""missing"", ""Kerosene Usage (kBtu)"": ""missing"", ""Kerosene Emissions (kgCO2e)"": ""missing"", ""Water Usage Intensity (Gallons/ft²)"": ""numeric"", ""Estimated Total GHG Emissions (kgCO2e)"": ""numeric_text""}","{""Campus ID"": ""C10063"", ""BERDO IDs in Campus"": ""107053, 106295, 100746, 100743, 100748, 106301, 107055, 107062, 107050, 100753, 100751, 106294, 100744, 106289, 100747, 106300, 106299, 107054, 106292, 106290, 106293, 106291, 106297, 100742, 100756, 100749, 100745, 107052, 100750, 106298, 106296"", ""Reported Gross Floor Area (Sq Ft)"": 3328527.0, ""Reported Enclosed Parking Area (Sq Ft)"": null, ""BERDO Emissions Gross Floor Area (Sq Ft)"": 3328527.0, ""Largest Property Type"": ""College/University"", ""All Property Types and GFAs"": null, ""Total Site Energy Usage (kBtu)"": 293446647.7, ""Energy Star Score"": null, ""Site EUI (Energy Use Intensity kBtu/ft²)"": 88.2, ""Natural Gas Usage (kBtu)"": ""171485388.8"", ""Natural Gas Emissions (kgCO2e)"": ""9107588.999"", ""Electricity Usage (kWh)"": ""35744800.4"", ""Electricity Emissions (kgCO2e)"": ""6954508.366"", ""Renewable System Electricity Usage Onsite (kBtu)"": null, ""District Hot Water Usage (kBtu)"": null, ""District Hot Water Emissions (kgCO2e)"": null, ""District Chilled Water Usage (kBtu)"": null, ""District Chilled Water Emissions (kgCO2e)"": null, ""District Steam Usage (kBtu)"": null, ""District Steam Emissions (kgCO2e)"": null, ""Fuel Oil 1 Usage (kBtu)"": null, ""Fuel Oil 1 Emissions (kgCO2e)"": null, ""Fuel Oil 2 Usage (kBtu)"": null, ""Fuel Oil 2 Emissions (kgCO2e)"": null, ""Fuel Oil 4 Usage (kBtu)"": null, ""Fuel Oil 4 Emissions (kgCO2e)"": null, ""Fuel Oil 5 and 6 Usage (kBtu)"": null, ""Fuel Oil 5 and 6 Emissions (kgCO2e)"": null, ""Propane Usage (kBtu)"": null, ""Propane Emissions (kgCO2e)"": null, ""Diesel Usage (kBtu)"": null, ""Diesel Emissions (kgCO2e)"": null, ""Kerosene Usage (kBtu)"": null, ""Kerosene Emissions (kgCO2e)"": null, ""Water Usage Intensity (Gallons/ft²)"": 25.6, ""Estimated Total GHG Emissions (kgCO2e)"": ""16062097.37"", ""Reporting Compliance Status"": null, ""First Emissions Compliance Year (Projected)"": 2025.0, ""Community Choice Electricity Participation"": null, ""Renewable Energy Purchased through a Power Purchase Agreement (PPA)"": null, ""Renewable Energy Certificate (REC) Purchase"": null, ""Backup Generator"": null, ""Battery Storage"": null, ""Electric Vehicle (EV) Charging"": null}",14,69.6255100013128,52.29563167705559,91.70594484472991,False,,,,False
C10064,campus_summary,[],Address unavailable,Unavailable,,,College/University,552200.0,552200.0,68177271.9,123.5,123.46481691416155,-0.03518308583845453,3716104.975,3716.104975,3716104.975,0.0,False,6.729635956175299,15.2,7132545.8,Not provided,"250,000 and above",False,[],[],"[""emissions_components_incomplete""]",False,Data Disclosure - Campuses,51,"[{""sheet"": ""Data Disclosure - Campuses"", ""row"": 51}, {""sheet"": ""Data Disclosure"", ""row"": 5539}]","{""Reported Gross Floor Area (Sq Ft)"": ""numeric"", ""Reported Enclosed Parking Area (Sq Ft)"": ""missing"", ""BERDO Emissions Gross Floor Area (Sq Ft)"": ""numeric"", ""Total Site Energy Usage (kBtu)"": ""numeric"", ""Energy Star Score"": ""missing"", ""Site EUI (Energy Use Intensity kBtu/ft²)"": ""numeric"", ""Natural Gas Usage (kBtu)"": ""numeric_text"", ""Natural Gas Emissions (kgCO2e)"": ""numeric_text"", ""Electricity Usage (kWh)"": ""numeric_text"", ""Electricity Emissions (kgCO2e)"": ""numeric_text"", ""Renewable System Electricity Usage Onsite (kBtu)"": ""missing"", ""District Hot Water Usage (kBtu)"": ""missing"", ""District Hot Water Emissions (kgCO2e)"": ""missing"", ""District Chilled Water Usage (kBtu)"": ""missing"", ""District Chilled Water Emissions (kgCO2e)"": ""missing"", ""District Steam Usage (kBtu)"": ""missing"", ""District Steam Emissions (kgCO2e)"": ""missing"", ""Fuel Oil 1 Usage (kBtu)"": ""missing"", ""Fuel Oil 1 Emissions (kgCO2e)"": ""missing"", ""Fuel Oil 2 Usage (kBtu)"": ""missing"", ""Fuel Oil 2 Emissions (kgCO2e)"": ""missing"", ""Fuel Oil 4 Usage (kBtu)"": ""missing"", ""Fuel Oil 4 Emissions (kgCO2e)"": ""missing"", ""Fuel Oil 5 and 6 Usage (kBtu)"": ""missing"", ""Fuel Oil 5 and 6 Emissions (kgCO2e)"": ""missing"", ""Propane Usage (kBtu)"": ""missing"", ""Propane Emissions (kgCO2e)"": ""missing"", ""Diesel Usage (kBtu)"": ""missing"", ""Diesel Emissions (kgCO2e)"": ""missing"", ""Kerosene Usage (kBtu)"": ""missing"", ""Kerosene Emissions (kgCO2e)"": ""missing"", ""Water Usage Intensity (Gallons/ft²)"": ""numeric"", ""Estimated Total GHG Emissions (kgCO2e)"": ""numeric_text""}","{""Campus ID"": ""C10064"", ""BERDO IDs in Campus"": ""105781, 105782, 105779, 105780, 105783"", ""Reported Gross Floor Area (Sq Ft)"": 552200.0, ""Reported Enclosed Parking Area (Sq Ft)"": null, ""BERDO Emissions Gross Floor Area (Sq Ft)"": 552200.0, ""Largest Property Type"": ""College/University"", ""All Property Types and GFAs"": null, ""Total Site Energy Usage (kBtu)"": 68177271.9, ""Energy Star Score"": null, ""Site EUI (Energy Use Intensity kBtu/ft²)"": 123.5, ""Natural Gas Usage (kBtu)"": ""43841025.5"", ""Natural Gas Emissions (kgCO2e)"": ""2328396.864"", ""Electricity Usage (kWh)"": ""7132545.8"", ""Electricity Emissions (kgCO2e)"": ""1387708.111"", ""Renewable System Electricity Usage Onsite (kBtu)"": null, ""District Hot Water Usage (kBtu)"": null, ""District Hot Water Emissions (kgCO2e)"": null, ""District Chilled Water Usage (kBtu)"": null, ""District Chilled Water Emissions (kgCO2e)"": null, ""District Steam Usage (kBtu)"": null, ""District Steam Emissions (kgCO2e)"": null, ""Fuel Oil 1 Usage (kBtu)"": null, ""Fuel Oil 1 Emissions (kgCO2e)"": null, ""Fuel Oil 2 Usage (kBtu)"": null, ""Fuel Oil 2 Emissions (kgCO2e)"": null, ""Fuel Oil 4 Usage (kBtu)"": null, ""Fuel Oil 4 Emissions (kgCO2e)"": null, ""Fuel Oil 5 and 6 Usage (kBtu)"": null, ""Fuel Oil 5 and 6 Emissions (kgCO2e)"": null, ""Propane Usage (kBtu)"": null, ""Propane Emissions (kgCO2e)"": null, ""Diesel Usage (kBtu)"": null, ""Diesel Emissions (kgCO2e)"": null, ""Kerosene Usage (kBtu)"": null, ""Kerosene Emissions (kgCO2e)"": null, ""Water Usage Intensity (Gallons/ft²)"": 15.2, ""Estimated Total GHG Emissions (kgCO2e)"": ""3716104.975"", ""Reporting Compliance Status"": null, ""First Emissions Compliance Year (Projected)"": 2025.0, ""Community Choice Electricity Participation"": null, ""Renewable Energy Purchased through a Power Purchase Agreement (PPA)"": null, ""Renewable Energy Certificate (REC) Purchase"": null, ""Backup Generator"": null, ""Battery Storage"": null, ""Electric Vehicle (EV) Charging"": null}",14,69.6255100013128,52.29563167705559,91.70594484472991,False,,,,False
C10066,campus_summary,[],Address unavailable,Unavailable,,,Multifamily Housing,48984.0,48984.0,2881171.0,58.8,58.81861424138494,0.018614241384945274,154913.985,154.913985,154913.985,0.0,False,3.162542564919157,40.75,141961.0,Not provided,"25,000–49,999",False,[],[],"[""emissions_components_incomplete""]",False,Data Disclosure - Campuses,52,"[{""sheet"": ""Data Disclosure - Campuses"", ""row"": 52}, {""sheet"": ""Data Disclosure"", ""row"": 5540}]","{""Reported Gross Floor Area (Sq Ft)"": ""numeric"", ""Reported Enclosed Parking Area (Sq Ft)"": ""missing"", ""BERDO Emissions Gross Floor Area (Sq Ft)"": ""numeric"", ""Total Site Energy Usage (kBtu)"": ""numeric"", ""Energy Star Score"": ""numeric"", ""Site EUI (Energy Use Intensity kBtu/ft²)"": ""numeric"", ""Natural Gas Usage (kBtu)"": ""numeric_text"", ""Natural Gas Emissions (kgCO2e)"": ""numeric_text"", ""Electricity Usage (kWh)"": ""numeric_text"", ""Electricity Emissions (kgCO2e)"": ""numeric_text"", ""Renewable System Electricity Usage Onsite (kBtu)"": ""missing"", ""District Hot Water Usage (kBtu)"": ""missing"", ""District Hot Water Emissions (kgCO2e)"": ""missing"", ""District Chilled Water Usage (kBtu)"": ""missing"", ""District Chilled Water Emissions (kgCO2e)"": ""missing"", ""District Steam Usage (kBtu)"": ""missing"", ""District Steam Emissions (kgCO2e)"": ""missing"", ""Fuel Oil 1 Usage (kBtu)"": ""missing"", ""Fuel Oil 1 Emissions (kgCO2e)"": ""missing"", ""Fuel Oil 2 Usage (kBtu)"": ""missing"", ""Fuel Oil 2 Emissions (kgCO2e)"": ""missing"", ""Fuel Oil 4 Usage (kBtu)"": ""missing"", ""Fuel Oil 4 Emissions (kgCO2e)"": ""missing"", ""Fuel Oil 5 and 6 Usage (kBtu)"": ""missing"", ""Fuel Oil 5 and 6 Emissions (kgCO2e)"": ""missing"", ""Propane Usage (kBtu)"": ""missing"", ""Propane Emissions (kgCO2e)"": ""missing"", ""Diesel Usage (kBtu)"": ""missing"", ""Diesel Emissions (kgCO2e)"": ""missing"", ""Kerosene Usage (kBtu)"": ""missing"", ""Kerosene Emissions (kgCO2e)"": ""missing"", ""Water Usage Intensity (Gallons/ft²)"": ""numeric"", ""Estimated Total GHG Emissions (kgCO2e)"": ""numeric_text""}","{""Campus ID"": ""C10066"", ""BERDO IDs in Campus"": ""106090, 107736"", ""Reported Gross Floor Area (Sq Ft)"": 48984.0, ""Reported Enclosed Parking Area (Sq Ft)"": null, ""BERDO Emissions Gross Floor Area (Sq Ft)"": 48984.0, ""Largest Property Type"": ""Multifamily Housing"", ""All Property Types and GFAs"": null, ""Total Site Energy Usage (kBtu)"": 2881171.0, ""Energy Star Score"": 95.0, ""Site EUI (Energy Use Intensity kBtu/ft²)"": 58.8, ""Natural Gas Usage (kBtu)"": ""2396800.1"", ""Natural Gas Emissions (kgCO2e)"": ""127294.053"", ""Electricity Usage (kWh)"": ""141961"", ""Electricity Emissions (kgCO2e)"": ""27619.932"", ""Renewable System Electricity Usage Onsite (kBtu)"": null, ""District Hot Water Usage (kBtu)"": null, ""District Hot Water Emissions (kgCO2e)"": null, ""District Chilled Water Usage (kBtu)"": null, ""District Chilled Water Emissions (kgCO2e)"": null, ""District Steam Usage (kBtu)"": null, ""District Steam Emissions (kgCO2e)"": null, ""Fuel Oil 1 Usage (kBtu)"": null, ""Fuel Oil 1 Emissions (kgCO2e)"": null, ""Fuel Oil 2 Usage (kBtu)"": null, ""Fuel Oil 2 Emissions (kgCO2e)"": null, ""Fuel Oil 4 Usage (kBtu)"": null, ""Fuel Oil 4 Emissions (kgCO2e)"": null, ""Fuel Oil 5 and 6 Usage (kBtu)"": null, ""Fuel Oil 5 and 6 Emissions (kgCO2e)"": null, ""Propane Usage (kBtu)"": null, ""Propane Emissions (kgCO2e)"": null, ""Diesel Usage (kBtu)"": null, ""Diesel Emissions (kgCO2e)"": null, ""Kerosene Usage (kBtu)"": null, ""Kerosene Emissions (kgCO2e)"": null, ""Water Usage Intensity (Gallons/ft²)"": 40.75, ""Estimated Total GHG Emissions (kgCO2e)"": ""154913.985"", ""Reporting Compliance Status"": null, ""First Emissions Compliance Year (Projected)"": 2025.0, ""Community Choice Electricity Participation"": null, ""Renewable Energy Purchased through a Power Purchase Agreement (PPA)"": null, ""Renewable Energy Certificate (REC) Purchase"": null, ""Backup Generator"": null, ""Battery Storage"": null, ""Electric Vehicle (EV) Charging"": null}",531,59.342211950939515,42.9534417187907,77.37173140012388,False,,,,False
C10067,campus_summary,[],Address unavailable,Unavailable,,,Multifamily Housing,39540.0,39540.0,1905729.7,48.2,48.19751390996459,-0.002486090035411337,102439.529,102.439529,102439.529,0.0,False,2.5907822205361657,25.05,91861.0,Not provided,"25,000–49,999",False,[],[],"[""emissions_components_incomplete""]",False,Data Disclosure - Campuses,53,"[{""sheet"": ""Data Disclosure - Campuses"", ""row"": 53}, {""sheet"": ""Data Disclosure"", ""row"": 5541}]","{""Reported Gross Floor Area (Sq Ft)"": ""numeric"", ""Reported Enclosed Parking Area (Sq Ft)"": ""missing"", ""BERDO Emissions Gross Floor Area (Sq Ft)"": ""numeric"", ""Total Site Energy Usage (kBtu)"": ""numeric"", ""Energy Star Score"": ""numeric"", ""Site EUI (Energy Use Intensity kBtu/ft²)"": ""numeric"", ""Natural Gas Usage (kBtu)"": ""numeric_text"", ""Natural Gas Emissions (kgCO2e)"": ""numeric_text"", ""Electricity Usage (kWh)"": ""numeric_text"", ""Electricity Emissions (kgCO2e)"": ""numeric_text"", ""Renewable System Electricity Usage Onsite (kBtu)"": ""missing"", ""District Hot Water Usage (kBtu)"": ""missing"", ""District Hot Water Emissions (kgCO2e)"": ""missing"", ""District Chilled Water Usage (kBtu)"": ""missing"", ""District Chilled Water Emissions (kgCO2e)"": ""missing"", ""District Steam Usage (kBtu)"": ""missing"", ""District Steam Emissions (kgCO2e)"": ""missing"", ""Fuel Oil 1 Usage (kBtu)"": ""missing"", ""Fuel Oil 1 Emissions (kgCO2e)"": ""missing"", ""Fuel Oil 2 Usage (kBtu)"": ""missing"", ""Fuel Oil 2 Emissions (kgCO2e)"": ""missing"", ""Fuel Oil 4 Usage (kBtu)"": ""missing"", ""Fuel Oil 4 Emissions (kgCO2e)"": ""missing"", ""Fuel Oil 5 and 6 Usage (kBtu)"": ""missing"", ""Fuel Oil 5 and 6 Emissions (kgCO2e)"": ""missing"", ""Propane Usage (kBtu)"": ""missing"", ""Propane Emissions (kgCO2e)"": ""missing"", ""Diesel Usage (kBtu)"": ""missing"", ""Diesel Emissions (kgCO2e)"": ""missing"", ""Kerosene Usage (kBtu)"": ""missing"", ""Kerosene Emissions (kgCO2e)"": ""missing"", ""Water Usage Intensity (Gallons/ft²)"": ""numeric"", ""Estimated Total GHG Emissions (kgCO2e)"": ""numeric_text""}","{""Campus ID"": ""C10067"", ""BERDO IDs in Campus"": ""107671, 107672 "", ""Reported Gross Floor Area (Sq Ft)"": 39540.0, ""Reported Enclosed Parking Area (Sq Ft)"": null, ""BERDO Emissions Gross Floor Area (Sq Ft)"": 39540.0, ""Largest Property Type"": ""Multifamily Housing"", ""All Property Types and GFAs"": null, ""Total Site Energy Usage (kBtu)"": 1905729.7, ""Energy Star Score"": 99.0, ""Site EUI (Energy Use Intensity kBtu/ft²)"": 48.2, ""Natural Gas Usage (kBtu)"": ""1592300"", ""Natural Gas Emissions (kgCO2e)"": ""84567.053"", ""Electricity Usage (kWh)"": ""91861"", ""Electricity Emissions (kgCO2e)"": ""17872.476"", ""Renewable System Electricity Usage Onsite (kBtu)"": null, ""District Hot Water Usage (kBtu)"": null, ""District Hot Water Emissions (kgCO2e)"": null, ""District Chilled Water Usage (kBtu)"": null, ""District Chilled Water Emissions (kgCO2e)"": null, ""District Steam Usage (kBtu)"": null, ""District Steam Emissions (kgCO2e)"": null, ""Fuel Oil 1 Usage (kBtu)"": null, ""Fuel Oil 1 Emissions (kgCO2e)"": null, ""Fuel Oil 2 Usage (kBtu)"": null, ""Fuel Oil 2 Emissions (kgCO2e)"": null, ""Fuel Oil 4 Usage (kBtu)"": null, ""Fuel Oil 4 Emissions (kgCO2e)"": null, ""Fuel Oil 5 and 6 Usage (kBtu)"": null, ""Fuel Oil 5 and 6 Emissions (kgCO2e)"": null, ""Propane Usage (kBtu)"": null, ""Propane Emissions (kgCO2e)"": null, ""Diesel Usage (kBtu)"": null, ""Diesel Emissions (kgCO2e)"": null, ""Kerosene Usage (kBtu)"": null, ""Kerosene Emissions (kgCO2e)"": null, ""Water Usage Intensity (Gallons/ft²)"": 25.05, ""Estimated Total GHG Emissions (kgCO2e)"": ""102439.529"", ""Reporting Compliance Status"": null, ""First Emissions Compliance Year (Projected)"": 2030.0, ""Community Choice Electricity Participation"": null, ""Renewable Energy Purchased through a Power Purchase Agreement (PPA)"": null, ""Renewable Energy Certificate (REC) Purchase"": null, ""Backup Generator"": null, ""Battery Storage"": null, ""Electric Vehicle (EV) Charging"": null}",531,59.342211950939515,42.9534417187907,77.37173140012388,False,,,,False
C10070,campus_summary,[],Address unavailable,Unavailable,,,College/University,193673.0,193673.0,22439058.5,115.9,115.8605407052093,-0.03945929479070287,1235521.175,1235.521175,1235521.1749999998,2.3283064365386963e-10,False,6.379418788370088,21.37,3279933.5,Not provided,"100,000–249,999",False,[],[],"[""emissions_components_incomplete""]",False,Data Disclosure - Campuses,54,"[{""sheet"": ""Data Disclosure - Campuses"", ""row"": 54}, {""sheet"": ""Data Disclosure"", ""row"": 5542}]","{""Reported Gross Floor Area (Sq Ft)"": ""numeric"", ""Reported Enclosed Parking Area (Sq Ft)"": ""missing"", ""BERDO Emissions Gross Floor Area (Sq Ft)"": ""numeric"", ""Total Site Energy Usage (kBtu)"": ""numeric"", ""Energy Star Score"": ""missing"", ""Site EUI (Energy Use Intensity kBtu/ft²)"": ""numeric"", ""Natural Gas Usage (kBtu)"": ""numeric_text"", ""Natural Gas Emissions (kgCO2e)"": ""numeric_text"", ""Electricity Usage (kWh)"": ""numeric_text"", ""Electricity Emissions (kgCO2e)"": ""numeric_text"", ""Renewable System Electricity Usage Onsite (kBtu)"": ""missing"", ""District Hot Water Usage (kBtu)"": ""missing"", ""District Hot Water Emissions (kgCO2e)"": ""missing"", ""District Chilled Water Usage (kBtu)"": ""missing"", ""District Chilled Water Emissions (kgCO2e)"": ""missing"", ""District Steam Usage (kBtu)"": ""missing"", ""District Steam Emissions (kgCO2e)"": ""missing"", ""Fuel Oil 1 Usage (kBtu)"": ""missing"", ""Fuel Oil 1 Emissions (kgCO2e)"": ""missing"", ""Fuel Oil 2 Usage (kBtu)"": ""missing"", ""Fuel Oil 2 Emissions (kgCO2e)"": ""missing"", ""Fuel Oil 4 Usage (kBtu)"": ""missing"", ""Fuel Oil 4 Emissions (kgCO2e)"": ""missing"", ""Fuel Oil 5 and 6 Usage (kBtu)"": ""missing"", ""Fuel Oil 5 and 6 Emissions (kgCO2e)"": ""missing"", ""Propane Usage (kBtu)"": ""missing"", ""Propane Emissions (kgCO2e)"": ""missing"", ""Diesel Usage (kBtu)"": ""missing"", ""Diesel Emissions (kgCO2e)"": ""missing"", ""Kerosene Usage (kBtu)"": ""missing"", ""Kerosene Emissions (kgCO2e)"": ""missing"", ""Water Usage Intensity (Gallons/ft²)"": ""numeric"", ""Estimated Total GHG Emissions (kgCO2e)"": ""numeric_text""}","{""Campus ID"": ""C10070"", ""BERDO IDs in Campus"": ""102826, 102830  "", ""Reported Gross Floor Area (Sq Ft)"": 193673.0, ""Reported Enclosed Parking Area (Sq Ft)"": null, ""BERDO Emissions Gross Floor Area (Sq Ft)"": 193673.0, ""Largest Property Type"": ""College/University"", ""All Property Types and GFAs"": null, ""Total Site Energy Usage (kBtu)"": 22439058.5, ""Energy Star Score"": null, ""Site EUI (Energy Use Intensity kBtu/ft²)"": 115.9, ""Natural Gas Usage (kBtu)"": ""11247925.3"", ""Natural Gas Emissions (kgCO2e)"": ""597377.313"", ""Electricity Usage (kWh)"": ""3279933.5"", ""Electricity Emissions (kgCO2e)"": ""638143.862"", ""Renewable System Electricity Usage Onsite (kBtu)"": null, ""District Hot Water Usage (kBtu)"": null, ""District Hot Water Emissions (kgCO2e)"": null, ""District Chilled Water Usage (kBtu)"": null, ""District Chilled Water Emissions (kgCO2e)"": null, ""District Steam Usage (kBtu)"": null, ""District Steam Emissions (kgCO2e)"": null, ""Fuel Oil 1 Usage (kBtu)"": null, ""Fuel Oil 1 Emissions (kgCO2e)"": null, ""Fuel Oil 2 Usage (kBtu)"": null, ""Fuel Oil 2 Emissions (kgCO2e)"": null, ""Fuel Oil 4 Usage (kBtu)"": null, ""Fuel Oil 4 Emissions (kgCO2e)"": null, ""Fuel Oil 5 and 6 Usage (kBtu)"": null, ""Fuel Oil 5 and 6 Emissions (kgCO2e)"": null, ""Propane Usage (kBtu)"": null, ""Propane Emissions (kgCO2e)"": null, ""Diesel Usage (kBtu)"": null, ""Diesel Emissions (kgCO2e)"": null, ""Kerosene Usage (kBtu)"": null, ""Kerosene Emissions (kgCO2e)"": null, ""Water Usage Intensity (Gallons/ft²)"": 21.37, ""Estimated Total GHG Emissions (kgCO2e)"": ""1235521.175"", ""Reporting Compliance Status"": null, ""First Emissions Compliance Year (Projected)"": 2025.0, ""Community Choice Electricity Participation"": null, ""Renewable Energy Purchased through a Power Purchase Agreement (PPA)"": null, ""Renewable Energy Certificate (REC) Purchase"": null, ""Backup Generator"": null, ""Battery Storage"": null, ""Electric Vehicle (EV) Charging"": null}",26,101.25378484611949,73.7914921205516,162.709528385606,False,,,,False
C10071,campus_summary,[],Address unavailable,Unavailable,,,Residence Hall/Dormitory,54083.0,54083.0,2277703.6,42.1,42.114964036758316,0.014964036758314592,124193.5,124.1935,124193.5,0.0,False,2.296350054545791,7.46,241571.6,Not provided,"50,000–99,999",False,[],[],"[""emissions_components_incomplete""]",False,Data Disclosure - Campuses,55,"[{""sheet"": ""Data Disclosure - Campuses"", ""row"": 55}, {""sheet"": ""Data Disclosure"", ""row"": 5543}]","{""Reported Gross Floor Area (Sq Ft)"": ""numeric"", ""Reported Enclosed Parking Area (Sq Ft)"": ""missing"", ""BERDO Emissions Gross Floor Area (Sq Ft)"": ""numeric"", ""Total Site Energy Usage (kBtu)"": ""numeric"", ""Energy Star Score"": ""missing"", ""Site EUI (Energy Use Intensity kBtu/ft²)"": ""numeric"", ""Natural Gas Usage (kBtu)"": ""numeric_text"", ""Natural Gas Emissions (kgCO2e)"": ""numeric_text"", ""Electricity Usage (kWh)"": ""numeric_text"", ""Electricity Emissions (kgCO2e)"": ""numeric_text"", ""Renewable System Electricity Usage Onsite (kBtu)"": ""missing"", ""District Hot Water Usage (kBtu)"": ""missing"", ""District Hot Water Emissions (kgCO2e)"": ""missing"", ""District Chilled Water Usage (kBtu)"": ""missing"", ""District Chilled Water Emissions (kgCO2e)"": ""missing"", ""District Steam Usage (kBtu)"": ""missing"", ""District Steam Emissions (kgCO2e)"": ""missing"", ""Fuel Oil 1 Usage (kBtu)"": ""missing"", ""Fuel Oil 1 Emissions (kgCO2e)"": ""missing"", ""Fuel Oil 2 Usage (kBtu)"": ""missing"", ""Fuel Oil 2 Emissions (kgCO2e)"": ""missing"", ""Fuel Oil 4 Usage (kBtu)"": ""missing"", ""Fuel Oil 4 Emissions (kgCO2e)"": ""missing"", ""Fuel Oil 5 and 6 Usage (kBtu)"": ""missing"", ""Fuel Oil 5 and 6 Emissions (kgCO2e)"": ""missing"", ""Propane Usage (kBtu)"": ""missing"", ""Propane Emissions (kgCO2e)"": ""missing"", ""Diesel Usage (kBtu)"": ""missing"", ""Diesel Emissions (kgCO2e)"": ""missing"", ""Kerosene Usage (kBtu)"": ""missing"", ""Kerosene Emissions (kgCO2e)"": ""missing"", ""Water Usage Intensity (Gallons/ft²)"": ""numeric"", ""Estimated Total GHG Emissions (kgCO2e)"": ""numeric_text""}","{""Campus ID"": ""C10071"", ""BERDO IDs in Campus"": ""106324, 106325"", ""Reported Gross Floor Area (Sq Ft)"": 54083.0, ""Reported Enclosed Parking Area (Sq Ft)"": null, ""BERDO Emissions Gross Floor Area (Sq Ft)"": 54083.0, ""Largest Property Type"": ""Residence Hall/Dormitory"", ""All Property Types and GFAs"": null, ""Total Site Energy Usage (kBtu)"": 2277703.6, ""Energy Star Score"": null, ""Site EUI (Energy Use Intensity kBtu/ft²)"": 42.1, ""Natural Gas Usage (kBtu)"": ""1453461.3"", ""Natural Gas Emissions (kgCO2e)"": ""77193.33"", ""Electricity Usage (kWh)"": ""241571.6"", ""Electricity Emissions (kgCO2e)"": ""47000.17"", ""Renewable System Electricity Usage Onsite (kBtu)"": null, ""District Hot Water Usage (kBtu)"": null, ""District Hot Water Emissions (kgCO2e)"": null, ""District Chilled Water Usage (kBtu)"": null, ""District Chilled Water Emissions (kgCO2e)"": null, ""District Steam Usage (kBtu)"": null, ""District Steam Emissions (kgCO2e)"": null, ""Fuel Oil 1 Usage (kBtu)"": null, ""Fuel Oil 1 Emissions (kgCO2e)"": null, ""Fuel Oil 2 Usage (kBtu)"": null, ""Fuel Oil 2 Emissions (kgCO2e)"": null, ""Fuel Oil 4 Usage (kBtu)"": null, ""Fuel Oil 4 Emissions (kgCO2e)"": null, ""Fuel Oil 5 and 6 Usage (kBtu)"": null, ""Fuel Oil 5 and 6 Emissions (kgCO2e)"": null, ""Propane Usage (kBtu)"": null, ""Propane Emissions (kgCO2e)"": null, ""Diesel Usage (kBtu)"": null, ""Diesel Emissions (kgCO2e)"": null, ""Kerosene Usage (kBtu)"": null, ""Kerosene Emissions (kgCO2e)"": null, ""Water Usage Intensity (Gallons/ft²)"": 7.46, ""Estimated Total GHG Emissions (kgCO2e)"": ""124193.5"", ""Reporting Compliance Status"": null, ""First Emissions Compliance Year (Projected)"": 2025.0, ""Community Choice Electricity Participation"": null, ""Renewable Energy Purchased through a Power Purchase Agreement (PPA)"": null, ""Renewable Energy Certificate (REC) Purchase"": null, ""Backup Generator"": null, ""Battery Storage"": null, ""Electric Vehicle (EV) Charging"": null}",7,91.43812596274014,67.00649883162632,102.82832626004712,False,,,,False
C10072,campus_summary,[],Address unavailable,Unavailable,,,Not reported,,,,,,,,,,,False,,,,Not provided,,False,"[""floor_area_missing"", ""site_energy_missing"", ""reported_eui_missing"", ""property_type_missing""]","[""estimated_emissions_missing""]","[""floor_area_missing"", ""site_energy_missing"", ""reported_eui_missing"", ""estimated_emissions_missing"", ""emissions_components_incomplete"", ""property_type_missing""]",True,Data Disclosure - Campuses,56,"[{""sheet"": ""Data Disclosure - Campuses"", ""row"": 56}, {""sheet"": ""Data Disclosure"", ""row"": 5544}]","{""Reported Gross Floor Area (Sq Ft)"": ""missing"", ""Reported Enclosed Parking Area (Sq Ft)"": ""missing"", ""BERDO Emissions Gross Floor Area (Sq Ft)"": ""missing"", ""Total Site Energy Usage (kBtu)"": ""missing"", ""Energy Star Score"": ""missing"", ""Site EUI (Energy Use Intensity kBtu/ft²)"": ""missing"", ""Natural Gas Usage (kBtu)"": ""missing"", ""Natural Gas Emissions (kgCO2e)"": ""missing"", ""Electricity Usage (kWh)"": ""missing"", ""Electricity Emissions (kgCO2e)"": ""missing"", ""Renewable System Electricity Usage Onsite (kBtu)"": ""missing"", ""District Hot Water Usage (kBtu)"": ""missing"", ""District Hot Water Emissions (kgCO2e)"": ""missing"", ""District Chilled Water Usage (kBtu)"": ""missing"", ""District Chilled Water Emissions (kgCO2e)"": ""missing"", ""District Steam Usage (kBtu)"": ""missing"", ""District Steam Emissions (kgCO2e)"": ""missing"", ""Fuel Oil 1 Usage (kBtu)"": ""missing"", ""Fuel Oil 1 Emissions (kgCO2e)"": ""missing"", ""Fuel Oil 2 Usage (kBtu)"": ""missing"", ""Fuel Oil 2 Emissions (kgCO2e)"": ""missing"", ""Fuel Oil 4 Usage (kBtu)"": ""missing"", ""Fuel Oil 4 Emissions (kgCO2e)"": ""missing"", ""Fuel Oil 5 and 6 Usage (kBtu)"": ""missing"", ""Fuel Oil 5 and 6 Emissions (kgCO2e)"": ""missing"", ""Propane Usage (kBtu)"": ""missing"", ""Propane Emissions (kgCO2e)"": ""missing"", ""Diesel Usage (kBtu)"": ""missing"", ""Diesel Emissions (kgCO2e)"": ""missing"", ""Kerosene Usage (kBtu)"": ""missing"", ""Kerosene Emissions (kgCO2e)"": ""missing"", ""Water Usage Intensity (Gallons/ft²)"": ""missing"", ""Estimated Total GHG Emissions (kgCO2e)"": ""missing""}","{""Campus ID"": ""C10072"", ""BERDO IDs in Campus"": ""107268, 107269"", ""Reported Gross Floor Area (Sq Ft)"": null, ""Reported Enclosed Parking Area (Sq Ft)"": null, ""BERDO Emissions Gross Floor Area (Sq Ft)"": null, ""Largest Property Type"": null, ""All Property Types and GFAs"": null, ""Total Site Energy Usage (kBtu)"": null, ""Energy Star Score"": null, ""Site EUI (Energy Use Intensity kBtu/ft²)"": null, ""Natural Gas Usage (kBtu)"": null, ""Natural Gas Emissions (kgCO2e)"": null, ""Electricity Usage (kWh)"": null, ""Electricity Emissions (kgCO2e)"": null, ""Renewable System Electricity Usage Onsite (kBtu)"": null, ""District Hot Water Usage (kBtu)"": null, ""District Hot Water Emissions (kgCO2e)"": null, ""District Chilled Water Usage (kBtu)"": null, ""District Chilled Water Emissions (kgCO2e)"": null, ""District Steam Usage (kBtu)"": null, ""District Steam Emissions (kgCO2e)"": null, ""Fuel Oil 1 Usage (kBtu)"": null, ""Fuel Oil 1 Emissions (kgCO2e)"": null, ""Fuel Oil 2 Usage (kBtu)"": null, ""Fuel Oil 2 Emissions (kgCO2e)"": null, ""Fuel Oil 4 Usage (kBtu)"": null, ""Fuel Oil 4 Emissions (kgCO2e)"": null, ""Fuel Oil 5 and 6 Usage (kBtu)"": null, ""Fuel Oil 5 and 6 Emissions (kgCO2e)"": null, ""Propane Usage (kBtu)"": null, ""Propane Emissions (kgCO2e)"": null, ""Diesel Usage (kBtu)"": null, ""Diesel Emissions (kgCO2e)"": null, ""Kerosene Usage (kBtu)"": null, ""Kerosene Emissions (kgCO2e)"": null, ""Water Usage Intensity (Gallons/ft²)"": null, ""Estimated Total GHG Emissions (kgCO2e)"": null, ""Reporting Compliance Status"": null, ""First Emissions Compliance Year (Projected)"": 2030.0, ""Community Choice Electricity Participation"": null, ""Renewable Energy Purchased through a Power Purchase Agreement (PPA)"": null, ""Renewable Energy Certificate (REC) Purchase"": null, ""Backup Generator"": null, ""Battery Storage"": null, ""Electric Vehicle (EV) Charging"": null}",0,,,,False,,,,False
C10073,campus_summary,[],Address unavailable,Unavailable,,,Multifamily Housing,89046.0,89046.0,7658813.2,86.0,86.00962648518744,0.00962648518743947,514817.949,514.817949,514817.949,0.0,False,5.781483154773937,61.03,280195.0,Not provided,"50,000–99,999",False,[],[],"[""emissions_components_incomplete""]",False,Data Disclosure - Campuses,57,"[{""sheet"": ""Data Disclosure - Campuses"", ""row"": 57}, {""sheet"": ""Data Disclosure"", ""row"": 5545}]","{""Reported Gross Floor Area (Sq Ft)"": ""numeric"", ""Reported Enclosed Parking Area (Sq Ft)"": ""missing"", ""BERDO Emissions Gross Floor Area (Sq Ft)"": ""numeric"", ""Total Site Energy Usage (kBtu)"": ""numeric"", ""Energy Star Score"": ""numeric"", ""Site EUI (Energy Use Intensity kBtu/ft²)"": ""numeric"", ""Natural Gas Usage (kBtu)"": ""numeric_text"", ""Natural Gas Emissions (kgCO2e)"": ""numeric_text"", ""Electricity Usage (kWh)"": ""numeric_text"", ""Electricity Emissions (kgCO2e)"": ""numeric_text"", ""Renewable System Electricity Usage Onsite (kBtu)"": ""missing"", ""District Hot Water Usage (kBtu)"": ""missing"", ""District Hot Water Emissions (kgCO2e)"": ""missing"", ""District Chilled Water Usage (kBtu)"": ""missing"", ""District Chilled Water Emissions (kgCO2e)"": ""missing"", ""District Steam Usage (kBtu)"": ""missing"", ""District Steam Emissions (kgCO2e)"": ""missing"", ""Fuel Oil 1 Usage (kBtu)"": ""missing"", ""Fuel Oil 1 Emissions (kgCO2e)"": ""missing"", ""Fuel Oil 2 Usage (kBtu)"": ""numeric_text"", ""Fuel Oil 2 Emissions (kgCO2e)"": ""numeric_text"", ""Fuel Oil 4 Usage (kBtu)"": ""missing"", ""Fuel Oil 4 Emissions (kgCO2e)"": ""missing"", ""Fuel Oil 5 and 6 Usage (kBtu)"": ""missing"", ""Fuel Oil 5 and 6 Emissions (kgCO2e)"": ""missing"", ""Propane Usage (kBtu)"": ""missing"", ""Propane Emissions (kgCO2e)"": ""missing"", ""Diesel Usage (kBtu)"": ""missing"", ""Diesel Emissions (kgCO2e)"": ""missing"", ""Kerosene Usage (kBtu)"": ""missing"", ""Kerosene Emissions (kgCO2e)"": ""missing"", ""Water Usage Intensity (Gallons/ft²)"": ""numeric"", ""Estimated Total GHG Emissions (kgCO2e)"": ""numeric_text""}","{""Campus ID"": ""C10073"", ""BERDO IDs in Campus"": ""101326, 101325, 101324"", ""Reported Gross Floor Area (Sq Ft)"": 89046.0, ""Reported Enclosed Parking Area (Sq Ft)"": null, ""BERDO Emissions Gross Floor Area (Sq Ft)"": 89046.0, ""Largest Property Type"": ""Multifamily Housing"", ""All Property Types and GFAs"": null, ""Total Site Energy Usage (kBtu)"": 7658813.2, ""Energy Star Score"": 80.0, ""Site EUI (Energy Use Intensity kBtu/ft²)"": 86.0, ""Natural Gas Usage (kBtu)"": ""1758800"", ""Natural Gas Emissions (kgCO2e)"": ""93409.868"", ""Electricity Usage (kWh)"": ""280195"", ""Electricity Emissions (kgCO2e)"": ""54514.739"", ""Renewable System Electricity Usage Onsite (kBtu)"": null, ""District Hot Water Usage (kBtu)"": null, ""District Hot Water Emissions (kgCO2e)"": null, ""District Chilled Water Usage (kBtu)"": null, ""District Chilled Water Emissions (kgCO2e)"": null, ""District Steam Usage (kBtu)"": null, ""District Steam Emissions (kgCO2e)"": null, ""Fuel Oil 1 Usage (kBtu)"": null, ""Fuel Oil 1 Emissions (kgCO2e)"": null, ""Fuel Oil 2 Usage (kBtu)"": ""4943987.9"", ""Fuel Oil 2 Emissions (kgCO2e)"": ""366893.342"", ""Fuel Oil 4 Usage (kBtu)"": null, ""Fuel Oil 4 Emissions (kgCO2e)"": null, ""Fuel Oil 5 and 6 Usage (kBtu)"": null, ""Fuel Oil 5 and 6 Emissions (kgCO2e)"": null, ""Propane Usage (kBtu)"": null, ""Propane Emissions (kgCO2e)"": null, ""Diesel Usage (kBtu)"": null, ""Diesel Emissions (kgCO2e)"": null, ""Kerosene Usage (kBtu)"": null, ""Kerosene Emissions (kgCO2e)"": null, ""Water Usage Intensity (Gallons/ft²)"": 61.03, ""Estimated Total GHG Emissions (kgCO2e)"": ""514817.949"", ""Reporting Compliance Status"": null, ""First Emissions Compliance Year (Projected)"": 2025.0, ""Community Choice Electricity Participation"": null, ""Renewable Energy Purchased through a Power Purchase Agreement (PPA)"": null, ""Renewable Energy Certificate (REC) Purchase"": null, ""Backup Generator"": null, ""Battery Storage"": null, ""Electric Vehicle (EV) Charging"": null}",266,57.27094736867103,41.548928626119505,72.61095746052767,False,,,,False
C10075,campus_summary,[],Address unavailable,Unavailable,,,Multifamily Housing,32875.0,32875.0,2047712.4,62.3,62.287829657794674,-0.012170342205322981,110119.831,110.119831,110119.83099999999,1.4551915228366852e-11,False,3.3496526539923956,32.16,102319.0,Not provided,"25,000–49,999",False,[],[],"[""emissions_components_incomplete""]",False,Data Disclosure - Campuses,58,"[{""sheet"": ""Data Disclosure - Campuses"", ""row"": 58}, {""sheet"": ""Data Disclosure"", ""row"": 5546}]","{""Reported Gross Floor Area (Sq Ft)"": ""numeric"", ""Reported Enclosed Parking Area (Sq Ft)"": ""missing"", ""BERDO Emissions Gross Floor Area (Sq Ft)"": ""numeric"", ""Total Site Energy Usage (kBtu)"": ""numeric"", ""Energy Star Score"": ""numeric"", ""Site EUI (Energy Use Intensity kBtu/ft²)"": ""numeric"", ""Natural Gas Usage (kBtu)"": ""numeric_text"", ""Natural Gas Emissions (kgCO2e)"": ""numeric_text"", ""Electricity Usage (kWh)"": ""numeric_text"", ""Electricity Emissions (kgCO2e)"": ""numeric_text"", ""Renewable System Electricity Usage Onsite (kBtu)"": ""missing"", ""District Hot Water Usage (kBtu)"": ""missing"", ""District Hot Water Emissions (kgCO2e)"": ""missing"", ""District Chilled Water Usage (kBtu)"": ""missing"", ""District Chilled Water Emissions (kgCO2e)"": ""missing"", ""District Steam Usage (kBtu)"": ""missing"", ""District Steam Emissions (kgCO2e)"": ""missing"", ""Fuel Oil 1 Usage (kBtu)"": ""missing"", ""Fuel Oil 1 Emissions (kgCO2e)"": ""missing"", ""Fuel Oil 2 Usage (kBtu)"": ""missing"", ""Fuel Oil 2 Emissions (kgCO2e)"": ""missing"", ""Fuel Oil 4 Usage (kBtu)"": ""missing"", ""Fuel Oil 4 Emissions (kgCO2e)"": ""missing"", ""Fuel Oil 5 and 6 Usage (kBtu)"": ""missing"", ""Fuel Oil 5 and 6 Emissions (kgCO2e)"": ""missing"", ""Propane Usage (kBtu)"": ""missing"", ""Propane Emissions (kgCO2e)"": ""missing"", ""Diesel Usage (kBtu)"": ""missing"", ""Diesel Emissions (kgCO2e)"": ""missing"", ""Kerosene Usage (kBtu)"": ""missing"", ""Kerosene Emissions (kgCO2e)"": ""missing"", ""Water Usage Intensity (Gallons/ft²)"": ""numeric"", ""Estimated Total GHG Emissions (kgCO2e)"": ""numeric_text""}","{""Campus ID"": ""C10075"", ""BERDO IDs in Campus"": ""100717, 108087"", ""Reported Gross Floor Area (Sq Ft)"": 32875.0, ""Reported Enclosed Parking Area (Sq Ft)"": null, ""BERDO Emissions Gross Floor Area (Sq Ft)"": 32875.0, ""Largest Property Type"": ""Multifamily Housing"", ""All Property Types and GFAs"": null, ""Total Site Energy Usage (kBtu)"": 2047712.4, ""Energy Star Score"": 93.0, ""Site EUI (Energy Use Intensity kBtu/ft²)"": 62.3, ""Natural Gas Usage (kBtu)"": ""1698600"", ""Natural Gas Emissions (kgCO2e)"": ""90212.646"", ""Electricity Usage (kWh)"": ""102319"", ""Electricity Emissions (kgCO2e)"": ""19907.185"", ""Renewable System Electricity Usage Onsite (kBtu)"": null, ""District Hot Water Usage (kBtu)"": null, ""District Hot Water Emissions (kgCO2e)"": null, ""District Chilled Water Usage (kBtu)"": null, ""District Chilled Water Emissions (kgCO2e)"": null, ""District Steam Usage (kBtu)"": null, ""District Steam Emissions (kgCO2e)"": null, ""Fuel Oil 1 Usage (kBtu)"": null, ""Fuel Oil 1 Emissions (kgCO2e)"": null, ""Fuel Oil 2 Usage (kBtu)"": null, ""Fuel Oil 2 Emissions (kgCO2e)"": null, ""Fuel Oil 4 Usage (kBtu)"": null, ""Fuel Oil 4 Emissions (kgCO2e)"": null, ""Fuel Oil 5 and 6 Usage (kBtu)"": null, ""Fuel Oil 5 and 6 Emissions (kgCO2e)"": null, ""Propane Usage (kBtu)"": null, ""Propane Emissions (kgCO2e)"": null, ""Diesel Usage (kBtu)"": null, ""Diesel Emissions (kgCO2e)"": null, ""Kerosene Usage (kBtu)"": null, ""Kerosene Emissions (kgCO2e)"": null, ""Water Usage Intensity (Gallons/ft²)"": 32.16, ""Estimated Total GHG Emissions (kgCO2e)"": ""110119.831"", ""Reporting Compliance Status"": null, ""First Emissions Compliance Year (Projected)"": 2025.0, ""Community Choice Electricity Participation"": null, ""Renewable Energy Purchased through a Power Purchase Agreement (PPA)"": null, ""Renewable Energy Certificate (REC) Purchase"": null, ""Backup Generator"": null, ""Battery Storage"": null, ""Electric Vehicle (EV) Charging"": null}",531,59.342211950939515,42.9534417187907,77.37173140012388,False,,,,False
C10076,campus_summary,[],Address unavailable,Unavailable,,,Multifamily Housing,75581.0,75581.0,1372620.8,18.2,18.160924041756527,-0.03907595824347254,76890.493,76.890493,76890.493,0.0,False,1.0173256903189956,30.63,298951.0,Not provided,"50,000–99,999",False,[],[],"[""emissions_components_incomplete""]",False,Data Disclosure - Campuses,59,"[{""sheet"": ""Data Disclosure - Campuses"", ""row"": 59}, {""sheet"": ""Data Disclosure"", ""row"": 5547}]","{""Reported Gross Floor Area (Sq Ft)"": ""numeric"", ""Reported Enclosed Parking Area (Sq Ft)"": ""missing"", ""BERDO Emissions Gross Floor Area (Sq Ft)"": ""numeric"", ""Total Site Energy Usage (kBtu)"": ""numeric"", ""Energy Star Score"": ""numeric"", ""Site EUI (Energy Use Intensity kBtu/ft²)"": ""numeric"", ""Natural Gas Usage (kBtu)"": ""numeric_text"", ""Natural Gas Emissions (kgCO2e)"": ""numeric_text"", ""Electricity Usage (kWh)"": ""numeric_text"", ""Electricity Emissions (kgCO2e)"": ""numeric_text"", ""Renewable System Electricity Usage Onsite (kBtu)"": ""missing"", ""District Hot Water Usage (kBtu)"": ""missing"", ""District Hot Water Emissions (kgCO2e)"": ""missing"", ""District Chilled Water Usage (kBtu)"": ""missing"", ""District Chilled Water Emissions (kgCO2e)"": ""missing"", ""District Steam Usage (kBtu)"": ""missing"", ""District Steam Emissions (kgCO2e)"": ""missing"", ""Fuel Oil 1 Usage (kBtu)"": ""missing"", ""Fuel Oil 1 Emissions (kgCO2e)"": ""missing"", ""Fuel Oil 2 Usage (kBtu)"": ""missing"", ""Fuel Oil 2 Emissions (kgCO2e)"": ""missing"", ""Fuel Oil 4 Usage (kBtu)"": ""missing"", ""Fuel Oil 4 Emissions (kgCO2e)"": ""missing"", ""Fuel Oil 5 and 6 Usage (kBtu)"": ""missing"", ""Fuel Oil 5 and 6 Emissions (kgCO2e)"": ""missing"", ""Propane Usage (kBtu)"": ""missing"", ""Propane Emissions (kgCO2e)"": ""missing"", ""Diesel Usage (kBtu)"": ""missing"", ""Diesel Emissions (kgCO2e)"": ""missing"", ""Kerosene Usage (kBtu)"": ""missing"", ""Kerosene Emissions (kgCO2e)"": ""missing"", ""Water Usage Intensity (Gallons/ft²)"": ""numeric"", ""Estimated Total GHG Emissions (kgCO2e)"": ""numeric_text""}","{""Campus ID"": ""C10076"", ""BERDO IDs in Campus"": ""103380, 107501, 107502, 107503, 107504 "", ""Reported Gross Floor Area (Sq Ft)"": 75581.0, ""Reported Enclosed Parking Area (Sq Ft)"": null, ""BERDO Emissions Gross Floor Area (Sq Ft)"": 75581.0, ""Largest Property Type"": ""Multifamily Housing"", ""All Property Types and GFAs"": null, ""Total Site Energy Usage (kBtu)"": 1372620.8, ""Energy Star Score"": 100.0, ""Site EUI (Energy Use Intensity kBtu/ft²)"": 18.2, ""Natural Gas Usage (kBtu)"": ""352600"", ""Natural Gas Emissions (kgCO2e)"": ""18726.586"", ""Electricity Usage (kWh)"": ""298951"", ""Electricity Emissions (kgCO2e)"": ""58163.907"", ""Renewable System Electricity Usage Onsite (kBtu)"": null, ""District Hot Water Usage (kBtu)"": null, ""District Hot Water Emissions (kgCO2e)"": null, ""District Chilled Water Usage (kBtu)"": null, ""District Chilled Water Emissions (kgCO2e)"": null, ""District Steam Usage (kBtu)"": null, ""District Steam Emissions (kgCO2e)"": null, ""Fuel Oil 1 Usage (kBtu)"": null, ""Fuel Oil 1 Emissions (kgCO2e)"": null, ""Fuel Oil 2 Usage (kBtu)"": null, ""Fuel Oil 2 Emissions (kgCO2e)"": null, ""Fuel Oil 4 Usage (kBtu)"": null, ""Fuel Oil 4 Emissions (kgCO2e)"": null, ""Fuel Oil 5 and 6 Usage (kBtu)"": null, ""Fuel Oil 5 and 6 Emissions (kgCO2e)"": null, ""Propane Usage (kBtu)"": null, ""Propane Emissions (kgCO2e)"": null, ""Diesel Usage (kBtu)"": null, ""Diesel Emissions (kgCO2e)"": null, ""Kerosene Usage (kBtu)"": null, ""Kerosene Emissions (kgCO2e)"": null, ""Water Usage Intensity (Gallons/ft²)"": 30.63, ""Estimated Total GHG Emissions (kgCO2e)"": ""76890.493"", ""Reporting Compliance Status"": null, ""First Emissions Compliance Year (Projected)"": 2025.0, ""Community Choice Electricity Participation"": null, ""Renewable Energy Purchased through a Power Purchase Agreement (PPA)"": null, ""Renewable Energy Certificate (REC) Purchase"": null, ""Backup Generator"": null, ""Battery Storage"": null, ""Electric Vehicle (EV) Charging"": null}",266,57.27094736867103,41.548928626119505,72.61095746052767,False,,,,False
C10077,campus_summary,[],Address unavailable,Unavailable,,,Office,58242.0,58242.0,3250425.3,55.8,55.80895745338415,0.008957453384155656,176073.385,176.073385,176073.385,0.0,False,3.0231342501974523,3.39,257950.0,Not provided,"50,000–99,999",False,[],[],"[""emissions_components_incomplete""]",False,Data Disclosure - Campuses,60,"[{""sheet"": ""Data Disclosure - Campuses"", ""row"": 60}, {""sheet"": ""Data Disclosure"", ""row"": 5548}]","{""Reported Gross Floor Area (Sq Ft)"": ""numeric"", ""Reported Enclosed Parking Area (Sq Ft)"": ""missing"", ""BERDO Emissions Gross Floor Area (Sq Ft)"": ""numeric"", ""Total Site Energy Usage (kBtu)"": ""numeric"", ""Energy Star Score"": ""missing"", ""Site EUI (Energy Use Intensity kBtu/ft²)"": ""numeric"", ""Natural Gas Usage (kBtu)"": ""numeric_text"", ""Natural Gas Emissions (kgCO2e)"": ""numeric_text"", ""Electricity Usage (kWh)"": ""numeric_text"", ""Electricity Emissions (kgCO2e)"": ""numeric_text"", ""Renewable System Electricity Usage Onsite (kBtu)"": ""missing"", ""District Hot Water Usage (kBtu)"": ""missing"", ""District Hot Water Emissions (kgCO2e)"": ""missing"", ""District Chilled Water Usage (kBtu)"": ""missing"", ""District Chilled Water Emissions (kgCO2e)"": ""missing"", ""District Steam Usage (kBtu)"": ""missing"", ""District Steam Emissions (kgCO2e)"": ""missing"", ""Fuel Oil 1 Usage (kBtu)"": ""missing"", ""Fuel Oil 1 Emissions (kgCO2e)"": ""missing"", ""Fuel Oil 2 Usage (kBtu)"": ""missing"", ""Fuel Oil 2 Emissions (kgCO2e)"": ""missing"", ""Fuel Oil 4 Usage (kBtu)"": ""missing"", ""Fuel Oil 4 Emissions (kgCO2e)"": ""missing"", ""Fuel Oil 5 and 6 Usage (kBtu)"": ""missing"", ""Fuel Oil 5 and 6 Emissions (kgCO2e)"": ""missing"", ""Propane Usage (kBtu)"": ""missing"", ""Propane Emissions (kgCO2e)"": ""missing"", ""Diesel Usage (kBtu)"": ""missing"", ""Diesel Emissions (kgCO2e)"": ""missing"", ""Kerosene Usage (kBtu)"": ""missing"", ""Kerosene Emissions (kgCO2e)"": ""missing"", ""Water Usage Intensity (Gallons/ft²)"": ""numeric"", ""Estimated Total GHG Emissions (kgCO2e)"": ""numeric_text""}","{""Campus ID"": ""C10077"", ""BERDO IDs in Campus"": ""104015, 104010"", ""Reported Gross Floor Area (Sq Ft)"": 58242.0, ""Reported Enclosed Parking Area (Sq Ft)"": null, ""BERDO Emissions Gross Floor Area (Sq Ft)"": 58242.0, ""Largest Property Type"": ""Office"", ""All Property Types and GFAs"": null, ""Total Site Energy Usage (kBtu)"": 3250425.3, ""Energy Star Score"": null, ""Site EUI (Energy Use Intensity kBtu/ft²)"": 55.8, ""Natural Gas Usage (kBtu)"": ""2370300"", ""Natural Gas Emissions (kgCO2e)"": ""125886.633"", ""Electricity Usage (kWh)"": ""257950"", ""Electricity Emissions (kgCO2e)"": ""50186.752"", ""Renewable System Electricity Usage Onsite (kBtu)"": null, ""District Hot Water Usage (kBtu)"": null, ""District Hot Water Emissions (kgCO2e)"": null, ""District Chilled Water Usage (kBtu)"": null, ""District Chilled Water Emissions (kgCO2e)"": null, ""District Steam Usage (kBtu)"": null, ""District Steam Emissions (kgCO2e)"": null, ""Fuel Oil 1 Usage (kBtu)"": null, ""Fuel Oil 1 Emissions (kgCO2e)"": null, ""Fuel Oil 2 Usage (kBtu)"": null, ""Fuel Oil 2 Emissions (kgCO2e)"": null, ""Fuel Oil 4 Usage (kBtu)"": null, ""Fuel Oil 4 Emissions (kgCO2e)"": null, ""Fuel Oil 5 and 6 Usage (kBtu)"": null, ""Fuel Oil 5 and 6 Emissions (kgCO2e)"": null, ""Propane Usage (kBtu)"": null, ""Propane Emissions (kgCO2e)"": null, ""Diesel Usage (kBtu)"": null, ""Diesel Emissions (kgCO2e)"": null, ""Kerosene Usage (kBtu)"": null, ""Kerosene Emissions (kgCO2e)"": null, ""Water Usage Intensity (Gallons/ft²)"": 3.39, ""Estimated Total GHG Emissions (kgCO2e)"": ""176073.385"", ""Reporting Compliance Status"": null, ""First Emissions Compliance Year (Projected)"": 2025.0, ""Community Choice Electricity Participation"": null, ""Renewable Energy Purchased through a Power Purchase Agreement (PPA)"": null, ""Renewable Energy Certificate (REC) Purchase"": null, ""Backup Generator"": null, ""Battery Storage"": null, ""Electric Vehicle (EV) Charging"": null}",88,51.918980234902534,36.862379339205845,66.79582932228789,False,,,,False
C10078,campus_summary,[],Address unavailable,Unavailable,,,Not reported,,,,,,,,,,,False,,,,Not provided,,False,"[""floor_area_missing"", ""site_energy_missing"", ""reported_eui_missing"", ""property_type_missing""]","[""estimated_emissions_missing""]","[""floor_area_missing"", ""site_energy_missing"", ""reported_eui_missing"", ""estimated_emissions_missing"", ""emissions_components_incomplete"", ""property_type_missing""]",True,Data Disclosure - Campuses,61,"[{""sheet"": ""Data Disclosure - Campuses"", ""row"": 61}, {""sheet"": ""Data Disclosure"", ""row"": 5549}]","{""Reported Gross Floor Area (Sq Ft)"": ""missing"", ""Reported Enclosed Parking Area (Sq Ft)"": ""missing"", ""BERDO Emissions Gross Floor Area (Sq Ft)"": ""missing"", ""Total Site Energy Usage (kBtu)"": ""missing"", ""Energy Star Score"": ""missing"", ""Site EUI (Energy Use Intensity kBtu/ft²)"": ""missing"", ""Natural Gas Usage (kBtu)"": ""missing"", ""Natural Gas Emissions (kgCO2e)"": ""missing"", ""Electricity Usage (kWh)"": ""missing"", ""Electricity Emissions (kgCO2e)"": ""missing"", ""Renewable System Electricity Usage Onsite (kBtu)"": ""missing"", ""District Hot Water Usage (kBtu)"": ""missing"", ""District Hot Water Emissions (kgCO2e)"": ""missing"", ""District Chilled Water Usage (kBtu)"": ""missing"", ""District Chilled Water Emissions (kgCO2e)"": ""missing"", ""District Steam Usage (kBtu)"": ""missing"", ""District Steam Emissions (kgCO2e)"": ""missing"", ""Fuel Oil 1 Usage (kBtu)"": ""missing"", ""Fuel Oil 1 Emissions (kgCO2e)"": ""missing"", ""Fuel Oil 2 Usage (kBtu)"": ""missing"", ""Fuel Oil 2 Emissions (kgCO2e)"": ""missing"", ""Fuel Oil 4 Usage (kBtu)"": ""missing"", ""Fuel Oil 4 Emissions (kgCO2e)"": ""missing"", ""Fuel Oil 5 and 6 Usage (kBtu)"": ""missing"", ""Fuel Oil 5 and 6 Emissions (kgCO2e)"": ""missing"", ""Propane Usage (kBtu)"": ""missing"", ""Propane Emissions (kgCO2e)"": ""missing"", ""Diesel Usage (kBtu)"": ""missing"", ""Diesel Emissions (kgCO2e)"": ""missing"", ""Kerosene Usage (kBtu)"": ""missing"", ""Kerosene Emissions (kgCO2e)"": ""missing"", ""Water Usage Intensity (Gallons/ft²)"": ""missing"", ""Estimated Total GHG Emissions (kgCO2e)"": ""missing""}","{""Campus ID"": ""C10078"", ""BERDO IDs in Campus"": ""105974, 105970, 105971, 105972, 105973"", ""Reported Gross Floor Area (Sq Ft)"": null, ""Reported Enclosed Parking Area (Sq Ft)"": null, ""BERDO Emissions Gross Floor Area (Sq Ft)"": null, ""Largest Property Type"": null, ""All Property Types and GFAs"": null, ""Total Site Energy Usage (kBtu)"": null, ""Energy Star Score"": null, ""Site EUI (Energy Use Intensity kBtu/ft²)"": null, ""Natural Gas Usage (kBtu)"": null, ""Natural Gas Emissions (kgCO2e)"": null, ""Electricity Usage (kWh)"": null, ""Electricity Emissions (kgCO2e)"": null, ""Renewable System Electricity Usage Onsite (kBtu)"": null, ""District Hot Water Usage (kBtu)"": null, ""District Hot Water Emissions (kgCO2e)"": null, ""District Chilled Water Usage (kBtu)"": null, ""District Chilled Water Emissions (kgCO2e)"": null, ""District Steam Usage (kBtu)"": null, ""District Steam Emissions (kgCO2e)"": null, ""Fuel Oil 1 Usage (kBtu)"": null, ""Fuel Oil 1 Emissions (kgCO2e)"": null, ""Fuel Oil 2 Usage (kBtu)"": null, ""Fuel Oil 2 Emissions (kgCO2e)"": null, ""Fuel Oil 4 Usage (kBtu)"": null, ""Fuel Oil 4 Emissions (kgCO2e)"": null, ""Fuel Oil 5 and 6 Usage (kBtu)"": null, ""Fuel Oil 5 and 6 Emissions (kgCO2e)"": null, ""Propane Usage (kBtu)"": null, ""Propane Emissions (kgCO2e)"": null, ""Diesel Usage (kBtu)"": null, ""Diesel Emissions (kgCO2e)"": null, ""Kerosene Usage (kBtu)"": null, ""Kerosene Emissions (kgCO2e)"": null, ""Water Usage Intensity (Gallons/ft²)"": null, ""Estimated Total GHG Emissions (kgCO2e)"": null, ""Reporting Compliance Status"": null, ""First Emissions Compliance Year (Projected)"": 2030.0, ""Community Choice Electricity Participation"": null, ""Renewable Energy Purchased through a Power Purchase Agreement (PPA)"": null, ""Renewable Energy Certificate (REC) Purchase"": null, ""Backup Generator"": null, ""Battery Storage"": null, ""Electric Vehicle (EV) Charging"": null}",0,,,,False,,,,False
C10080,campus_summary,[],Address unavailable,Unavailable,,,Multifamily Housing,31592.0,31592.0,1840825.0,58.3,58.2687072676627,-0.0312927323372989,99278.408,99.278408,99278.40800000001,-1.4551915228366852e-11,False,3.1425173461635856,34.06,113284.0,Not provided,"25,000–49,999",False,[],[],"[""emissions_components_incomplete""]",False,Data Disclosure - Campuses,62,"[{""sheet"": ""Data Disclosure - Campuses"", ""row"": 62}, {""sheet"": ""Data Disclosure"", ""row"": 5550}]","{""Reported Gross Floor Area (Sq Ft)"": ""numeric"", ""Reported Enclosed Parking Area (Sq Ft)"": ""missing"", ""BERDO Emissions Gross Floor Area (Sq Ft)"": ""numeric"", ""Total Site Energy Usage (kBtu)"": ""numeric"", ""Energy Star Score"": ""numeric"", ""Site EUI (Energy Use Intensity kBtu/ft²)"": ""numeric"", ""Natural Gas Usage (kBtu)"": ""numeric_text"", ""Natural Gas Emissions (kgCO2e)"": ""numeric_text"", ""Electricity Usage (kWh)"": ""numeric_text"", ""Electricity Emissions (kgCO2e)"": ""numeric_text"", ""Renewable System Electricity Usage Onsite (kBtu)"": ""missing"", ""District Hot Water Usage (kBtu)"": ""missing"", ""District Hot Water Emissions (kgCO2e)"": ""missing"", ""District Chilled Water Usage (kBtu)"": ""missing"", ""District Chilled Water Emissions (kgCO2e)"": ""missing"", ""District Steam Usage (kBtu)"": ""missing"", ""District Steam Emissions (kgCO2e)"": ""missing"", ""Fuel Oil 1 Usage (kBtu)"": ""missing"", ""Fuel Oil 1 Emissions (kgCO2e)"": ""missing"", ""Fuel Oil 2 Usage (kBtu)"": ""missing"", ""Fuel Oil 2 Emissions (kgCO2e)"": ""missing"", ""Fuel Oil 4 Usage (kBtu)"": ""missing"", ""Fuel Oil 4 Emissions (kgCO2e)"": ""missing"", ""Fuel Oil 5 and 6 Usage (kBtu)"": ""missing"", ""Fuel Oil 5 and 6 Emissions (kgCO2e)"": ""missing"", ""Propane Usage (kBtu)"": ""missing"", ""Propane Emissions (kgCO2e)"": ""missing"", ""Diesel Usage (kBtu)"": ""missing"", ""Diesel Emissions (kgCO2e)"": ""missing"", ""Kerosene Usage (kBtu)"": ""missing"", ""Kerosene Emissions (kgCO2e)"": ""missing"", ""Water Usage Intensity (Gallons/ft²)"": ""numeric"", ""Estimated Total GHG Emissions (kgCO2e)"": ""numeric_text""}","{""Campus ID"": ""C10080"", ""BERDO IDs in Campus"": ""107849, 107850"", ""Reported Gross Floor Area (Sq Ft)"": 31592.0, ""Reported Enclosed Parking Area (Sq Ft)"": null, ""BERDO Emissions Gross Floor Area (Sq Ft)"": 31592.0, ""Largest Property Type"": ""Multifamily Housing"", ""All Property Types and GFAs"": null, ""Total Site Energy Usage (kBtu)"": 1840825.0, ""Energy Star Score"": 85.0, ""Site EUI (Energy Use Intensity kBtu/ft²)"": 58.3, ""Natural Gas Usage (kBtu)"": ""1454300"", ""Natural Gas Emissions (kgCO2e)"": ""77237.873"", ""Electricity Usage (kWh)"": ""113284"", ""Electricity Emissions (kgCO2e)"": ""22040.535"", ""Renewable System Electricity Usage Onsite (kBtu)"": null, ""District Hot Water Usage (kBtu)"": null, ""District Hot Water Emissions (kgCO2e)"": null, ""District Chilled Water Usage (kBtu)"": null, ""District Chilled Water Emissions (kgCO2e)"": null, ""District Steam Usage (kBtu)"": null, ""District Steam Emissions (kgCO2e)"": null, ""Fuel Oil 1 Usage (kBtu)"": null, ""Fuel Oil 1 Emissions (kgCO2e)"": null, ""Fuel Oil 2 Usage (kBtu)"": null, ""Fuel Oil 2 Emissions (kgCO2e)"": null, ""Fuel Oil 4 Usage (kBtu)"": null, ""Fuel Oil 4 Emissions (kgCO2e)"": null, ""Fuel Oil 5 and 6 Usage (kBtu)"": null, ""Fuel Oil 5 and 6 Emissions (kgCO2e)"": null, ""Propane Usage (kBtu)"": null, ""Propane Emissions (kgCO2e)"": null, ""Diesel Usage (kBtu)"": null, ""Diesel Emissions (kgCO2e)"": null, ""Kerosene Usage (kBtu)"": null, ""Kerosene Emissions (kgCO2e)"": null, ""Water Usage Intensity (Gallons/ft²)"": 34.06, ""Estimated Total GHG Emissions (kgCO2e)"": ""99278.408"", ""Reporting Compliance Status"": null, ""First Emissions Compliance Year (Projected)"": 2030.0, ""Community Choice Electricity Participation"": null, ""Renewable Energy Purchased through a Power Purchase Agreement (PPA)"": null, ""Renewable Energy Certificate (REC) Purchase"": null, ""Backup Generator"": null, ""Battery Storage"": null, ""Electric Vehicle (EV) Charging"": null}",531,59.342211950939515,42.9534417187907,77.37173140012388,False,,,,False
C10081,campus_summary,[],Address unavailable,Unavailable,,,Multifamily Housing,35460.0,35460.0,1037653.6,29.3,29.262650874224477,-0.03734912577552407,56685.07,56.68507,56685.07,0.0,False,1.598563733784546,44.33,118011.0,Not provided,"25,000–49,999",False,[],[],"[""emissions_components_incomplete""]",False,Data Disclosure - Campuses,63,"[{""sheet"": ""Data Disclosure - Campuses"", ""row"": 63}, {""sheet"": ""Data Disclosure"", ""row"": 5551}]","{""Reported Gross Floor Area (Sq Ft)"": ""numeric"", ""Reported Enclosed Parking Area (Sq Ft)"": ""missing"", ""BERDO Emissions Gross Floor Area (Sq Ft)"": ""numeric"", ""Total Site Energy Usage (kBtu)"": ""numeric"", ""Energy Star Score"": ""numeric"", ""Site EUI (Energy Use Intensity kBtu/ft²)"": ""numeric"", ""Natural Gas Usage (kBtu)"": ""numeric_text"", ""Natural Gas Emissions (kgCO2e)"": ""numeric_text"", ""Electricity Usage (kWh)"": ""numeric_text"", ""Electricity Emissions (kgCO2e)"": ""numeric_text"", ""Renewable System Electricity Usage Onsite (kBtu)"": ""missing"", ""District Hot Water Usage (kBtu)"": ""missing"", ""District Hot Water Emissions (kgCO2e)"": ""missing"", ""District Chilled Water Usage (kBtu)"": ""missing"", ""District Chilled Water Emissions (kgCO2e)"": ""missing"", ""District Steam Usage (kBtu)"": ""missing"", ""District Steam Emissions (kgCO2e)"": ""missing"", ""Fuel Oil 1 Usage (kBtu)"": ""missing"", ""Fuel Oil 1 Emissions (kgCO2e)"": ""missing"", ""Fuel Oil 2 Usage (kBtu)"": ""missing"", ""Fuel Oil 2 Emissions (kgCO2e)"": ""missing"", ""Fuel Oil 4 Usage (kBtu)"": ""missing"", ""Fuel Oil 4 Emissions (kgCO2e)"": ""missing"", ""Fuel Oil 5 and 6 Usage (kBtu)"": ""missing"", ""Fuel Oil 5 and 6 Emissions (kgCO2e)"": ""missing"", ""Propane Usage (kBtu)"": ""missing"", ""Propane Emissions (kgCO2e)"": ""missing"", ""Diesel Usage (kBtu)"": ""missing"", ""Diesel Emissions (kgCO2e)"": ""missing"", ""Kerosene Usage (kBtu)"": ""missing"", ""Kerosene Emissions (kgCO2e)"": ""missing"", ""Water Usage Intensity (Gallons/ft²)"": ""numeric"", ""Estimated Total GHG Emissions (kgCO2e)"": ""numeric_text""}","{""Campus ID"": ""C10081"", ""BERDO IDs in Campus"": ""107760, 107761 "", ""Reported Gross Floor Area (Sq Ft)"": 35460.0, ""Reported Enclosed Parking Area (Sq Ft)"": null, ""BERDO Emissions Gross Floor Area (Sq Ft)"": 35460.0, ""Largest Property Type"": ""Multifamily Housing"", ""All Property Types and GFAs"": null, ""Total Site Energy Usage (kBtu)"": 1037653.6, ""Energy Star Score"": 100.0, ""Site EUI (Energy Use Intensity kBtu/ft²)"": 29.3, ""Natural Gas Usage (kBtu)"": ""635000"", ""Natural Gas Emissions (kgCO2e)"": ""33724.85"", ""Electricity Usage (kWh)"": ""118011"", ""Electricity Emissions (kgCO2e)"": ""22960.22"", ""Renewable System Electricity Usage Onsite (kBtu)"": null, ""District Hot Water Usage (kBtu)"": null, ""District Hot Water Emissions (kgCO2e)"": null, ""District Chilled Water Usage (kBtu)"": null, ""District Chilled Water Emissions (kgCO2e)"": null, ""District Steam Usage (kBtu)"": null, ""District Steam Emissions (kgCO2e)"": null, ""Fuel Oil 1 Usage (kBtu)"": null, ""Fuel Oil 1 Emissions (kgCO2e)"": null, ""Fuel Oil 2 Usage (kBtu)"": null, ""Fuel Oil 2 Emissions (kgCO2e)"": null, ""Fuel Oil 4 Usage (kBtu)"": null, ""Fuel Oil 4 Emissions (kgCO2e)"": null, ""Fuel Oil 5 and 6 Usage (kBtu)"": null, ""Fuel Oil 5 and 6 Emissions (kgCO2e)"": null, ""Propane Usage (kBtu)"": null, ""Propane Emissions (kgCO2e)"": null, ""Diesel Usage (kBtu)"": null, ""Diesel Emissions (kgCO2e)"": null, ""Kerosene Usage (kBtu)"": null, ""Kerosene Emissions (kgCO2e)"": null, ""Water Usage Intensity (Gallons/ft²)"": 44.33, ""Estimated Total GHG Emissions (kgCO2e)"": ""56685.07"", ""Reporting Compliance Status"": null, ""First Emissions Compliance Year (Projected)"": 2030.0, ""Community Choice Electricity Participation"": null, ""Renewable Energy Purchased through a Power Purchase Agreement (PPA)"": null, ""Renewable Energy Certificate (REC) Purchase"": null, ""Backup Generator"": null, ""Battery Storage"": null, ""Electric Vehicle (EV) Charging"": null}",531,59.342211950939515,42.9534417187907,77.37173140012388,False,,,,False
C10082,campus_summary,[],Address unavailable,Unavailable,,,Multifamily Housing,577125.0,577125.0,33042538.4,57.3,57.253694433614896,-0.04630556638510086,1791259.83,1791.25983,1791259.83,0.0,False,3.1037640545808967,24.44,2724660.0,Not provided,"250,000 and above",False,[],[],"[""emissions_components_incomplete""]",False,Data Disclosure - Campuses,64,"[{""sheet"": ""Data Disclosure - Campuses"", ""row"": 64}, {""sheet"": ""Data Disclosure"", ""row"": 5552}]","{""Reported Gross Floor Area (Sq Ft)"": ""numeric"", ""Reported Enclosed Parking Area (Sq Ft)"": ""missing"", ""BERDO Emissions Gross Floor Area (Sq Ft)"": ""numeric"", ""Total Site Energy Usage (kBtu)"": ""numeric"", ""Energy Star Score"": ""numeric"", ""Site EUI (Energy Use Intensity kBtu/ft²)"": ""numeric"", ""Natural Gas Usage (kBtu)"": ""numeric_text"", ""Natural Gas Emissions (kgCO2e)"": ""numeric_text"", ""Electricity Usage (kWh)"": ""numeric_text"", ""Electricity Emissions (kgCO2e)"": ""numeric_text"", ""Renewable System Electricity Usage Onsite (kBtu)"": ""missing"", ""District Hot Water Usage (kBtu)"": ""missing"", ""District Hot Water Emissions (kgCO2e)"": ""missing"", ""District Chilled Water Usage (kBtu)"": ""missing"", ""District Chilled Water Emissions (kgCO2e)"": ""missing"", ""District Steam Usage (kBtu)"": ""missing"", ""District Steam Emissions (kgCO2e)"": ""missing"", ""Fuel Oil 1 Usage (kBtu)"": ""missing"", ""Fuel Oil 1 Emissions (kgCO2e)"": ""missing"", ""Fuel Oil 2 Usage (kBtu)"": ""missing"", ""Fuel Oil 2 Emissions (kgCO2e)"": ""missing"", ""Fuel Oil 4 Usage (kBtu)"": ""missing"", ""Fuel Oil 4 Emissions (kgCO2e)"": ""missing"", ""Fuel Oil 5 and 6 Usage (kBtu)"": ""missing"", ""Fuel Oil 5 and 6 Emissions (kgCO2e)"": ""missing"", ""Propane Usage (kBtu)"": ""missing"", ""Propane Emissions (kgCO2e)"": ""missing"", ""Diesel Usage (kBtu)"": ""missing"", ""Diesel Emissions (kgCO2e)"": ""missing"", ""Kerosene Usage (kBtu)"": ""missing"", ""Kerosene Emissions (kgCO2e)"": ""missing"", ""Water Usage Intensity (Gallons/ft²)"": ""numeric"", ""Estimated Total GHG Emissions (kgCO2e)"": ""numeric_text""}","{""Campus ID"": ""C10082"", ""BERDO IDs in Campus"": ""103604, 103603"", ""Reported Gross Floor Area (Sq Ft)"": 577125.0, ""Reported Enclosed Parking Area (Sq Ft)"": null, ""BERDO Emissions Gross Floor Area (Sq Ft)"": 577125.0, ""Largest Property Type"": ""Multifamily Housing"", ""All Property Types and GFAs"": null, ""Total Site Energy Usage (kBtu)"": 33042538.4, ""Energy Star Score"": 78.0, ""Site EUI (Energy Use Intensity kBtu/ft²)"": 57.3, ""Natural Gas Usage (kBtu)"": ""23745998.5"", ""Natural Gas Emissions (kgCO2e)"": ""1261149.98"", ""Electricity Usage (kWh)"": ""2724660"", ""Electricity Emissions (kgCO2e)"": ""530109.85"", ""Renewable System Electricity Usage Onsite (kBtu)"": null, ""District Hot Water Usage (kBtu)"": null, ""District Hot Water Emissions (kgCO2e)"": null, ""District Chilled Water Usage (kBtu)"": null, ""District Chilled Water Emissions (kgCO2e)"": null, ""District Steam Usage (kBtu)"": null, ""District Steam Emissions (kgCO2e)"": null, ""Fuel Oil 1 Usage (kBtu)"": null, ""Fuel Oil 1 Emissions (kgCO2e)"": null, ""Fuel Oil 2 Usage (kBtu)"": null, ""Fuel Oil 2 Emissions (kgCO2e)"": null, ""Fuel Oil 4 Usage (kBtu)"": null, ""Fuel Oil 4 Emissions (kgCO2e)"": null, ""Fuel Oil 5 and 6 Usage (kBtu)"": null, ""Fuel Oil 5 and 6 Emissions (kgCO2e)"": null, ""Propane Usage (kBtu)"": null, ""Propane Emissions (kgCO2e)"": null, ""Diesel Usage (kBtu)"": null, ""Diesel Emissions (kgCO2e)"": null, ""Kerosene Usage (kBtu)"": null, ""Kerosene Emissions (kgCO2e)"": null, ""Water Usage Intensity (Gallons/ft²)"": 24.44, ""Estimated Total GHG Emissions (kgCO2e)"": ""1791259.83"", ""Reporting Compliance Status"": null, ""First Emissions Compliance Year (Projected)"": 2025.0, ""Community Choice Electricity Participation"": null, ""Renewable Energy Purchased through a Power Purchase Agreement (PPA)"": null, ""Renewable Energy Certificate (REC) Purchase"": null, ""Backup Generator"": null, ""Battery Storage"": null, ""Electric Vehicle (EV) Charging"": null}",86,51.79422468247474,43.86840185757193,64.87784812105971,False,,,,False
C10084,campus_summary,[],Address unavailable,Unavailable,,,Multifamily Housing,184172.0,184172.0,7588011.2,41.2,41.200677627435226,0.0006776274352233713,498937.783,498.93778299999997,498937.78300000005,-5.820766091346741e-11,False,2.709085979410551,61.99,1672644.9,Not provided,"100,000–249,999",False,[],[],"[""emissions_components_incomplete""]",False,Data Disclosure - Campuses,65,"[{""sheet"": ""Data Disclosure - Campuses"", ""row"": 65}, {""sheet"": ""Data Disclosure"", ""row"": 5553}]","{""Reported Gross Floor Area (Sq Ft)"": ""numeric"", ""Reported Enclosed Parking Area (Sq Ft)"": ""missing"", ""BERDO Emissions Gross Floor Area (Sq Ft)"": ""numeric"", ""Total Site Energy Usage (kBtu)"": ""numeric"", ""Energy Star Score"": ""missing"", ""Site EUI (Energy Use Intensity kBtu/ft²)"": ""numeric"", ""Natural Gas Usage (kBtu)"": ""numeric_text"", ""Natural Gas Emissions (kgCO2e)"": ""numeric_text"", ""Electricity Usage (kWh)"": ""numeric_text"", ""Electricity Emissions (kgCO2e)"": ""numeric_text"", ""Renewable System Electricity Usage Onsite (kBtu)"": ""missing"", ""District Hot Water Usage (kBtu)"": ""missing"", ""District Hot Water Emissions (kgCO2e)"": ""missing"", ""District Chilled Water Usage (kBtu)"": ""missing"", ""District Chilled Water Emissions (kgCO2e)"": ""missing"", ""District Steam Usage (kBtu)"": ""missing"", ""District Steam Emissions (kgCO2e)"": ""missing"", ""Fuel Oil 1 Usage (kBtu)"": ""missing"", ""Fuel Oil 1 Emissions (kgCO2e)"": ""missing"", ""Fuel Oil 2 Usage (kBtu)"": ""missing"", ""Fuel Oil 2 Emissions (kgCO2e)"": ""missing"", ""Fuel Oil 4 Usage (kBtu)"": ""missing"", ""Fuel Oil 4 Emissions (kgCO2e)"": ""missing"", ""Fuel Oil 5 and 6 Usage (kBtu)"": ""missing"", ""Fuel Oil 5 and 6 Emissions (kgCO2e)"": ""missing"", ""Propane Usage (kBtu)"": ""missing"", ""Propane Emissions (kgCO2e)"": ""missing"", ""Diesel Usage (kBtu)"": ""missing"", ""Diesel Emissions (kgCO2e)"": ""missing"", ""Kerosene Usage (kBtu)"": ""missing"", ""Kerosene Emissions (kgCO2e)"": ""missing"", ""Water Usage Intensity (Gallons/ft²)"": ""numeric"", ""Estimated Total GHG Emissions (kgCO2e)"": ""numeric_text""}","{""Campus ID"": ""C10084"", ""BERDO IDs in Campus"": ""105221, 105222"", ""Reported Gross Floor Area (Sq Ft)"": 184172.0, ""Reported Enclosed Parking Area (Sq Ft)"": null, ""BERDO Emissions Gross Floor Area (Sq Ft)"": 184172.0, ""Largest Property Type"": ""Multifamily Housing"", ""All Property Types and GFAs"": null, ""Total Site Energy Usage (kBtu)"": 7588011.2, ""Energy Star Score"": null, ""Site EUI (Energy Use Intensity kBtu/ft²)"": 41.2, ""Natural Gas Usage (kBtu)"": ""3266955.2"", ""Natural Gas Emissions (kgCO2e)"": ""173507.991"", ""Electricity Usage (kWh)"": ""1672644.9"", ""Electricity Emissions (kgCO2e)"": ""325429.792"", ""Renewable System Electricity Usage Onsite (kBtu)"": null, ""District Hot Water Usage (kBtu)"": null, ""District Hot Water Emissions (kgCO2e)"": null, ""District Chilled Water Usage (kBtu)"": null, ""District Chilled Water Emissions (kgCO2e)"": null, ""District Steam Usage (kBtu)"": null, ""District Steam Emissions (kgCO2e)"": null, ""Fuel Oil 1 Usage (kBtu)"": null, ""Fuel Oil 1 Emissions (kgCO2e)"": null, ""Fuel Oil 2 Usage (kBtu)"": null, ""Fuel Oil 2 Emissions (kgCO2e)"": null, ""Fuel Oil 4 Usage (kBtu)"": null, ""Fuel Oil 4 Emissions (kgCO2e)"": null, ""Fuel Oil 5 and 6 Usage (kBtu)"": null, ""Fuel Oil 5 and 6 Emissions (kgCO2e)"": null, ""Propane Usage (kBtu)"": null, ""Propane Emissions (kgCO2e)"": null, ""Diesel Usage (kBtu)"": null, ""Diesel Emissions (kgCO2e)"": null, ""Kerosene Usage (kBtu)"": null, ""Kerosene Emissions (kgCO2e)"": null, ""Water Usage Intensity (Gallons/ft²)"": 61.99, ""Estimated Total GHG Emissions (kgCO2e)"": ""498937.783"", ""Reporting Compliance Status"": null, ""First Emissions Compliance Year (Projected)"": 2025.0, ""Community Choice Electricity Participation"": null, ""Renewable Energy Purchased through a Power Purchase Agreement (PPA)"": null, ""Renewable Energy Certificate (REC) Purchase"": null, ""Backup Generator"": null, ""Battery Storage"": null, ""Electric Vehicle (EV) Charging"": null}",159,53.401003688700065,40.89768875436071,67.5492909754266,False,,,,False
C10085,campus_summary,[],Address unavailable,Unavailable,,,Multifamily Housing,31840.0,31840.0,2086766.3,65.5,65.5391425879397,0.039142587939693385,112457.096,112.457096,112457.09599999999,1.4551915228366852e-11,False,3.5319439698492463,34.2,122030.0,Not provided,"25,000–49,999",False,[],[],"[""emissions_components_incomplete""]",False,Data Disclosure - Campuses,66,"[{""sheet"": ""Data Disclosure - Campuses"", ""row"": 66}, {""sheet"": ""Data Disclosure"", ""row"": 5554}]","{""Reported Gross Floor Area (Sq Ft)"": ""numeric"", ""Reported Enclosed Parking Area (Sq Ft)"": ""missing"", ""BERDO Emissions Gross Floor Area (Sq Ft)"": ""numeric"", ""Total Site Energy Usage (kBtu)"": ""numeric"", ""Energy Star Score"": ""numeric"", ""Site EUI (Energy Use Intensity kBtu/ft²)"": ""numeric"", ""Natural Gas Usage (kBtu)"": ""numeric_text"", ""Natural Gas Emissions (kgCO2e)"": ""numeric_text"", ""Electricity Usage (kWh)"": ""numeric_text"", ""Electricity Emissions (kgCO2e)"": ""numeric_text"", ""Renewable System Electricity Usage Onsite (kBtu)"": ""missing"", ""District Hot Water Usage (kBtu)"": ""missing"", ""District Hot Water Emissions (kgCO2e)"": ""missing"", ""District Chilled Water Usage (kBtu)"": ""missing"", ""District Chilled Water Emissions (kgCO2e)"": ""missing"", ""District Steam Usage (kBtu)"": ""missing"", ""District Steam Emissions (kgCO2e)"": ""missing"", ""Fuel Oil 1 Usage (kBtu)"": ""missing"", ""Fuel Oil 1 Emissions (kgCO2e)"": ""missing"", ""Fuel Oil 2 Usage (kBtu)"": ""missing"", ""Fuel Oil 2 Emissions (kgCO2e)"": ""missing"", ""Fuel Oil 4 Usage (kBtu)"": ""missing"", ""Fuel Oil 4 Emissions (kgCO2e)"": ""missing"", ""Fuel Oil 5 and 6 Usage (kBtu)"": ""missing"", ""Fuel Oil 5 and 6 Emissions (kgCO2e)"": ""missing"", ""Propane Usage (kBtu)"": ""missing"", ""Propane Emissions (kgCO2e)"": ""missing"", ""Diesel Usage (kBtu)"": ""missing"", ""Diesel Emissions (kgCO2e)"": ""missing"", ""Kerosene Usage (kBtu)"": ""missing"", ""Kerosene Emissions (kgCO2e)"": ""missing"", ""Water Usage Intensity (Gallons/ft²)"": ""numeric"", ""Estimated Total GHG Emissions (kgCO2e)"": ""numeric_text""}","{""Campus ID"": ""C10085"", ""BERDO IDs in Campus"": ""107392, 107393"", ""Reported Gross Floor Area (Sq Ft)"": 31840.0, ""Reported Enclosed Parking Area (Sq Ft)"": null, ""BERDO Emissions Gross Floor Area (Sq Ft)"": 31840.0, ""Largest Property Type"": ""Multifamily Housing"", ""All Property Types and GFAs"": null, ""Total Site Energy Usage (kBtu)"": 2086766.3, ""Energy Star Score"": 82.0, ""Site EUI (Energy Use Intensity kBtu/ft²)"": 65.5, ""Natural Gas Usage (kBtu)"": ""1670399.9"", ""Natural Gas Emissions (kgCO2e)"": ""88714.939"", ""Electricity Usage (kWh)"": ""122030"", ""Electricity Emissions (kgCO2e)"": ""23742.157"", ""Renewable System Electricity Usage Onsite (kBtu)"": null, ""District Hot Water Usage (kBtu)"": null, ""District Hot Water Emissions (kgCO2e)"": null, ""District Chilled Water Usage (kBtu)"": null, ""District Chilled Water Emissions (kgCO2e)"": null, ""District Steam Usage (kBtu)"": null, ""District Steam Emissions (kgCO2e)"": null, ""Fuel Oil 1 Usage (kBtu)"": null, ""Fuel Oil 1 Emissions (kgCO2e)"": null, ""Fuel Oil 2 Usage (kBtu)"": null, ""Fuel Oil 2 Emissions (kgCO2e)"": null, ""Fuel Oil 4 Usage (kBtu)"": null, ""Fuel Oil 4 Emissions (kgCO2e)"": null, ""Fuel Oil 5 and 6 Usage (kBtu)"": null, ""Fuel Oil 5 and 6 Emissions (kgCO2e)"": null, ""Propane Usage (kBtu)"": null, ""Propane Emissions (kgCO2e)"": null, ""Diesel Usage (kBtu)"": null, ""Diesel Emissions (kgCO2e)"": null, ""Kerosene Usage (kBtu)"": null, ""Kerosene Emissions (kgCO2e)"": null, ""Water Usage Intensity (Gallons/ft²)"": 34.2, ""Estimated Total GHG Emissions (kgCO2e)"": ""112457.096"", ""Reporting Compliance Status"": null, ""First Emissions Compliance Year (Projected)"": 2030.0, ""Community Choice Electricity Participation"": null, ""Renewable Energy Purchased through a Power Purchase Agreement (PPA)"": null, ""Renewable Energy Certificate (REC) Purchase"": null, ""Backup Generator"": null, ""Battery Storage"": null, ""Electric Vehicle (EV) Charging"": null}",531,59.342211950939515,42.9534417187907,77.37173140012388,False,,,,False
C10086,campus_summary,[],Address unavailable,Unavailable,,,Multifamily Housing,39775.0,39775.0,2229295.7,56.0,56.047660590823384,0.047660590823383586,156365.61,156.36560999999998,156365.61000000002,-2.9103830456733704e-11,False,3.9312535512256437,21.76,147580.0,Not provided,"25,000–49,999",False,[],[],"[""emissions_components_incomplete""]",False,Data Disclosure - Campuses,67,"[{""sheet"": ""Data Disclosure - Campuses"", ""row"": 67}, {""sheet"": ""Data Disclosure"", ""row"": 5555}]","{""Reported Gross Floor Area (Sq Ft)"": ""numeric"", ""Reported Enclosed Parking Area (Sq Ft)"": ""missing"", ""BERDO Emissions Gross Floor Area (Sq Ft)"": ""numeric"", ""Total Site Energy Usage (kBtu)"": ""numeric"", ""Energy Star Score"": ""numeric"", ""Site EUI (Energy Use Intensity kBtu/ft²)"": ""numeric"", ""Natural Gas Usage (kBtu)"": ""numeric_text"", ""Natural Gas Emissions (kgCO2e)"": ""numeric_text"", ""Electricity Usage (kWh)"": ""numeric_text"", ""Electricity Emissions (kgCO2e)"": ""numeric_text"", ""Renewable System Electricity Usage Onsite (kBtu)"": ""missing"", ""District Hot Water Usage (kBtu)"": ""missing"", ""District Hot Water Emissions (kgCO2e)"": ""missing"", ""District Chilled Water Usage (kBtu)"": ""missing"", ""District Chilled Water Emissions (kgCO2e)"": ""missing"", ""District Steam Usage (kBtu)"": ""missing"", ""District Steam Emissions (kgCO2e)"": ""missing"", ""Fuel Oil 1 Usage (kBtu)"": ""missing"", ""Fuel Oil 1 Emissions (kgCO2e)"": ""missing"", ""Fuel Oil 2 Usage (kBtu)"": ""numeric_text"", ""Fuel Oil 2 Emissions (kgCO2e)"": ""numeric_text"", ""Fuel Oil 4 Usage (kBtu)"": ""missing"", ""Fuel Oil 4 Emissions (kgCO2e)"": ""missing"", ""Fuel Oil 5 and 6 Usage (kBtu)"": ""missing"", ""Fuel Oil 5 and 6 Emissions (kgCO2e)"": ""missing"", ""Propane Usage (kBtu)"": ""missing"", ""Propane Emissions (kgCO2e)"": ""missing"", ""Diesel Usage (kBtu)"": ""missing"", ""Diesel Emissions (kgCO2e)"": ""missing"", ""Kerosene Usage (kBtu)"": ""missing"", ""Kerosene Emissions (kgCO2e)"": ""missing"", ""Water Usage Intensity (Gallons/ft²)"": ""numeric"", ""Estimated Total GHG Emissions (kgCO2e)"": ""numeric_text""}","{""Campus ID"": ""C10086"", ""BERDO IDs in Campus"": ""104087,  107563"", ""Reported Gross Floor Area (Sq Ft)"": 39775.0, ""Reported Enclosed Parking Area (Sq Ft)"": null, ""BERDO Emissions Gross Floor Area (Sq Ft)"": 39775.0, ""Largest Property Type"": ""Multifamily Housing"", ""All Property Types and GFAs"": null, ""Total Site Energy Usage (kBtu)"": 2229295.7, ""Energy Star Score"": 86.0, ""Site EUI (Energy Use Intensity kBtu/ft²)"": 56.0, ""Natural Gas Usage (kBtu)"": ""19700"", ""Natural Gas Emissions (kgCO2e)"": ""1046.267"", ""Electricity Usage (kWh)"": ""147580"", ""Electricity Emissions (kgCO2e)"": ""28713.165"", ""Renewable System Electricity Usage Onsite (kBtu)"": null, ""District Hot Water Usage (kBtu)"": null, ""District Hot Water Emissions (kgCO2e)"": null, ""District Chilled Water Usage (kBtu)"": null, ""District Chilled Water Emissions (kgCO2e)"": null, ""District Steam Usage (kBtu)"": null, ""District Steam Emissions (kgCO2e)"": null, ""Fuel Oil 1 Usage (kBtu)"": null, ""Fuel Oil 1 Emissions (kgCO2e)"": null, ""Fuel Oil 2 Usage (kBtu)"": ""1706052.8"", ""Fuel Oil 2 Emissions (kgCO2e)"": ""126606.178"", ""Fuel Oil 4 Usage (kBtu)"": null, ""Fuel Oil 4 Emissions (kgCO2e)"": null, ""Fuel Oil 5 and 6 Usage (kBtu)"": null, ""Fuel Oil 5 and 6 Emissions (kgCO2e)"": null, ""Propane Usage (kBtu)"": null, ""Propane Emissions (kgCO2e)"": null, ""Diesel Usage (kBtu)"": null, ""Diesel Emissions (kgCO2e)"": null, ""Kerosene Usage (kBtu)"": null, ""Kerosene Emissions (kgCO2e)"": null, ""Water Usage Intensity (Gallons/ft²)"": 21.76, ""Estimated Total GHG Emissions (kgCO2e)"": ""156365.61"", ""Reporting Compliance Status"": null, ""First Emissions Compliance Year (Projected)"": 2030.0, ""Community Choice Electricity Participation"": null, ""Renewable Energy Purchased through a Power Purchase Agreement (PPA)"": null, ""Renewable Energy Certificate (REC) Purchase"": null, ""Backup Generator"": null, ""Battery Storage"": null, ""Electric Vehicle (EV) Charging"": null}",531,59.342211950939515,42.9534417187907,77.37173140012388,False,,,,False
C10087,campus_summary,[],Address unavailable,Unavailable,,,Multifamily Housing,56650.0,56650.0,3252440.7,57.4,57.4128984995587,0.012898499558701815,226969.226,226.969226,226969.226,0.0,False,4.006517669902912,35.75,239803.0,Not provided,"50,000–99,999",False,[],[],"[""emissions_components_incomplete""]",False,Data Disclosure - Campuses,68,"[{""sheet"": ""Data Disclosure - Campuses"", ""row"": 68}, {""sheet"": ""Data Disclosure"", ""row"": 5556}]","{""Reported Gross Floor Area (Sq Ft)"": ""numeric"", ""Reported Enclosed Parking Area (Sq Ft)"": ""missing"", ""BERDO Emissions Gross Floor Area (Sq Ft)"": ""numeric"", ""Total Site Energy Usage (kBtu)"": ""numeric"", ""Energy Star Score"": ""numeric"", ""Site EUI (Energy Use Intensity kBtu/ft²)"": ""numeric"", ""Natural Gas Usage (kBtu)"": ""numeric_text"", ""Natural Gas Emissions (kgCO2e)"": ""numeric_text"", ""Electricity Usage (kWh)"": ""numeric_text"", ""Electricity Emissions (kgCO2e)"": ""numeric_text"", ""Renewable System Electricity Usage Onsite (kBtu)"": ""missing"", ""District Hot Water Usage (kBtu)"": ""missing"", ""District Hot Water Emissions (kgCO2e)"": ""missing"", ""District Chilled Water Usage (kBtu)"": ""missing"", ""District Chilled Water Emissions (kgCO2e)"": ""missing"", ""District Steam Usage (kBtu)"": ""missing"", ""District Steam Emissions (kgCO2e)"": ""missing"", ""Fuel Oil 1 Usage (kBtu)"": ""missing"", ""Fuel Oil 1 Emissions (kgCO2e)"": ""missing"", ""Fuel Oil 2 Usage (kBtu)"": ""numeric_text"", ""Fuel Oil 2 Emissions (kgCO2e)"": ""numeric_text"", ""Fuel Oil 4 Usage (kBtu)"": ""missing"", ""Fuel Oil 4 Emissions (kgCO2e)"": ""missing"", ""Fuel Oil 5 and 6 Usage (kBtu)"": ""missing"", ""Fuel Oil 5 and 6 Emissions (kgCO2e)"": ""missing"", ""Propane Usage (kBtu)"": ""missing"", ""Propane Emissions (kgCO2e)"": ""missing"", ""Diesel Usage (kBtu)"": ""missing"", ""Diesel Emissions (kgCO2e)"": ""missing"", ""Kerosene Usage (kBtu)"": ""missing"", ""Kerosene Emissions (kgCO2e)"": ""missing"", ""Water Usage Intensity (Gallons/ft²)"": ""numeric"", ""Estimated Total GHG Emissions (kgCO2e)"": ""numeric_text""}","{""Campus ID"": ""C10087"", ""BERDO IDs in Campus"": ""107560, 107559, 107455"", ""Reported Gross Floor Area (Sq Ft)"": 56650.0, ""Reported Enclosed Parking Area (Sq Ft)"": null, ""BERDO Emissions Gross Floor Area (Sq Ft)"": 56650.0, ""Largest Property Type"": ""Multifamily Housing"", ""All Property Types and GFAs"": null, ""Total Site Energy Usage (kBtu)"": 3252440.7, ""Energy Star Score"": 76.0, ""Site EUI (Energy Use Intensity kBtu/ft²)"": 57.4, ""Natural Gas Usage (kBtu)"": ""15700"", ""Natural Gas Emissions (kgCO2e)"": ""833.827"", ""Electricity Usage (kWh)"": ""239803"", ""Electricity Emissions (kgCO2e)"": ""46656.072"", ""Renewable System Electricity Usage Onsite (kBtu)"": null, ""District Hot Water Usage (kBtu)"": null, ""District Hot Water Emissions (kgCO2e)"": null, ""District Chilled Water Usage (kBtu)"": null, ""District Chilled Water Emissions (kgCO2e)"": null, ""District Steam Usage (kBtu)"": null, ""District Steam Emissions (kgCO2e)"": null, ""Fuel Oil 1 Usage (kBtu)"": null, ""Fuel Oil 1 Emissions (kgCO2e)"": null, ""Fuel Oil 2 Usage (kBtu)"": ""2418532.9"", ""Fuel Oil 2 Emissions (kgCO2e)"": ""179479.327"", ""Fuel Oil 4 Usage (kBtu)"": null, ""Fuel Oil 4 Emissions (kgCO2e)"": null, ""Fuel Oil 5 and 6 Usage (kBtu)"": null, ""Fuel Oil 5 and 6 Emissions (kgCO2e)"": null, ""Propane Usage (kBtu)"": null, ""Propane Emissions (kgCO2e)"": null, ""Diesel Usage (kBtu)"": null, ""Diesel Emissions (kgCO2e)"": null, ""Kerosene Usage (kBtu)"": null, ""Kerosene Emissions (kgCO2e)"": null, ""Water Usage Intensity (Gallons/ft²)"": 35.75, ""Estimated Total GHG Emissions (kgCO2e)"": ""226969.226"", ""Reporting Compliance Status"": null, ""First Emissions Compliance Year (Projected)"": 2030.0, ""Community Choice Electricity Participation"": null, ""Renewable Energy Purchased through a Power Purchase Agreement (PPA)"": null, ""Renewable Energy Certificate (REC) Purchase"": null, ""Backup Generator"": null, ""Battery Storage"": null, ""Electric Vehicle (EV) Charging"": null}",266,57.27094736867103,41.548928626119505,72.61095746052767,False,,,,False
C10088,campus_summary,[],Address unavailable,Unavailable,,,Not reported,,,,,,,,,,,False,,,,Not provided,,False,"[""floor_area_missing"", ""site_energy_missing"", ""reported_eui_missing"", ""property_type_missing""]","[""estimated_emissions_missing""]","[""floor_area_missing"", ""site_energy_missing"", ""reported_eui_missing"", ""estimated_emissions_missing"", ""emissions_components_incomplete"", ""property_type_missing""]",True,Data Disclosure - Campuses,69,"[{""sheet"": ""Data Disclosure - Campuses"", ""row"": 69}, {""sheet"": ""Data Disclosure"", ""row"": 5557}]","{""Reported Gross Floor Area (Sq Ft)"": ""missing"", ""Reported Enclosed Parking Area (Sq Ft)"": ""missing"", ""BERDO Emissions Gross Floor Area (Sq Ft)"": ""missing"", ""Total Site Energy Usage (kBtu)"": ""missing"", ""Energy Star Score"": ""missing"", ""Site EUI (Energy Use Intensity kBtu/ft²)"": ""missing"", ""Natural Gas Usage (kBtu)"": ""missing"", ""Natural Gas Emissions (kgCO2e)"": ""missing"", ""Electricity Usage (kWh)"": ""missing"", ""Electricity Emissions (kgCO2e)"": ""missing"", ""Renewable System Electricity Usage Onsite (kBtu)"": ""missing"", ""District Hot Water Usage (kBtu)"": ""missing"", ""District Hot Water Emissions (kgCO2e)"": ""missing"", ""District Chilled Water Usage (kBtu)"": ""missing"", ""District Chilled Water Emissions (kgCO2e)"": ""missing"", ""District Steam Usage (kBtu)"": ""missing"", ""District Steam Emissions (kgCO2e)"": ""missing"", ""Fuel Oil 1 Usage (kBtu)"": ""missing"", ""Fuel Oil 1 Emissions (kgCO2e)"": ""missing"", ""Fuel Oil 2 Usage (kBtu)"": ""missing"", ""Fuel Oil 2 Emissions (kgCO2e)"": ""missing"", ""Fuel Oil 4 Usage (kBtu)"": ""missing"", ""Fuel Oil 4 Emissions (kgCO2e)"": ""missing"", ""Fuel Oil 5 and 6 Usage (kBtu)"": ""missing"", ""Fuel Oil 5 and 6 Emissions (kgCO2e)"": ""missing"", ""Propane Usage (kBtu)"": ""missing"", ""Propane Emissions (kgCO2e)"": ""missing"", ""Diesel Usage (kBtu)"": ""missing"", ""Diesel Emissions (kgCO2e)"": ""missing"", ""Kerosene Usage (kBtu)"": ""missing"", ""Kerosene Emissions (kgCO2e)"": ""missing"", ""Water Usage Intensity (Gallons/ft²)"": ""missing"", ""Estimated Total GHG Emissions (kgCO2e)"": ""missing""}","{""Campus ID"": ""C10088"", ""BERDO IDs in Campus"": ""108023, 108022"", ""Reported Gross Floor Area (Sq Ft)"": null, ""Reported Enclosed Parking Area (Sq Ft)"": null, ""BERDO Emissions Gross Floor Area (Sq Ft)"": null, ""Largest Property Type"": null, ""All Property Types and GFAs"": null, ""Total Site Energy Usage (kBtu)"": null, ""Energy Star Score"": null, ""Site EUI (Energy Use Intensity kBtu/ft²)"": null, ""Natural Gas Usage (kBtu)"": null, ""Natural Gas Emissions (kgCO2e)"": null, ""Electricity Usage (kWh)"": null, ""Electricity Emissions (kgCO2e)"": null, ""Renewable System Electricity Usage Onsite (kBtu)"": null, ""District Hot Water Usage (kBtu)"": null, ""District Hot Water Emissions (kgCO2e)"": null, ""District Chilled Water Usage (kBtu)"": null, ""District Chilled Water Emissions (kgCO2e)"": null, ""District Steam Usage (kBtu)"": null, ""District Steam Emissions (kgCO2e)"": null, ""Fuel Oil 1 Usage (kBtu)"": null, ""Fuel Oil 1 Emissions (kgCO2e)"": null, ""Fuel Oil 2 Usage (kBtu)"": null, ""Fuel Oil 2 Emissions (kgCO2e)"": null, ""Fuel Oil 4 Usage (kBtu)"": null, ""Fuel Oil 4 Emissions (kgCO2e)"": null, ""Fuel Oil 5 and 6 Usage (kBtu)"": null, ""Fuel Oil 5 and 6 Emissions (kgCO2e)"": null, ""Propane Usage (kBtu)"": null, ""Propane Emissions (kgCO2e)"": null, ""Diesel Usage (kBtu)"": null, ""Diesel Emissions (kgCO2e)"": null, ""Kerosene Usage (kBtu)"": null, ""Kerosene Emissions (kgCO2e)"": null, ""Water Usage Intensity (Gallons/ft²)"": null, ""Estimated Total GHG Emissions (kgCO2e)"": null, ""Reporting Compliance Status"": null, ""First Emissions Compliance Year (Projected)"": 2025.0, ""Community Choice Electricity Participation"": null, ""Renewable Energy Purchased through a Power Purchase Agreement (PPA)"": null, ""Renewable Energy Certificate (REC) Purchase"": null, ""Backup Generator"": null, ""Battery Storage"": null, ""Electric Vehicle (EV) Charging"": null}",0,,,,False,,,,False
C10089,campus_summary,[],Address unavailable,Unavailable,,,Multifamily Housing,36915.0,36915.0,1387214.3,37.6,37.57860761208181,-0.021392387918190536,76838.084,76.83808400000001,76838.084,0.0,False,2.0814867668969255,37.39,236962.0,Not provided,"25,000–49,999",False,[],[],"[""emissions_components_incomplete""]",False,Data Disclosure - Campuses,70,"[{""sheet"": ""Data Disclosure - Campuses"", ""row"": 70}, {""sheet"": ""Data Disclosure"", ""row"": 5558}]","{""Reported Gross Floor Area (Sq Ft)"": ""numeric"", ""Reported Enclosed Parking Area (Sq Ft)"": ""missing"", ""BERDO Emissions Gross Floor Area (Sq Ft)"": ""numeric"", ""Total Site Energy Usage (kBtu)"": ""numeric"", ""Energy Star Score"": ""numeric"", ""Site EUI (Energy Use Intensity kBtu/ft²)"": ""numeric"", ""Natural Gas Usage (kBtu)"": ""numeric_text"", ""Natural Gas Emissions (kgCO2e)"": ""numeric_text"", ""Electricity Usage (kWh)"": ""numeric_text"", ""Electricity Emissions (kgCO2e)"": ""numeric_text"", ""Renewable System Electricity Usage Onsite (kBtu)"": ""missing"", ""District Hot Water Usage (kBtu)"": ""missing"", ""District Hot Water Emissions (kgCO2e)"": ""missing"", ""District Chilled Water Usage (kBtu)"": ""missing"", ""District Chilled Water Emissions (kgCO2e)"": ""missing"", ""District Steam Usage (kBtu)"": ""missing"", ""District Steam Emissions (kgCO2e)"": ""missing"", ""Fuel Oil 1 Usage (kBtu)"": ""missing"", ""Fuel Oil 1 Emissions (kgCO2e)"": ""missing"", ""Fuel Oil 2 Usage (kBtu)"": ""missing"", ""Fuel Oil 2 Emissions (kgCO2e)"": ""missing"", ""Fuel Oil 4 Usage (kBtu)"": ""missing"", ""Fuel Oil 4 Emissions (kgCO2e)"": ""missing"", ""Fuel Oil 5 and 6 Usage (kBtu)"": ""missing"", ""Fuel Oil 5 and 6 Emissions (kgCO2e)"": ""missing"", ""Propane Usage (kBtu)"": ""missing"", ""Propane Emissions (kgCO2e)"": ""missing"", ""Diesel Usage (kBtu)"": ""missing"", ""Diesel Emissions (kgCO2e)"": ""missing"", ""Kerosene Usage (kBtu)"": ""missing"", ""Kerosene Emissions (kgCO2e)"": ""missing"", ""Water Usage Intensity (Gallons/ft²)"": ""numeric"", ""Estimated Total GHG Emissions (kgCO2e)"": ""numeric_text""}","{""Campus ID"": ""C10089"", ""BERDO IDs in Campus"": ""107430, 107431"", ""Reported Gross Floor Area (Sq Ft)"": 36915.0, ""Reported Enclosed Parking Area (Sq Ft)"": null, ""BERDO Emissions Gross Floor Area (Sq Ft)"": 36915.0, ""Largest Property Type"": ""Multifamily Housing"", ""All Property Types and GFAs"": null, ""Total Site Energy Usage (kBtu)"": 1387214.3, ""Energy Star Score"": 99.0, ""Site EUI (Energy Use Intensity kBtu/ft²)"": 37.6, ""Natural Gas Usage (kBtu)"": ""578700"", ""Natural Gas Emissions (kgCO2e)"": ""30734.757"", ""Electricity Usage (kWh)"": ""236962"", ""Electricity Emissions (kgCO2e)"": ""46103.327"", ""Renewable System Electricity Usage Onsite (kBtu)"": null, ""District Hot Water Usage (kBtu)"": null, ""District Hot Water Emissions (kgCO2e)"": null, ""District Chilled Water Usage (kBtu)"": null, ""District Chilled Water Emissions (kgCO2e)"": null, ""District Steam Usage (kBtu)"": null, ""District Steam Emissions (kgCO2e)"": null, ""Fuel Oil 1 Usage (kBtu)"": null, ""Fuel Oil 1 Emissions (kgCO2e)"": null, ""Fuel Oil 2 Usage (kBtu)"": null, ""Fuel Oil 2 Emissions (kgCO2e)"": null, ""Fuel Oil 4 Usage (kBtu)"": null, ""Fuel Oil 4 Emissions (kgCO2e)"": null, ""Fuel Oil 5 and 6 Usage (kBtu)"": null, ""Fuel Oil 5 and 6 Emissions (kgCO2e)"": null, ""Propane Usage (kBtu)"": null, ""Propane Emissions (kgCO2e)"": null, ""Diesel Usage (kBtu)"": null, ""Diesel Emissions (kgCO2e)"": null, ""Kerosene Usage (kBtu)"": null, ""Kerosene Emissions (kgCO2e)"": null, ""Water Usage Intensity (Gallons/ft²)"": 37.39, ""Estimated Total GHG Emissions (kgCO2e)"": ""76838.084"", ""Reporting Compliance Status"": null, ""First Emissions Compliance Year (Projected)"": 2030.0, ""Community Choice Electricity Participation"": null, ""Renewable Energy Purchased through a Power Purchase Agreement (PPA)"": null, ""Renewable Energy Certificate (REC) Purchase"": null, ""Backup Generator"": null, ""Battery Storage"": null, ""Electric Vehicle (EV) Charging"": null}",531,59.342211950939515,42.9534417187907,77.37173140012388,False,,,,False
C10090,campus_summary,[],Address unavailable,Unavailable,,,Multifamily Housing,66320.0,66320.0,4732972.5,71.4,71.36568908323281,-0.034310916767196886,254365.254,254.365254,254365.25400000002,-2.9103830456733704e-11,False,3.8354230096501807,54.45,224523.0,Not provided,"50,000–99,999",False,[],[],"[""emissions_components_incomplete""]",False,Data Disclosure - Campuses,71,"[{""sheet"": ""Data Disclosure - Campuses"", ""row"": 71}, {""sheet"": ""Data Disclosure"", ""row"": 5559}]","{""Reported Gross Floor Area (Sq Ft)"": ""numeric"", ""Reported Enclosed Parking Area (Sq Ft)"": ""missing"", ""BERDO Emissions Gross Floor Area (Sq Ft)"": ""numeric"", ""Total Site Energy Usage (kBtu)"": ""numeric"", ""Energy Star Score"": ""numeric"", ""Site EUI (Energy Use Intensity kBtu/ft²)"": ""numeric"", ""Natural Gas Usage (kBtu)"": ""numeric_text"", ""Natural Gas Emissions (kgCO2e)"": ""numeric_text"", ""Electricity Usage (kWh)"": ""numeric_text"", ""Electricity Emissions (kgCO2e)"": ""numeric_text"", ""Renewable System Electricity Usage Onsite (kBtu)"": ""missing"", ""District Hot Water Usage (kBtu)"": ""missing"", ""District Hot Water Emissions (kgCO2e)"": ""missing"", ""District Chilled Water Usage (kBtu)"": ""missing"", ""District Chilled Water Emissions (kgCO2e)"": ""missing"", ""District Steam Usage (kBtu)"": ""missing"", ""District Steam Emissions (kgCO2e)"": ""missing"", ""Fuel Oil 1 Usage (kBtu)"": ""missing"", ""Fuel Oil 1 Emissions (kgCO2e)"": ""missing"", ""Fuel Oil 2 Usage (kBtu)"": ""missing"", ""Fuel Oil 2 Emissions (kgCO2e)"": ""missing"", ""Fuel Oil 4 Usage (kBtu)"": ""missing"", ""Fuel Oil 4 Emissions (kgCO2e)"": ""missing"", ""Fuel Oil 5 and 6 Usage (kBtu)"": ""missing"", ""Fuel Oil 5 and 6 Emissions (kgCO2e)"": ""missing"", ""Propane Usage (kBtu)"": ""missing"", ""Propane Emissions (kgCO2e)"": ""missing"", ""Diesel Usage (kBtu)"": ""missing"", ""Diesel Emissions (kgCO2e)"": ""missing"", ""Kerosene Usage (kBtu)"": ""missing"", ""Kerosene Emissions (kgCO2e)"": ""missing"", ""Water Usage Intensity (Gallons/ft²)"": ""numeric"", ""Estimated Total GHG Emissions (kgCO2e)"": ""numeric_text""}","{""Campus ID"": ""C10090"", ""BERDO IDs in Campus"": ""107505, 107506, 107507, 107508"", ""Reported Gross Floor Area (Sq Ft)"": 66320.0, ""Reported Enclosed Parking Area (Sq Ft)"": null, ""BERDO Emissions Gross Floor Area (Sq Ft)"": 66320.0, ""Largest Property Type"": ""Multifamily Housing"", ""All Property Types and GFAs"": null, ""Total Site Energy Usage (kBtu)"": 4732972.5, ""Energy Star Score"": 62.0, ""Site EUI (Energy Use Intensity kBtu/ft²)"": 71.4, ""Natural Gas Usage (kBtu)"": ""3966900"", ""Natural Gas Emissions (kgCO2e)"": ""210682.059"", ""Electricity Usage (kWh)"": ""224523"", ""Electricity Emissions (kgCO2e)"": ""43683.195"", ""Renewable System Electricity Usage Onsite (kBtu)"": null, ""District Hot Water Usage (kBtu)"": null, ""District Hot Water Emissions (kgCO2e)"": null, ""District Chilled Water Usage (kBtu)"": null, ""District Chilled Water Emissions (kgCO2e)"": null, ""District Steam Usage (kBtu)"": null, ""District Steam Emissions (kgCO2e)"": null, ""Fuel Oil 1 Usage (kBtu)"": null, ""Fuel Oil 1 Emissions (kgCO2e)"": null, ""Fuel Oil 2 Usage (kBtu)"": null, ""Fuel Oil 2 Emissions (kgCO2e)"": null, ""Fuel Oil 4 Usage (kBtu)"": null, ""Fuel Oil 4 Emissions (kgCO2e)"": null, ""Fuel Oil 5 and 6 Usage (kBtu)"": null, ""Fuel Oil 5 and 6 Emissions (kgCO2e)"": null, ""Propane Usage (kBtu)"": null, ""Propane Emissions (kgCO2e)"": null, ""Diesel Usage (kBtu)"": null, ""Diesel Emissions (kgCO2e)"": null, ""Kerosene Usage (kBtu)"": null, ""Kerosene Emissions (kgCO2e)"": null, ""Water Usage Intensity (Gallons/ft²)"": 54.45, ""Estimated Total GHG Emissions (kgCO2e)"": ""254365.254"", ""Reporting Compliance Status"": null, ""First Emissions Compliance Year (Projected)"": 2030.0, ""Community Choice Electricity Participation"": null, ""Renewable Energy Purchased through a Power Purchase Agreement (PPA)"": null, ""Renewable Energy Certificate (REC) Purchase"": null, ""Backup Generator"": null, ""Battery Storage"": null, ""Electric Vehicle (EV) Charging"": null}",266,57.27094736867103,41.548928626119505,72.61095746052767,False,,,,False
C10091,campus_summary,[],Address unavailable,Unavailable,,,Multifamily Housing,31090.0,31090.0,1403891.2,45.2,45.155715664200706,-0.044284335799297025,76350.492,76.350492,76350.492,0.0,False,2.455789385654551,36.75,134083.0,Not provided,"25,000–49,999",False,[],[],"[""emissions_components_incomplete""]",False,Data Disclosure - Campuses,72,"[{""sheet"": ""Data Disclosure - Campuses"", ""row"": 72}, {""sheet"": ""Data Disclosure"", ""row"": 5560}]","{""Reported Gross Floor Area (Sq Ft)"": ""numeric"", ""Reported Enclosed Parking Area (Sq Ft)"": ""missing"", ""BERDO Emissions Gross Floor Area (Sq Ft)"": ""numeric"", ""Total Site Energy Usage (kBtu)"": ""numeric"", ""Energy Star Score"": ""numeric"", ""Site EUI (Energy Use Intensity kBtu/ft²)"": ""numeric"", ""Natural Gas Usage (kBtu)"": ""numeric_text"", ""Natural Gas Emissions (kgCO2e)"": ""numeric_text"", ""Electricity Usage (kWh)"": ""numeric_text"", ""Electricity Emissions (kgCO2e)"": ""numeric_text"", ""Renewable System Electricity Usage Onsite (kBtu)"": ""missing"", ""District Hot Water Usage (kBtu)"": ""missing"", ""District Hot Water Emissions (kgCO2e)"": ""missing"", ""District Chilled Water Usage (kBtu)"": ""missing"", ""District Chilled Water Emissions (kgCO2e)"": ""missing"", ""District Steam Usage (kBtu)"": ""missing"", ""District Steam Emissions (kgCO2e)"": ""missing"", ""Fuel Oil 1 Usage (kBtu)"": ""missing"", ""Fuel Oil 1 Emissions (kgCO2e)"": ""missing"", ""Fuel Oil 2 Usage (kBtu)"": ""missing"", ""Fuel Oil 2 Emissions (kgCO2e)"": ""missing"", ""Fuel Oil 4 Usage (kBtu)"": ""missing"", ""Fuel Oil 4 Emissions (kgCO2e)"": ""missing"", ""Fuel Oil 5 and 6 Usage (kBtu)"": ""missing"", ""Fuel Oil 5 and 6 Emissions (kgCO2e)"": ""missing"", ""Propane Usage (kBtu)"": ""missing"", ""Propane Emissions (kgCO2e)"": ""missing"", ""Diesel Usage (kBtu)"": ""missing"", ""Diesel Emissions (kgCO2e)"": ""missing"", ""Kerosene Usage (kBtu)"": ""missing"", ""Kerosene Emissions (kgCO2e)"": ""missing"", ""Water Usage Intensity (Gallons/ft²)"": ""numeric"", ""Estimated Total GHG Emissions (kgCO2e)"": ""numeric_text""}","{""Campus ID"": ""C10091"", ""BERDO IDs in Campus"": ""107456, 107457"", ""Reported Gross Floor Area (Sq Ft)"": 31090.0, ""Reported Enclosed Parking Area (Sq Ft)"": null, ""BERDO Emissions Gross Floor Area (Sq Ft)"": 31090.0, ""Largest Property Type"": ""Multifamily Housing"", ""All Property Types and GFAs"": null, ""Total Site Energy Usage (kBtu)"": 1403891.2, ""Energy Star Score"": 96.0, ""Site EUI (Energy Use Intensity kBtu/ft²)"": 45.2, ""Natural Gas Usage (kBtu)"": ""946400"", ""Natural Gas Emissions (kgCO2e)"": ""50263.304"", ""Electricity Usage (kWh)"": ""134083"", ""Electricity Emissions (kgCO2e)"": ""26087.188"", ""Renewable System Electricity Usage Onsite (kBtu)"": null, ""District Hot Water Usage (kBtu)"": null, ""District Hot Water Emissions (kgCO2e)"": null, ""District Chilled Water Usage (kBtu)"": null, ""District Chilled Water Emissions (kgCO2e)"": null, ""District Steam Usage (kBtu)"": null, ""District Steam Emissions (kgCO2e)"": null, ""Fuel Oil 1 Usage (kBtu)"": null, ""Fuel Oil 1 Emissions (kgCO2e)"": null, ""Fuel Oil 2 Usage (kBtu)"": null, ""Fuel Oil 2 Emissions (kgCO2e)"": null, ""Fuel Oil 4 Usage (kBtu)"": null, ""Fuel Oil 4 Emissions (kgCO2e)"": null, ""Fuel Oil 5 and 6 Usage (kBtu)"": null, ""Fuel Oil 5 and 6 Emissions (kgCO2e)"": null, ""Propane Usage (kBtu)"": null, ""Propane Emissions (kgCO2e)"": null, ""Diesel Usage (kBtu)"": null, ""Diesel Emissions (kgCO2e)"": null, ""Kerosene Usage (kBtu)"": null, ""Kerosene Emissions (kgCO2e)"": null, ""Water Usage Intensity (Gallons/ft²)"": 36.75, ""Estimated Total GHG Emissions (kgCO2e)"": ""76350.492"", ""Reporting Compliance Status"": null, ""First Emissions Compliance Year (Projected)"": 2030.0, ""Community Choice Electricity Participation"": null, ""Renewable Energy Purchased through a Power Purchase Agreement (PPA)"": null, ""Renewable Energy Certificate (REC) Purchase"": null, ""Backup Generator"": null, ""Battery Storage"": null, ""Electric Vehicle (EV) Charging"": null}",531,59.342211950939515,42.9534417187907,77.37173140012388,False,,,,False
C10092,campus_summary,[],Address unavailable,Unavailable,,,Multifamily Housing,37065.0,37065.0,1727231.3,46.6,46.60006205314987,6.20531498682908e-05,121121.776,121.121776,121121.776,0.0,False,3.2678207473357617,14.14,113627.0,Not provided,"25,000–49,999",False,[],[],"[""emissions_components_incomplete""]",False,Data Disclosure - Campuses,73,"[{""sheet"": ""Data Disclosure - Campuses"", ""row"": 73}, {""sheet"": ""Data Disclosure"", ""row"": 5561}]","{""Reported Gross Floor Area (Sq Ft)"": ""numeric"", ""Reported Enclosed Parking Area (Sq Ft)"": ""missing"", ""BERDO Emissions Gross Floor Area (Sq Ft)"": ""numeric"", ""Total Site Energy Usage (kBtu)"": ""numeric"", ""Energy Star Score"": ""numeric"", ""Site EUI (Energy Use Intensity kBtu/ft²)"": ""numeric"", ""Natural Gas Usage (kBtu)"": ""numeric_text"", ""Natural Gas Emissions (kgCO2e)"": ""numeric_text"", ""Electricity Usage (kWh)"": ""numeric_text"", ""Electricity Emissions (kgCO2e)"": ""numeric_text"", ""Renewable System Electricity Usage Onsite (kBtu)"": ""missing"", ""District Hot Water Usage (kBtu)"": ""missing"", ""District Hot Water Emissions (kgCO2e)"": ""missing"", ""District Chilled Water Usage (kBtu)"": ""missing"", ""District Chilled Water Emissions (kgCO2e)"": ""missing"", ""District Steam Usage (kBtu)"": ""missing"", ""District Steam Emissions (kgCO2e)"": ""missing"", ""Fuel Oil 1 Usage (kBtu)"": ""missing"", ""Fuel Oil 1 Emissions (kgCO2e)"": ""missing"", ""Fuel Oil 2 Usage (kBtu)"": ""numeric_text"", ""Fuel Oil 2 Emissions (kgCO2e)"": ""numeric_text"", ""Fuel Oil 4 Usage (kBtu)"": ""missing"", ""Fuel Oil 4 Emissions (kgCO2e)"": ""missing"", ""Fuel Oil 5 and 6 Usage (kBtu)"": ""missing"", ""Fuel Oil 5 and 6 Emissions (kgCO2e)"": ""missing"", ""Propane Usage (kBtu)"": ""missing"", ""Propane Emissions (kgCO2e)"": ""missing"", ""Diesel Usage (kBtu)"": ""missing"", ""Diesel Emissions (kgCO2e)"": ""missing"", ""Kerosene Usage (kBtu)"": ""missing"", ""Kerosene Emissions (kgCO2e)"": ""missing"", ""Water Usage Intensity (Gallons/ft²)"": ""numeric"", ""Estimated Total GHG Emissions (kgCO2e)"": ""numeric_text""}","{""Campus ID"": ""C10092"", ""BERDO IDs in Campus"": ""107562, 107561"", ""Reported Gross Floor Area (Sq Ft)"": 37065.0, ""Reported Enclosed Parking Area (Sq Ft)"": null, ""BERDO Emissions Gross Floor Area (Sq Ft)"": 37065.0, ""Largest Property Type"": ""Multifamily Housing"", ""All Property Types and GFAs"": null, ""Total Site Energy Usage (kBtu)"": 1727231.3, ""Energy Star Score"": 95.0, ""Site EUI (Energy Use Intensity kBtu/ft²)"": 46.6, ""Natural Gas Usage (kBtu)"": ""18600"", ""Natural Gas Emissions (kgCO2e)"": ""987.846"", ""Electricity Usage (kWh)"": ""113627"", ""Electricity Emissions (kgCO2e)"": ""22107.269"", ""Renewable System Electricity Usage Onsite (kBtu)"": null, ""District Hot Water Usage (kBtu)"": null, ""District Hot Water Emissions (kgCO2e)"": null, ""District Chilled Water Usage (kBtu)"": null, ""District Chilled Water Emissions (kgCO2e)"": null, ""District Steam Usage (kBtu)"": null, ""District Steam Emissions (kgCO2e)"": null, ""Fuel Oil 1 Usage (kBtu)"": null, ""Fuel Oil 1 Emissions (kgCO2e)"": null, ""Fuel Oil 2 Usage (kBtu)"": ""1320936"", ""Fuel Oil 2 Emissions (kgCO2e)"": ""98026.661"", ""Fuel Oil 4 Usage (kBtu)"": null, ""Fuel Oil 4 Emissions (kgCO2e)"": null, ""Fuel Oil 5 and 6 Usage (kBtu)"": null, ""Fuel Oil 5 and 6 Emissions (kgCO2e)"": null, ""Propane Usage (kBtu)"": null, ""Propane Emissions (kgCO2e)"": null, ""Diesel Usage (kBtu)"": null, ""Diesel Emissions (kgCO2e)"": null, ""Kerosene Usage (kBtu)"": null, ""Kerosene Emissions (kgCO2e)"": null, ""Water Usage Intensity (Gallons/ft²)"": 14.14, ""Estimated Total GHG Emissions (kgCO2e)"": ""121121.776"", ""Reporting Compliance Status"": null, ""First Emissions Compliance Year (Projected)"": 2030.0, ""Community Choice Electricity Participation"": null, ""Renewable Energy Purchased through a Power Purchase Agreement (PPA)"": null, ""Renewable Energy Certificate (REC) Purchase"": null, ""Backup Generator"": null, ""Battery Storage"": null, ""Electric Vehicle (EV) Charging"": null}",531,59.342211950939515,42.9534417187907,77.37173140012388,False,,,,False
C10093,campus_summary,[],Address unavailable,Unavailable,,,Multifamily Housing,36760.0,36760.0,3456673.3,94.0,94.03355005440696,0.03355005440695891,185480.488,185.480488,185480.488,0.0,False,5.0457151251360175,40.82,142079.0,Not provided,"25,000–49,999",False,[],[],"[""emissions_components_incomplete""]",False,Data Disclosure - Campuses,74,"[{""sheet"": ""Data Disclosure - Campuses"", ""row"": 74}, {""sheet"": ""Data Disclosure"", ""row"": 5562}]","{""Reported Gross Floor Area (Sq Ft)"": ""numeric"", ""Reported Enclosed Parking Area (Sq Ft)"": ""missing"", ""BERDO Emissions Gross Floor Area (Sq Ft)"": ""numeric"", ""Total Site Energy Usage (kBtu)"": ""numeric"", ""Energy Star Score"": ""numeric"", ""Site EUI (Energy Use Intensity kBtu/ft²)"": ""numeric"", ""Natural Gas Usage (kBtu)"": ""numeric_text"", ""Natural Gas Emissions (kgCO2e)"": ""numeric_text"", ""Electricity Usage (kWh)"": ""numeric_text"", ""Electricity Emissions (kgCO2e)"": ""numeric_text"", ""Renewable System Electricity Usage Onsite (kBtu)"": ""missing"", ""District Hot Water Usage (kBtu)"": ""missing"", ""District Hot Water Emissions (kgCO2e)"": ""missing"", ""District Chilled Water Usage (kBtu)"": ""missing"", ""District Chilled Water Emissions (kgCO2e)"": ""missing"", ""District Steam Usage (kBtu)"": ""missing"", ""District Steam Emissions (kgCO2e)"": ""missing"", ""Fuel Oil 1 Usage (kBtu)"": ""missing"", ""Fuel Oil 1 Emissions (kgCO2e)"": ""missing"", ""Fuel Oil 2 Usage (kBtu)"": ""missing"", ""Fuel Oil 2 Emissions (kgCO2e)"": ""missing"", ""Fuel Oil 4 Usage (kBtu)"": ""missing"", ""Fuel Oil 4 Emissions (kgCO2e)"": ""missing"", ""Fuel Oil 5 and 6 Usage (kBtu)"": ""missing"", ""Fuel Oil 5 and 6 Emissions (kgCO2e)"": ""missing"", ""Propane Usage (kBtu)"": ""missing"", ""Propane Emissions (kgCO2e)"": ""missing"", ""Diesel Usage (kBtu)"": ""missing"", ""Diesel Emissions (kgCO2e)"": ""missing"", ""Kerosene Usage (kBtu)"": ""missing"", ""Kerosene Emissions (kgCO2e)"": ""missing"", ""Water Usage Intensity (Gallons/ft²)"": ""numeric"", ""Estimated Total GHG Emissions (kgCO2e)"": ""numeric_text""}","{""Campus ID"": ""C10093"", ""BERDO IDs in Campus"": ""106217;106219;106218"", ""Reported Gross Floor Area (Sq Ft)"": 36760.0, ""Reported Enclosed Parking Area (Sq Ft)"": null, ""BERDO Emissions Gross Floor Area (Sq Ft)"": 36760.0, ""Largest Property Type"": ""Multifamily Housing"", ""All Property Types and GFAs"": null, ""Total Site Energy Usage (kBtu)"": 3456673.3, ""Energy Star Score"": 49.0, ""Site EUI (Energy Use Intensity kBtu/ft²)"": 94.0, ""Natural Gas Usage (kBtu)"": ""2971899.8"", ""Natural Gas Emissions (kgCO2e)"": ""157837.598"", ""Electricity Usage (kWh)"": ""142079"", ""Electricity Emissions (kgCO2e)"": ""27642.89"", ""Renewable System Electricity Usage Onsite (kBtu)"": null, ""District Hot Water Usage (kBtu)"": null, ""District Hot Water Emissions (kgCO2e)"": null, ""District Chilled Water Usage (kBtu)"": null, ""District Chilled Water Emissions (kgCO2e)"": null, ""District Steam Usage (kBtu)"": null, ""District Steam Emissions (kgCO2e)"": null, ""Fuel Oil 1 Usage (kBtu)"": null, ""Fuel Oil 1 Emissions (kgCO2e)"": null, ""Fuel Oil 2 Usage (kBtu)"": null, ""Fuel Oil 2 Emissions (kgCO2e)"": null, ""Fuel Oil 4 Usage (kBtu)"": null, ""Fuel Oil 4 Emissions (kgCO2e)"": null, ""Fuel Oil 5 and 6 Usage (kBtu)"": null, ""Fuel Oil 5 and 6 Emissions (kgCO2e)"": null, ""Propane Usage (kBtu)"": null, ""Propane Emissions (kgCO2e)"": null, ""Diesel Usage (kBtu)"": null, ""Diesel Emissions (kgCO2e)"": null, ""Kerosene Usage (kBtu)"": null, ""Kerosene Emissions (kgCO2e)"": null, ""Water Usage Intensity (Gallons/ft²)"": 40.82, ""Estimated Total GHG Emissions (kgCO2e)"": ""185480.488"", ""Reporting Compliance Status"": null, ""First Emissions Compliance Year (Projected)"": 2025.0, ""Community Choice Electricity Participation"": null, ""Renewable Energy Purchased through a Power Purchase Agreement (PPA)"": null, ""Renewable Energy Certificate (REC) Purchase"": null, ""Backup Generator"": null, ""Battery Storage"": null, ""Electric Vehicle (EV) Charging"": null}",531,59.342211950939515,42.9534417187907,77.37173140012388,False,,,,False
C10094,campus_summary,[],Address unavailable,Unavailable,,,Multifamily Housing,36490.0,36490.0,2256899.8,61.8,61.849816388051515,0.04981638805151789,121854.904,121.85490399999999,121854.904,0.0,False,3.339405426144149,28.24,149150.0,Not provided,"25,000–49,999",False,[],[],"[""emissions_components_incomplete""]",False,Data Disclosure - Campuses,75,"[{""sheet"": ""Data Disclosure - Campuses"", ""row"": 75}, {""sheet"": ""Data Disclosure"", ""row"": 5563}]","{""Reported Gross Floor Area (Sq Ft)"": ""numeric"", ""Reported Enclosed Parking Area (Sq Ft)"": ""missing"", ""BERDO Emissions Gross Floor Area (Sq Ft)"": ""numeric"", ""Total Site Energy Usage (kBtu)"": ""numeric"", ""Energy Star Score"": ""numeric"", ""Site EUI (Energy Use Intensity kBtu/ft²)"": ""numeric"", ""Natural Gas Usage (kBtu)"": ""numeric_text"", ""Natural Gas Emissions (kgCO2e)"": ""numeric_text"", ""Electricity Usage (kWh)"": ""numeric_text"", ""Electricity Emissions (kgCO2e)"": ""numeric_text"", ""Renewable System Electricity Usage Onsite (kBtu)"": ""missing"", ""District Hot Water Usage (kBtu)"": ""missing"", ""District Hot Water Emissions (kgCO2e)"": ""missing"", ""District Chilled Water Usage (kBtu)"": ""missing"", ""District Chilled Water Emissions (kgCO2e)"": ""missing"", ""District Steam Usage (kBtu)"": ""missing"", ""District Steam Emissions (kgCO2e)"": ""missing"", ""Fuel Oil 1 Usage (kBtu)"": ""missing"", ""Fuel Oil 1 Emissions (kgCO2e)"": ""missing"", ""Fuel Oil 2 Usage (kBtu)"": ""missing"", ""Fuel Oil 2 Emissions (kgCO2e)"": ""missing"", ""Fuel Oil 4 Usage (kBtu)"": ""missing"", ""Fuel Oil 4 Emissions (kgCO2e)"": ""missing"", ""Fuel Oil 5 and 6 Usage (kBtu)"": ""missing"", ""Fuel Oil 5 and 6 Emissions (kgCO2e)"": ""missing"", ""Propane Usage (kBtu)"": ""missing"", ""Propane Emissions (kgCO2e)"": ""missing"", ""Diesel Usage (kBtu)"": ""missing"", ""Diesel Emissions (kgCO2e)"": ""missing"", ""Kerosene Usage (kBtu)"": ""missing"", ""Kerosene Emissions (kgCO2e)"": ""missing"", ""Water Usage Intensity (Gallons/ft²)"": ""numeric"", ""Estimated Total GHG Emissions (kgCO2e)"": ""numeric_text""}","{""Campus ID"": ""C10094"", ""BERDO IDs in Campus"": ""107395, 107394"", ""Reported Gross Floor Area (Sq Ft)"": 36490.0, ""Reported Enclosed Parking Area (Sq Ft)"": null, ""BERDO Emissions Gross Floor Area (Sq Ft)"": 36490.0, ""Largest Property Type"": ""Multifamily Housing"", ""All Property Types and GFAs"": null, ""Total Site Energy Usage (kBtu)"": 2256899.8, ""Energy Star Score"": 72.0, ""Site EUI (Energy Use Intensity kBtu/ft²)"": 61.8, ""Natural Gas Usage (kBtu)"": ""1748000"", ""Natural Gas Emissions (kgCO2e)"": ""92836.28"", ""Electricity Usage (kWh)"": ""149150"", ""Electricity Emissions (kgCO2e)"": ""29018.624"", ""Renewable System Electricity Usage Onsite (kBtu)"": null, ""District Hot Water Usage (kBtu)"": null, ""District Hot Water Emissions (kgCO2e)"": null, ""District Chilled Water Usage (kBtu)"": null, ""District Chilled Water Emissions (kgCO2e)"": null, ""District Steam Usage (kBtu)"": null, ""District Steam Emissions (kgCO2e)"": null, ""Fuel Oil 1 Usage (kBtu)"": null, ""Fuel Oil 1 Emissions (kgCO2e)"": null, ""Fuel Oil 2 Usage (kBtu)"": null, ""Fuel Oil 2 Emissions (kgCO2e)"": null, ""Fuel Oil 4 Usage (kBtu)"": null, ""Fuel Oil 4 Emissions (kgCO2e)"": null, ""Fuel Oil 5 and 6 Usage (kBtu)"": null, ""Fuel Oil 5 and 6 Emissions (kgCO2e)"": null, ""Propane Usage (kBtu)"": null, ""Propane Emissions (kgCO2e)"": null, ""Diesel Usage (kBtu)"": null, ""Diesel Emissions (kgCO2e)"": null, ""Kerosene Usage (kBtu)"": null, ""Kerosene Emissions (kgCO2e)"": null, ""Water Usage Intensity (Gallons/ft²)"": 28.24, ""Estimated Total GHG Emissions (kgCO2e)"": ""121854.904"", ""Reporting Compliance Status"": null, ""First Emissions Compliance Year (Projected)"": 2030.0, ""Community Choice Electricity Participation"": null, ""Renewable Energy Purchased through a Power Purchase Agreement (PPA)"": null, ""Renewable Energy Certificate (REC) Purchase"": null, ""Backup Generator"": null, ""Battery Storage"": null, ""Electric Vehicle (EV) Charging"": null}",531,59.342211950939515,42.9534417187907,77.37173140012388,False,,,,False
C10095,campus_summary,[],Address unavailable,Unavailable,,,Multifamily Housing,41955.0,41955.0,2506429.5,59.7,59.74090096531999,0.04090096531998455,179344.753,179.344753,179344.75300000003,-2.9103830456733704e-11,False,4.274693195089977,20.32,90566.0,Not provided,"25,000–49,999",False,[],[],"[""emissions_components_incomplete""]",False,Data Disclosure - Campuses,76,"[{""sheet"": ""Data Disclosure - Campuses"", ""row"": 76}, {""sheet"": ""Data Disclosure"", ""row"": 5564}]","{""Reported Gross Floor Area (Sq Ft)"": ""numeric"", ""Reported Enclosed Parking Area (Sq Ft)"": ""missing"", ""BERDO Emissions Gross Floor Area (Sq Ft)"": ""numeric"", ""Total Site Energy Usage (kBtu)"": ""numeric"", ""Energy Star Score"": ""numeric"", ""Site EUI (Energy Use Intensity kBtu/ft²)"": ""numeric"", ""Natural Gas Usage (kBtu)"": ""numeric_text"", ""Natural Gas Emissions (kgCO2e)"": ""numeric_text"", ""Electricity Usage (kWh)"": ""numeric_text"", ""Electricity Emissions (kgCO2e)"": ""numeric_text"", ""Renewable System Electricity Usage Onsite (kBtu)"": ""missing"", ""District Hot Water Usage (kBtu)"": ""missing"", ""District Hot Water Emissions (kgCO2e)"": ""missing"", ""District Chilled Water Usage (kBtu)"": ""missing"", ""District Chilled Water Emissions (kgCO2e)"": ""missing"", ""District Steam Usage (kBtu)"": ""missing"", ""District Steam Emissions (kgCO2e)"": ""missing"", ""Fuel Oil 1 Usage (kBtu)"": ""missing"", ""Fuel Oil 1 Emissions (kgCO2e)"": ""missing"", ""Fuel Oil 2 Usage (kBtu)"": ""numeric_text"", ""Fuel Oil 2 Emissions (kgCO2e)"": ""numeric_text"", ""Fuel Oil 4 Usage (kBtu)"": ""missing"", ""Fuel Oil 4 Emissions (kgCO2e)"": ""missing"", ""Fuel Oil 5 and 6 Usage (kBtu)"": ""missing"", ""Fuel Oil 5 and 6 Emissions (kgCO2e)"": ""missing"", ""Propane Usage (kBtu)"": ""missing"", ""Propane Emissions (kgCO2e)"": ""missing"", ""Diesel Usage (kBtu)"": ""missing"", ""Diesel Emissions (kgCO2e)"": ""missing"", ""Kerosene Usage (kBtu)"": ""missing"", ""Kerosene Emissions (kgCO2e)"": ""missing"", ""Water Usage Intensity (Gallons/ft²)"": ""numeric"", ""Estimated Total GHG Emissions (kgCO2e)"": ""numeric_text""}","{""Campus ID"": ""C10095"", ""BERDO IDs in Campus"": ""106350, 106349"", ""Reported Gross Floor Area (Sq Ft)"": 41955.0, ""Reported Enclosed Parking Area (Sq Ft)"": null, ""BERDO Emissions Gross Floor Area (Sq Ft)"": 41955.0, ""Largest Property Type"": ""Multifamily Housing"", ""All Property Types and GFAs"": null, ""Total Site Energy Usage (kBtu)"": 2506429.5, ""Energy Star Score"": 83.0, ""Site EUI (Energy Use Intensity kBtu/ft²)"": 59.7, ""Natural Gas Usage (kBtu)"": ""63800"", ""Natural Gas Emissions (kgCO2e)"": ""3388.418"", ""Electricity Usage (kWh)"": ""90566"", ""Electricity Emissions (kgCO2e)"": ""17620.521"", ""Renewable System Electricity Usage Onsite (kBtu)"": null, ""District Hot Water Usage (kBtu)"": null, ""District Hot Water Emissions (kgCO2e)"": null, ""District Chilled Water Usage (kBtu)"": null, ""District Chilled Water Emissions (kgCO2e)"": null, ""District Steam Usage (kBtu)"": null, ""District Steam Emissions (kgCO2e)"": null, ""Fuel Oil 1 Usage (kBtu)"": null, ""Fuel Oil 1 Emissions (kgCO2e)"": null, ""Fuel Oil 2 Usage (kBtu)"": ""2133618.3"", ""Fuel Oil 2 Emissions (kgCO2e)"": ""158335.814"", ""Fuel Oil 4 Usage (kBtu)"": null, ""Fuel Oil 4 Emissions (kgCO2e)"": null, ""Fuel Oil 5 and 6 Usage (kBtu)"": null, ""Fuel Oil 5 and 6 Emissions (kgCO2e)"": null, ""Propane Usage (kBtu)"": null, ""Propane Emissions (kgCO2e)"": null, ""Diesel Usage (kBtu)"": null, ""Diesel Emissions (kgCO2e)"": null, ""Kerosene Usage (kBtu)"": null, ""Kerosene Emissions (kgCO2e)"": null, ""Water Usage Intensity (Gallons/ft²)"": 20.32, ""Estimated Total GHG Emissions (kgCO2e)"": ""179344.753"", ""Reporting Compliance Status"": null, ""First Emissions Compliance Year (Projected)"": 2030.0, ""Community Choice Electricity Participation"": null, ""Renewable Energy Purchased through a Power Purchase Agreement (PPA)"": null, ""Renewable Energy Certificate (REC) Purchase"": null, ""Backup Generator"": null, ""Battery Storage"": null, ""Electric Vehicle (EV) Charging"": null}",531,59.342211950939515,42.9534417187907,77.37173140012388,False,,,,False
C10096,campus_summary,[],Address unavailable,Unavailable,,,Other - Utility,209067.0,209067.0,27032862.2,129.3,129.30238727297947,0.002387272979461841,1446583.217,1446.5832169999999,1446583.217,0.0,False,6.9192326718229085,13.89,5250479.2,Not provided,"100,000–249,999",False,[],[],"[""emissions_components_incomplete""]",False,Data Disclosure - Campuses,77,"[{""sheet"": ""Data Disclosure - Campuses"", ""row"": 77}, {""sheet"": ""Data Disclosure"", ""row"": 5565}]","{""Reported Gross Floor Area (Sq Ft)"": ""numeric"", ""Reported Enclosed Parking Area (Sq Ft)"": ""missing"", ""BERDO Emissions Gross Floor Area (Sq Ft)"": ""numeric"", ""Total Site Energy Usage (kBtu)"": ""numeric"", ""Energy Star Score"": ""missing"", ""Site EUI (Energy Use Intensity kBtu/ft²)"": ""numeric"", ""Natural Gas Usage (kBtu)"": ""numeric_text"", ""Natural Gas Emissions (kgCO2e)"": ""numeric_text"", ""Electricity Usage (kWh)"": ""numeric_text"", ""Electricity Emissions (kgCO2e)"": ""numeric_text"", ""Renewable System Electricity Usage Onsite (kBtu)"": ""missing"", ""District Hot Water Usage (kBtu)"": ""missing"", ""District Hot Water Emissions (kgCO2e)"": ""missing"", ""District Chilled Water Usage (kBtu)"": ""missing"", ""District Chilled Water Emissions (kgCO2e)"": ""missing"", ""District Steam Usage (kBtu)"": ""missing"", ""District Steam Emissions (kgCO2e)"": ""missing"", ""Fuel Oil 1 Usage (kBtu)"": ""missing"", ""Fuel Oil 1 Emissions (kgCO2e)"": ""missing"", ""Fuel Oil 2 Usage (kBtu)"": ""missing"", ""Fuel Oil 2 Emissions (kgCO2e)"": ""missing"", ""Fuel Oil 4 Usage (kBtu)"": ""missing"", ""Fuel Oil 4 Emissions (kgCO2e)"": ""missing"", ""Fuel Oil 5 and 6 Usage (kBtu)"": ""missing"", ""Fuel Oil 5 and 6 Emissions (kgCO2e)"": ""missing"", ""Propane Usage (kBtu)"": ""missing"", ""Propane Emissions (kgCO2e)"": ""missing"", ""Diesel Usage (kBtu)"": ""missing"", ""Diesel Emissions (kgCO2e)"": ""missing"", ""Kerosene Usage (kBtu)"": ""missing"", ""Kerosene Emissions (kgCO2e)"": ""missing"", ""Water Usage Intensity (Gallons/ft²)"": ""numeric"", ""Estimated Total GHG Emissions (kgCO2e)"": ""numeric_text""}","{""Campus ID"": ""C10096"", ""BERDO IDs in Campus"": ""100768, 108118, 108119, 108120"", ""Reported Gross Floor Area (Sq Ft)"": 209067.0, ""Reported Enclosed Parking Area (Sq Ft)"": null, ""BERDO Emissions Gross Floor Area (Sq Ft)"": 209067.0, ""Largest Property Type"": ""Other - Utility"", ""All Property Types and GFAs"": null, ""Total Site Energy Usage (kBtu)"": 27032862.2, ""Energy Star Score"": null, ""Site EUI (Energy Use Intensity kBtu/ft²)"": 129.3, ""Natural Gas Usage (kBtu)"": ""8003200.6"", ""Natural Gas Emissions (kgCO2e)"": ""425049.984"", ""Electricity Usage (kWh)"": ""5250479.2"", ""Electricity Emissions (kgCO2e)"": ""1021533.233"", ""Renewable System Electricity Usage Onsite (kBtu)"": null, ""District Hot Water Usage (kBtu)"": null, ""District Hot Water Emissions (kgCO2e)"": null, ""District Chilled Water Usage (kBtu)"": null, ""District Chilled Water Emissions (kgCO2e)"": null, ""District Steam Usage (kBtu)"": null, ""District Steam Emissions (kgCO2e)"": null, ""Fuel Oil 1 Usage (kBtu)"": null, ""Fuel Oil 1 Emissions (kgCO2e)"": null, ""Fuel Oil 2 Usage (kBtu)"": null, ""Fuel Oil 2 Emissions (kgCO2e)"": null, ""Fuel Oil 4 Usage (kBtu)"": null, ""Fuel Oil 4 Emissions (kgCO2e)"": null, ""Fuel Oil 5 and 6 Usage (kBtu)"": null, ""Fuel Oil 5 and 6 Emissions (kgCO2e)"": null, ""Propane Usage (kBtu)"": null, ""Propane Emissions (kgCO2e)"": null, ""Diesel Usage (kBtu)"": null, ""Diesel Emissions (kgCO2e)"": null, ""Kerosene Usage (kBtu)"": null, ""Kerosene Emissions (kgCO2e)"": null, ""Water Usage Intensity (Gallons/ft²)"": 13.89, ""Estimated Total GHG Emissions (kgCO2e)"": ""1446583.217"", ""Reporting Compliance Status"": null, ""First Emissions Compliance Year (Projected)"": 2025.0, ""Community Choice Electricity Participation"": null, ""Renewable Energy Purchased through a Power Purchase Agreement (PPA)"": null, ""Renewable Energy Certificate (REC) Purchase"": null, ""Backup Generator"": null, ""Battery Storage"": null, ""Electric Vehicle (EV) Charging"": null}",0,,,,False,,,,False
C10097,campus_summary,[],Address unavailable,Unavailable,,,College/University,2533706.0,2533706.0,305931898.6,120.7,120.7448293527347,0.044829352734694794,16785811.76,16785.81176,16785811.764000002,-0.0040000006556510925,False,6.625003753395225,28.37,34198814.6,Not provided,"250,000 and above",False,[],[],"[""emissions_components_incomplete""]",False,Data Disclosure - Campuses,78,"[{""sheet"": ""Data Disclosure - Campuses"", ""row"": 78}, {""sheet"": ""Data Disclosure"", ""row"": 5566}]","{""Reported Gross Floor Area (Sq Ft)"": ""numeric"", ""Reported Enclosed Parking Area (Sq Ft)"": ""missing"", ""BERDO Emissions Gross Floor Area (Sq Ft)"": ""numeric"", ""Total Site Energy Usage (kBtu)"": ""numeric"", ""Energy Star Score"": ""missing"", ""Site EUI (Energy Use Intensity kBtu/ft²)"": ""numeric"", ""Natural Gas Usage (kBtu)"": ""numeric_text"", ""Natural Gas Emissions (kgCO2e)"": ""numeric_text"", ""Electricity Usage (kWh)"": ""numeric_text"", ""Electricity Emissions (kgCO2e)"": ""numeric_text"", ""Renewable System Electricity Usage Onsite (kBtu)"": ""missing"", ""District Hot Water Usage (kBtu)"": ""missing"", ""District Hot Water Emissions (kgCO2e)"": ""missing"", ""District Chilled Water Usage (kBtu)"": ""missing"", ""District Chilled Water Emissions (kgCO2e)"": ""missing"", ""District Steam Usage (kBtu)"": ""missing"", ""District Steam Emissions (kgCO2e)"": ""missing"", ""Fuel Oil 1 Usage (kBtu)"": ""missing"", ""Fuel Oil 1 Emissions (kgCO2e)"": ""missing"", ""Fuel Oil 2 Usage (kBtu)"": ""numeric_text"", ""Fuel Oil 2 Emissions (kgCO2e)"": ""numeric_text"", ""Fuel Oil 4 Usage (kBtu)"": ""missing"", ""Fuel Oil 4 Emissions (kgCO2e)"": ""missing"", ""Fuel Oil 5 and 6 Usage (kBtu)"": ""missing"", ""Fuel Oil 5 and 6 Emissions (kgCO2e)"": ""missing"", ""Propane Usage (kBtu)"": ""missing"", ""Propane Emissions (kgCO2e)"": ""missing"", ""Diesel Usage (kBtu)"": ""missing"", ""Diesel Emissions (kgCO2e)"": ""missing"", ""Kerosene Usage (kBtu)"": ""missing"", ""Kerosene Emissions (kgCO2e)"": ""missing"", ""Water Usage Intensity (Gallons/ft²)"": ""numeric"", ""Estimated Total GHG Emissions (kgCO2e)"": ""numeric_text""}","{""Campus ID"": ""C10097"", ""BERDO IDs in Campus"": ""101289, 101244, 101237, 101288, 107089, 107090, 101271, 101270, 101236, 101239, 101240, 101238, 101241"", ""Reported Gross Floor Area (Sq Ft)"": 2533706.0, ""Reported Enclosed Parking Area (Sq Ft)"": null, ""BERDO Emissions Gross Floor Area (Sq Ft)"": 2533706.0, ""Largest Property Type"": ""College/University"", ""All Property Types and GFAs"": null, ""Total Site Energy Usage (kBtu)"": 305931898.6, ""Energy Star Score"": null, ""Site EUI (Energy Use Intensity kBtu/ft²)"": 120.7, ""Natural Gas Usage (kBtu)"": ""185394378.2"", ""Natural Gas Emissions (kgCO2e)"": ""9846295.426"", ""Electricity Usage (kWh)"": ""34198814.6"", ""Electricity Emissions (kgCO2e)"": ""6653721.369"", ""Renewable System Electricity Usage Onsite (kBtu)"": null, ""District Hot Water Usage (kBtu)"": null, ""District Hot Water Emissions (kgCO2e)"": null, ""District Chilled Water Usage (kBtu)"": null, ""District Chilled Water Emissions (kgCO2e)"": null, ""District Steam Usage (kBtu)"": null, ""District Steam Emissions (kgCO2e)"": null, ""Fuel Oil 1 Usage (kBtu)"": null, ""Fuel Oil 1 Emissions (kgCO2e)"": null, ""Fuel Oil 2 Usage (kBtu)"": ""3851165.2"", ""Fuel Oil 2 Emissions (kgCO2e)"": ""285794.969"", ""Fuel Oil 4 Usage (kBtu)"": null, ""Fuel Oil 4 Emissions (kgCO2e)"": null, ""Fuel Oil 5 and 6 Usage (kBtu)"": null, ""Fuel Oil 5 and 6 Emissions (kgCO2e)"": null, ""Propane Usage (kBtu)"": null, ""Propane Emissions (kgCO2e)"": null, ""Diesel Usage (kBtu)"": null, ""Diesel Emissions (kgCO2e)"": null, ""Kerosene Usage (kBtu)"": null, ""Kerosene Emissions (kgCO2e)"": null, ""Water Usage Intensity (Gallons/ft²)"": 28.37, ""Estimated Total GHG Emissions (kgCO2e)"": ""16785811.76"", ""Reporting Compliance Status"": null, ""First Emissions Compliance Year (Projected)"": 2025.0, ""Community Choice Electricity Participation"": null, ""Renewable Energy Purchased through a Power Purchase Agreement (PPA)"": null, ""Renewable Energy Certificate (REC) Purchase"": null, ""Backup Generator"": null, ""Battery Storage"": null, ""Electric Vehicle (EV) Charging"": null}",14,69.6255100013128,52.29563167705559,91.70594484472991,False,,,,False
C10099,campus_summary,[],Address unavailable,Unavailable,,,Multifamily Housing,100287.0,100287.0,,,,,357865.791,357.865791,357865.791,0.0,False,3.5684165544886177,,,Not provided,"100,000–249,999",False,"[""site_energy_missing"", ""reported_eui_missing""]",[],"[""site_energy_missing"", ""reported_eui_missing"", ""emissions_components_incomplete""]",True,Data Disclosure - Campuses,79,"[{""sheet"": ""Data Disclosure - Campuses"", ""row"": 79}, {""sheet"": ""Data Disclosure"", ""row"": 5567}]","{""Reported Gross Floor Area (Sq Ft)"": ""numeric"", ""Reported Enclosed Parking Area (Sq Ft)"": ""missing"", ""BERDO Emissions Gross Floor Area (Sq Ft)"": ""numeric"", ""Total Site Energy Usage (kBtu)"": ""missing"", ""Energy Star Score"": ""missing"", ""Site EUI (Energy Use Intensity kBtu/ft²)"": ""missing"", ""Natural Gas Usage (kBtu)"": ""numeric_text"", ""Natural Gas Emissions (kgCO2e)"": ""numeric_text"", ""Electricity Usage (kWh)"": ""missing"", ""Electricity Emissions (kgCO2e)"": ""missing"", ""Renewable System Electricity Usage Onsite (kBtu)"": ""missing"", ""District Hot Water Usage (kBtu)"": ""missing"", ""District Hot Water Emissions (kgCO2e)"": ""missing"", ""District Chilled Water Usage (kBtu)"": ""missing"", ""District Chilled Water Emissions (kgCO2e)"": ""missing"", ""District Steam Usage (kBtu)"": ""missing"", ""District Steam Emissions (kgCO2e)"": ""missing"", ""Fuel Oil 1 Usage (kBtu)"": ""missing"", ""Fuel Oil 1 Emissions (kgCO2e)"": ""missing"", ""Fuel Oil 2 Usage (kBtu)"": ""missing"", ""Fuel Oil 2 Emissions (kgCO2e)"": ""missing"", ""Fuel Oil 4 Usage (kBtu)"": ""missing"", ""Fuel Oil 4 Emissions (kgCO2e)"": ""missing"", ""Fuel Oil 5 and 6 Usage (kBtu)"": ""missing"", ""Fuel Oil 5 and 6 Emissions (kgCO2e)"": ""missing"", ""Propane Usage (kBtu)"": ""missing"", ""Propane Emissions (kgCO2e)"": ""missing"", ""Diesel Usage (kBtu)"": ""missing"", ""Diesel Emissions (kgCO2e)"": ""missing"", ""Kerosene Usage (kBtu)"": ""missing"", ""Kerosene Emissions (kgCO2e)"": ""missing"", ""Water Usage Intensity (Gallons/ft²)"": ""missing"", ""Estimated Total GHG Emissions (kgCO2e)"": ""numeric_text""}","{""Campus ID"": ""C10099"", ""BERDO IDs in Campus"": ""106023, 106024, 106025, 106026, 106027, 106028"", ""Reported Gross Floor Area (Sq Ft)"": 100287.0, ""Reported Enclosed Parking Area (Sq Ft)"": null, ""BERDO Emissions Gross Floor Area (Sq Ft)"": 100287.0, ""Largest Property Type"": ""Multifamily Housing"", ""All Property Types and GFAs"": null, ""Total Site Energy Usage (kBtu)"": null, ""Energy Star Score"": null, ""Site EUI (Energy Use Intensity kBtu/ft²)"": null, ""Natural Gas Usage (kBtu)"": ""6738199.8"", ""Natural Gas Emissions (kgCO2e)"": ""357865.791"", ""Electricity Usage (kWh)"": null, ""Electricity Emissions (kgCO2e)"": null, ""Renewable System Electricity Usage Onsite (kBtu)"": null, ""District Hot Water Usage (kBtu)"": null, ""District Hot Water Emissions (kgCO2e)"": null, ""District Chilled Water Usage (kBtu)"": null, ""District Chilled Water Emissions (kgCO2e)"": null, ""District Steam Usage (kBtu)"": null, ""District Steam Emissions (kgCO2e)"": null, ""Fuel Oil 1 Usage (kBtu)"": null, ""Fuel Oil 1 Emissions (kgCO2e)"": null, ""Fuel Oil 2 Usage (kBtu)"": null, ""Fuel Oil 2 Emissions (kgCO2e)"": null, ""Fuel Oil 4 Usage (kBtu)"": null, ""Fuel Oil 4 Emissions (kgCO2e)"": null, ""Fuel Oil 5 and 6 Usage (kBtu)"": null, ""Fuel Oil 5 and 6 Emissions (kgCO2e)"": null, ""Propane Usage (kBtu)"": null, ""Propane Emissions (kgCO2e)"": null, ""Diesel Usage (kBtu)"": null, ""Diesel Emissions (kgCO2e)"": null, ""Kerosene Usage (kBtu)"": null, ""Kerosene Emissions (kgCO2e)"": null, ""Water Usage Intensity (Gallons/ft²)"": null, ""Estimated Total GHG Emissions (kgCO2e)"": ""357865.791"", ""Reporting Compliance Status"": null, ""First Emissions Compliance Year (Projected)"": 2025.0, ""Community Choice Electricity Participation"": null, ""Renewable Energy Purchased through a Power Purchase Agreement (PPA)"": null, ""Renewable Energy Certificate (REC) Purchase"": null, ""Backup Generator"": null, ""Battery Storage"": null, ""Electric Vehicle (EV) Charging"": null}",159,53.401003688700065,40.89768875436071,67.5492909754266,False,,,,False
C10100,campus_summary,[],Address unavailable,Unavailable,,,Multifamily Housing,177230.0,177230.0,8401718.2,47.4,47.40573379224736,0.005733792247362146,457028.453,457.02845299999996,457028.453,0.0,False,2.5787307622862947,23.17,810058.0,Not provided,"100,000–249,999",False,[],[],"[""emissions_components_incomplete""]",False,Data Disclosure - Campuses,80,"[{""sheet"": ""Data Disclosure - Campuses"", ""row"": 80}, {""sheet"": ""Data Disclosure"", ""row"": 5568}]","{""Reported Gross Floor Area (Sq Ft)"": ""numeric"", ""Reported Enclosed Parking Area (Sq Ft)"": ""missing"", ""BERDO Emissions Gross Floor Area (Sq Ft)"": ""numeric"", ""Total Site Energy Usage (kBtu)"": ""numeric"", ""Energy Star Score"": ""numeric"", ""Site EUI (Energy Use Intensity kBtu/ft²)"": ""numeric"", ""Natural Gas Usage (kBtu)"": ""numeric_text"", ""Natural Gas Emissions (kgCO2e)"": ""numeric_text"", ""Electricity Usage (kWh)"": ""numeric_text"", ""Electricity Emissions (kgCO2e)"": ""numeric_text"", ""Renewable System Electricity Usage Onsite (kBtu)"": ""missing"", ""District Hot Water Usage (kBtu)"": ""missing"", ""District Hot Water Emissions (kgCO2e)"": ""missing"", ""District Chilled Water Usage (kBtu)"": ""missing"", ""District Chilled Water Emissions (kgCO2e)"": ""missing"", ""District Steam Usage (kBtu)"": ""missing"", ""District Steam Emissions (kgCO2e)"": ""missing"", ""Fuel Oil 1 Usage (kBtu)"": ""missing"", ""Fuel Oil 1 Emissions (kgCO2e)"": ""missing"", ""Fuel Oil 2 Usage (kBtu)"": ""missing"", ""Fuel Oil 2 Emissions (kgCO2e)"": ""missing"", ""Fuel Oil 4 Usage (kBtu)"": ""missing"", ""Fuel Oil 4 Emissions (kgCO2e)"": ""missing"", ""Fuel Oil 5 and 6 Usage (kBtu)"": ""missing"", ""Fuel Oil 5 and 6 Emissions (kgCO2e)"": ""missing"", ""Propane Usage (kBtu)"": ""missing"", ""Propane Emissions (kgCO2e)"": ""missing"", ""Diesel Usage (kBtu)"": ""missing"", ""Diesel Emissions (kgCO2e)"": ""missing"", ""Kerosene Usage (kBtu)"": ""missing"", ""Kerosene Emissions (kgCO2e)"": ""missing"", ""Water Usage Intensity (Gallons/ft²)"": ""numeric"", ""Estimated Total GHG Emissions (kgCO2e)"": ""numeric_text""}","{""Campus ID"": ""C10100"", ""BERDO IDs in Campus"": ""101728, 106835"", ""Reported Gross Floor Area (Sq Ft)"": 177230.0, ""Reported Enclosed Parking Area (Sq Ft)"": null, ""BERDO Emissions Gross Floor Area (Sq Ft)"": 177230.0, ""Largest Property Type"": ""Multifamily Housing"", ""All Property Types and GFAs"": null, ""Total Site Energy Usage (kBtu)"": 8401718.2, ""Energy Star Score"": 88.0, ""Site EUI (Energy Use Intensity kBtu/ft²)"": 47.4, ""Natural Gas Usage (kBtu)"": ""5637800.2"", ""Natural Gas Emissions (kgCO2e)"": ""299423.569"", ""Electricity Usage (kWh)"": ""810058"", ""Electricity Emissions (kgCO2e)"": ""157604.884"", ""Renewable System Electricity Usage Onsite (kBtu)"": null, ""District Hot Water Usage (kBtu)"": null, ""District Hot Water Emissions (kgCO2e)"": null, ""District Chilled Water Usage (kBtu)"": null, ""District Chilled Water Emissions (kgCO2e)"": null, ""District Steam Usage (kBtu)"": null, ""District Steam Emissions (kgCO2e)"": null, ""Fuel Oil 1 Usage (kBtu)"": null, ""Fuel Oil 1 Emissions (kgCO2e)"": null, ""Fuel Oil 2 Usage (kBtu)"": null, ""Fuel Oil 2 Emissions (kgCO2e)"": null, ""Fuel Oil 4 Usage (kBtu)"": null, ""Fuel Oil 4 Emissions (kgCO2e)"": null, ""Fuel Oil 5 and 6 Usage (kBtu)"": null, ""Fuel Oil 5 and 6 Emissions (kgCO2e)"": null, ""Propane Usage (kBtu)"": null, ""Propane Emissions (kgCO2e)"": null, ""Diesel Usage (kBtu)"": null, ""Diesel Emissions (kgCO2e)"": null, ""Kerosene Usage (kBtu)"": null, ""Kerosene Emissions (kgCO2e)"": null, ""Water Usage Intensity (Gallons/ft²)"": 23.17, ""Estimated Total GHG Emissions (kgCO2e)"": ""457028.453"", ""Reporting Compliance Status"": null, ""First Emissions Compliance Year (Projected)"": 2025.0, ""Community Choice Electricity Participation"": null, ""Renewable Energy Purchased through a Power Purchase Agreement (PPA)"": null, ""Renewable Energy Certificate (REC) Purchase"": null, ""Backup Generator"": null, ""Battery Storage"": null, ""Electric Vehicle (EV) Charging"": null}",159,53.401003688700065,40.89768875436071,67.5492909754266,False,,,,False
C10101,campus_summary,[],Address unavailable,Unavailable,,,Not reported,,,,,,,,,,,False,,,,Not provided,,False,"[""floor_area_missing"", ""site_energy_missing"", ""reported_eui_missing"", ""property_type_missing""]","[""estimated_emissions_missing""]","[""floor_area_missing"", ""site_energy_missing"", ""reported_eui_missing"", ""estimated_emissions_missing"", ""emissions_components_incomplete"", ""property_type_missing""]",True,Data Disclosure - Campuses,81,"[{""sheet"": ""Data Disclosure - Campuses"", ""row"": 81}, {""sheet"": ""Data Disclosure"", ""row"": 5569}]","{""Reported Gross Floor Area (Sq Ft)"": ""missing"", ""Reported Enclosed Parking Area (Sq Ft)"": ""missing"", ""BERDO Emissions Gross Floor Area (Sq Ft)"": ""missing"", ""Total Site Energy Usage (kBtu)"": ""missing"", ""Energy Star Score"": ""missing"", ""Site EUI (Energy Use Intensity kBtu/ft²)"": ""missing"", ""Natural Gas Usage (kBtu)"": ""missing"", ""Natural Gas Emissions (kgCO2e)"": ""missing"", ""Electricity Usage (kWh)"": ""missing"", ""Electricity Emissions (kgCO2e)"": ""missing"", ""Renewable System Electricity Usage Onsite (kBtu)"": ""missing"", ""District Hot Water Usage (kBtu)"": ""missing"", ""District Hot Water Emissions (kgCO2e)"": ""missing"", ""District Chilled Water Usage (kBtu)"": ""missing"", ""District Chilled Water Emissions (kgCO2e)"": ""missing"", ""District Steam Usage (kBtu)"": ""missing"", ""District Steam Emissions (kgCO2e)"": ""missing"", ""Fuel Oil 1 Usage (kBtu)"": ""missing"", ""Fuel Oil 1 Emissions (kgCO2e)"": ""missing"", ""Fuel Oil 2 Usage (kBtu)"": ""missing"", ""Fuel Oil 2 Emissions (kgCO2e)"": ""missing"", ""Fuel Oil 4 Usage (kBtu)"": ""missing"", ""Fuel Oil 4 Emissions (kgCO2e)"": ""missing"", ""Fuel Oil 5 and 6 Usage (kBtu)"": ""missing"", ""Fuel Oil 5 and 6 Emissions (kgCO2e)"": ""missing"", ""Propane Usage (kBtu)"": ""missing"", ""Propane Emissions (kgCO2e)"": ""missing"", ""Diesel Usage (kBtu)"": ""missing"", ""Diesel Emissions (kgCO2e)"": ""missing"", ""Kerosene Usage (kBtu)"": ""missing"", ""Kerosene Emissions (kgCO2e)"": ""missing"", ""Water Usage Intensity (Gallons/ft²)"": ""missing"", ""Estimated Total GHG Emissions (kgCO2e)"": ""missing""}","{""Campus ID"": ""C10101"", ""BERDO IDs in Campus"": ""103988, 103989"", ""Reported Gross Floor Area (Sq Ft)"": null, ""Reported Enclosed Parking Area (Sq Ft)"": null, ""BERDO Emissions Gross Floor Area (Sq Ft)"": null, ""Largest Property Type"": null, ""All Property Types and GFAs"": null, ""Total Site Energy Usage (kBtu)"": null, ""Energy Star Score"": null, ""Site EUI (Energy Use Intensity kBtu/ft²)"": null, ""Natural Gas Usage (kBtu)"": null, ""Natural Gas Emissions (kgCO2e)"": null, ""Electricity Usage (kWh)"": null, ""Electricity Emissions (kgCO2e)"": null, ""Renewable System Electricity Usage Onsite (kBtu)"": null, ""District Hot Water Usage (kBtu)"": null, ""District Hot Water Emissions (kgCO2e)"": null, ""District Chilled Water Usage (kBtu)"": null, ""District Chilled Water Emissions (kgCO2e)"": null, ""District Steam Usage (kBtu)"": null, ""District Steam Emissions (kgCO2e)"": null, ""Fuel Oil 1 Usage (kBtu)"": null, ""Fuel Oil 1 Emissions (kgCO2e)"": null, ""Fuel Oil 2 Usage (kBtu)"": null, ""Fuel Oil 2 Emissions (kgCO2e)"": null, ""Fuel Oil 4 Usage (kBtu)"": null, ""Fuel Oil 4 Emissions (kgCO2e)"": null, ""Fuel Oil 5 and 6 Usage (kBtu)"": null, ""Fuel Oil 5 and 6 Emissions (kgCO2e)"": null, ""Propane Usage (kBtu)"": null, ""Propane Emissions (kgCO2e)"": null, ""Diesel Usage (kBtu)"": null, ""Diesel Emissions (kgCO2e)"": null, ""Kerosene Usage (kBtu)"": null, ""Kerosene Emissions (kgCO2e)"": null, ""Water Usage Intensity (Gallons/ft²)"": null, ""Estimated Total GHG Emissions (kgCO2e)"": null, ""Reporting Compliance Status"": null, ""First Emissions Compliance Year (Projected)"": 2025.0, ""Community Choice Electricity Participation"": null, ""Renewable Energy Purchased through a Power Purchase Agreement (PPA)"": null, ""Renewable Energy Certificate (REC) Purchase"": null, ""Backup Generator"": null, ""Battery Storage"": null, ""Electric Vehicle (EV) Charging"": null}",0,,,,False,,,,False
C10102,campus_summary,[],Address unavailable,Unavailable,,,Multifamily Housing,167301.0,167301.0,196700.0,1.2,1.1757251899271373,-0.024274810072862696,10446.737,10.446736999999999,10446.737,0.0,False,0.062442764837030255,38.21,,Not provided,"100,000–249,999",False,[],[],"[""emissions_components_incomplete""]",False,Data Disclosure - Campuses,82,"[{""sheet"": ""Data Disclosure - Campuses"", ""row"": 82}, {""sheet"": ""Data Disclosure"", ""row"": 5570}]","{""Reported Gross Floor Area (Sq Ft)"": ""numeric"", ""Reported Enclosed Parking Area (Sq Ft)"": ""missing"", ""BERDO Emissions Gross Floor Area (Sq Ft)"": ""numeric"", ""Total Site Energy Usage (kBtu)"": ""numeric"", ""Energy Star Score"": ""numeric"", ""Site EUI (Energy Use Intensity kBtu/ft²)"": ""numeric"", ""Natural Gas Usage (kBtu)"": ""numeric_text"", ""Natural Gas Emissions (kgCO2e)"": ""numeric_text"", ""Electricity Usage (kWh)"": ""missing"", ""Electricity Emissions (kgCO2e)"": ""missing"", ""Renewable System Electricity Usage Onsite (kBtu)"": ""missing"", ""District Hot Water Usage (kBtu)"": ""missing"", ""District Hot Water Emissions (kgCO2e)"": ""missing"", ""District Chilled Water Usage (kBtu)"": ""missing"", ""District Chilled Water Emissions (kgCO2e)"": ""missing"", ""District Steam Usage (kBtu)"": ""missing"", ""District Steam Emissions (kgCO2e)"": ""missing"", ""Fuel Oil 1 Usage (kBtu)"": ""missing"", ""Fuel Oil 1 Emissions (kgCO2e)"": ""missing"", ""Fuel Oil 2 Usage (kBtu)"": ""missing"", ""Fuel Oil 2 Emissions (kgCO2e)"": ""missing"", ""Fuel Oil 4 Usage (kBtu)"": ""missing"", ""Fuel Oil 4 Emissions (kgCO2e)"": ""missing"", ""Fuel Oil 5 and 6 Usage (kBtu)"": ""missing"", ""Fuel Oil 5 and 6 Emissions (kgCO2e)"": ""missing"", ""Propane Usage (kBtu)"": ""missing"", ""Propane Emissions (kgCO2e)"": ""missing"", ""Diesel Usage (kBtu)"": ""missing"", ""Diesel Emissions (kgCO2e)"": ""missing"", ""Kerosene Usage (kBtu)"": ""missing"", ""Kerosene Emissions (kgCO2e)"": ""missing"", ""Water Usage Intensity (Gallons/ft²)"": ""numeric"", ""Estimated Total GHG Emissions (kgCO2e)"": ""numeric_text""}","{""Campus ID"": ""C10102"", ""BERDO IDs in Campus"": ""102033,102029,102026,102034,102035,102060,102058 and 102059"", ""Reported Gross Floor Area (Sq Ft)"": 167301.0, ""Reported Enclosed Parking Area (Sq Ft)"": null, ""BERDO Emissions Gross Floor Area (Sq Ft)"": 167301.0, ""Largest Property Type"": ""Multifamily Housing"", ""All Property Types and GFAs"": null, ""Total Site Energy Usage (kBtu)"": 196700.0, ""Energy Star Score"": 100.0, ""Site EUI (Energy Use Intensity kBtu/ft²)"": 1.2, ""Natural Gas Usage (kBtu)"": ""196700"", ""Natural Gas Emissions (kgCO2e)"": ""10446.737"", ""Electricity Usage (kWh)"": null, ""Electricity Emissions (kgCO2e)"": null, ""Renewable System Electricity Usage Onsite (kBtu)"": null, ""District Hot Water Usage (kBtu)"": null, ""District Hot Water Emissions (kgCO2e)"": null, ""District Chilled Water Usage (kBtu)"": null, ""District Chilled Water Emissions (kgCO2e)"": null, ""District Steam Usage (kBtu)"": null, ""District Steam Emissions (kgCO2e)"": null, ""Fuel Oil 1 Usage (kBtu)"": null, ""Fuel Oil 1 Emissions (kgCO2e)"": null, ""Fuel Oil 2 Usage (kBtu)"": null, ""Fuel Oil 2 Emissions (kgCO2e)"": null, ""Fuel Oil 4 Usage (kBtu)"": null, ""Fuel Oil 4 Emissions (kgCO2e)"": null, ""Fuel Oil 5 and 6 Usage (kBtu)"": null, ""Fuel Oil 5 and 6 Emissions (kgCO2e)"": null, ""Propane Usage (kBtu)"": null, ""Propane Emissions (kgCO2e)"": null, ""Diesel Usage (kBtu)"": null, ""Diesel Emissions (kgCO2e)"": null, ""Kerosene Usage (kBtu)"": null, ""Kerosene Emissions (kgCO2e)"": null, ""Water Usage Intensity (Gallons/ft²)"": 38.21, ""Estimated Total GHG Emissions (kgCO2e)"": ""10446.737"", ""Reporting Compliance Status"": null, ""First Emissions Compliance Year (Projected)"": 2025.0, ""Community Choice Electricity Participation"": null, ""Renewable Energy Purchased through a Power Purchase Agreement (PPA)"": null, ""Renewable Energy Certificate (REC) Purchase"": null, ""Backup Generator"": null, ""Battery Storage"": null, ""Electric Vehicle (EV) Charging"": null}",159,53.401003688700065,40.89768875436071,67.5492909754266,False,,,,False
C10103,campus_summary,[],Address unavailable,Unavailable,,,Multifamily Housing,50276.0,50276.0,3768713.1,75.0,74.96048014957435,-0.03951985042564843,203210.319,203.210319,203210.31900000002,-2.9103830456733704e-11,False,4.041895118943432,39.68,228784.5,Not provided,"50,000–99,999",False,[],[],"[""emissions_components_incomplete""]",False,Data Disclosure - Campuses,83,"[{""sheet"": ""Data Disclosure - Campuses"", ""row"": 83}, {""sheet"": ""Data Disclosure"", ""row"": 5571}]","{""Reported Gross Floor Area (Sq Ft)"": ""numeric"", ""Reported Enclosed Parking Area (Sq Ft)"": ""missing"", ""BERDO Emissions Gross Floor Area (Sq Ft)"": ""numeric"", ""Total Site Energy Usage (kBtu)"": ""numeric"", ""Energy Star Score"": ""numeric"", ""Site EUI (Energy Use Intensity kBtu/ft²)"": ""numeric"", ""Natural Gas Usage (kBtu)"": ""numeric_text"", ""Natural Gas Emissions (kgCO2e)"": ""numeric_text"", ""Electricity Usage (kWh)"": ""numeric_text"", ""Electricity Emissions (kgCO2e)"": ""numeric_text"", ""Renewable System Electricity Usage Onsite (kBtu)"": ""missing"", ""District Hot Water Usage (kBtu)"": ""missing"", ""District Hot Water Emissions (kgCO2e)"": ""missing"", ""District Chilled Water Usage (kBtu)"": ""missing"", ""District Chilled Water Emissions (kgCO2e)"": ""missing"", ""District Steam Usage (kBtu)"": ""missing"", ""District Steam Emissions (kgCO2e)"": ""missing"", ""Fuel Oil 1 Usage (kBtu)"": ""missing"", ""Fuel Oil 1 Emissions (kgCO2e)"": ""missing"", ""Fuel Oil 2 Usage (kBtu)"": ""missing"", ""Fuel Oil 2 Emissions (kgCO2e)"": ""missing"", ""Fuel Oil 4 Usage (kBtu)"": ""missing"", ""Fuel Oil 4 Emissions (kgCO2e)"": ""missing"", ""Fuel Oil 5 and 6 Usage (kBtu)"": ""missing"", ""Fuel Oil 5 and 6 Emissions (kgCO2e)"": ""missing"", ""Propane Usage (kBtu)"": ""missing"", ""Propane Emissions (kgCO2e)"": ""missing"", ""Diesel Usage (kBtu)"": ""missing"", ""Diesel Emissions (kgCO2e)"": ""missing"", ""Kerosene Usage (kBtu)"": ""missing"", ""Kerosene Emissions (kgCO2e)"": ""missing"", ""Water Usage Intensity (Gallons/ft²)"": ""numeric"", ""Estimated Total GHG Emissions (kgCO2e)"": ""numeric_text""}","{""Campus ID"": ""C10103"", ""BERDO IDs in Campus"": ""102359, 108171"", ""Reported Gross Floor Area (Sq Ft)"": 50276.0, ""Reported Enclosed Parking Area (Sq Ft)"": null, ""BERDO Emissions Gross Floor Area (Sq Ft)"": 50276.0, ""Largest Property Type"": ""Multifamily Housing"", ""All Property Types and GFAs"": null, ""Total Site Energy Usage (kBtu)"": 3768713.1, ""Energy Star Score"": 43.0, ""Site EUI (Energy Use Intensity kBtu/ft²)"": 75.0, ""Natural Gas Usage (kBtu)"": ""2988100.3"", ""Natural Gas Emissions (kgCO2e)"": ""158698.007"", ""Electricity Usage (kWh)"": ""228784.5"", ""Electricity Emissions (kgCO2e)"": ""44512.312"", ""Renewable System Electricity Usage Onsite (kBtu)"": null, ""District Hot Water Usage (kBtu)"": null, ""District Hot Water Emissions (kgCO2e)"": null, ""District Chilled Water Usage (kBtu)"": null, ""District Chilled Water Emissions (kgCO2e)"": null, ""District Steam Usage (kBtu)"": null, ""District Steam Emissions (kgCO2e)"": null, ""Fuel Oil 1 Usage (kBtu)"": null, ""Fuel Oil 1 Emissions (kgCO2e)"": null, ""Fuel Oil 2 Usage (kBtu)"": null, ""Fuel Oil 2 Emissions (kgCO2e)"": null, ""Fuel Oil 4 Usage (kBtu)"": null, ""Fuel Oil 4 Emissions (kgCO2e)"": null, ""Fuel Oil 5 and 6 Usage (kBtu)"": null, ""Fuel Oil 5 and 6 Emissions (kgCO2e)"": null, ""Propane Usage (kBtu)"": null, ""Propane Emissions (kgCO2e)"": null, ""Diesel Usage (kBtu)"": null, ""Diesel Emissions (kgCO2e)"": null, ""Kerosene Usage (kBtu)"": null, ""Kerosene Emissions (kgCO2e)"": null, ""Water Usage Intensity (Gallons/ft²)"": 39.68, ""Estimated Total GHG Emissions (kgCO2e)"": ""203210.319"", ""Reporting Compliance Status"": null, ""First Emissions Compliance Year (Projected)"": 2025.0, ""Community Choice Electricity Participation"": null, ""Renewable Energy Purchased through a Power Purchase Agreement (PPA)"": null, ""Renewable Energy Certificate (REC) Purchase"": null, ""Backup Generator"": null, ""Battery Storage"": null, ""Electric Vehicle (EV) Charging"": null}",266,57.27094736867103,41.548928626119505,72.61095746052767,False,,,,False
C10104,campus_summary,[],Address unavailable,Unavailable,,,K-12 School,60361.0,60361.0,3672474.8,60.8,60.84184821325027,0.04184821325027599,203198.189,203.198189,203198.189,0.0,False,3.3663820844585084,24.4,610776.1,Not provided,"50,000–99,999",False,[],[],"[""emissions_components_incomplete""]",False,Data Disclosure - Campuses,84,"[{""sheet"": ""Data Disclosure - Campuses"", ""row"": 84}, {""sheet"": ""Data Disclosure"", ""row"": 5572}]","{""Reported Gross Floor Area (Sq Ft)"": ""numeric"", ""Reported Enclosed Parking Area (Sq Ft)"": ""missing"", ""BERDO Emissions Gross Floor Area (Sq Ft)"": ""numeric"", ""Total Site Energy Usage (kBtu)"": ""numeric"", ""Energy Star Score"": ""numeric"", ""Site EUI (Energy Use Intensity kBtu/ft²)"": ""numeric"", ""Natural Gas Usage (kBtu)"": ""numeric_text"", ""Natural Gas Emissions (kgCO2e)"": ""numeric_text"", ""Electricity Usage (kWh)"": ""numeric_text"", ""Electricity Emissions (kgCO2e)"": ""numeric_text"", ""Renewable System Electricity Usage Onsite (kBtu)"": ""missing"", ""District Hot Water Usage (kBtu)"": ""missing"", ""District Hot Water Emissions (kgCO2e)"": ""missing"", ""District Chilled Water Usage (kBtu)"": ""missing"", ""District Chilled Water Emissions (kgCO2e)"": ""missing"", ""District Steam Usage (kBtu)"": ""missing"", ""District Steam Emissions (kgCO2e)"": ""missing"", ""Fuel Oil 1 Usage (kBtu)"": ""missing"", ""Fuel Oil 1 Emissions (kgCO2e)"": ""missing"", ""Fuel Oil 2 Usage (kBtu)"": ""missing"", ""Fuel Oil 2 Emissions (kgCO2e)"": ""missing"", ""Fuel Oil 4 Usage (kBtu)"": ""missing"", ""Fuel Oil 4 Emissions (kgCO2e)"": ""missing"", ""Fuel Oil 5 and 6 Usage (kBtu)"": ""missing"", ""Fuel Oil 5 and 6 Emissions (kgCO2e)"": ""missing"", ""Propane Usage (kBtu)"": ""missing"", ""Propane Emissions (kgCO2e)"": ""missing"", ""Diesel Usage (kBtu)"": ""missing"", ""Diesel Emissions (kgCO2e)"": ""missing"", ""Kerosene Usage (kBtu)"": ""missing"", ""Kerosene Emissions (kgCO2e)"": ""missing"", ""Water Usage Intensity (Gallons/ft²)"": ""numeric"", ""Estimated Total GHG Emissions (kgCO2e)"": ""numeric_text""}","{""Campus ID"": ""C10104"", ""BERDO IDs in Campus"": ""105766, 105767"", ""Reported Gross Floor Area (Sq Ft)"": 60361.0, ""Reported Enclosed Parking Area (Sq Ft)"": null, ""BERDO Emissions Gross Floor Area (Sq Ft)"": 60361.0, ""Largest Property Type"": ""K-12 School"", ""All Property Types and GFAs"": null, ""Total Site Energy Usage (kBtu)"": 3672474.8, ""Energy Star Score"": 31.0, ""Site EUI (Energy Use Intensity kBtu/ft²)"": 60.8, ""Natural Gas Usage (kBtu)"": ""1588506.7"", ""Natural Gas Emissions (kgCO2e)"": ""84365.591"", ""Electricity Usage (kWh)"": ""610776.1"", ""Electricity Emissions (kgCO2e)"": ""118832.598"", ""Renewable System Electricity Usage Onsite (kBtu)"": null, ""District Hot Water Usage (kBtu)"": null, ""District Hot Water Emissions (kgCO2e)"": null, ""District Chilled Water Usage (kBtu)"": null, ""District Chilled Water Emissions (kgCO2e)"": null, ""District Steam Usage (kBtu)"": null, ""District Steam Emissions (kgCO2e)"": null, ""Fuel Oil 1 Usage (kBtu)"": null, ""Fuel Oil 1 Emissions (kgCO2e)"": null, ""Fuel Oil 2 Usage (kBtu)"": null, ""Fuel Oil 2 Emissions (kgCO2e)"": null, ""Fuel Oil 4 Usage (kBtu)"": null, ""Fuel Oil 4 Emissions (kgCO2e)"": null, ""Fuel Oil 5 and 6 Usage (kBtu)"": null, ""Fuel Oil 5 and 6 Emissions (kgCO2e)"": null, ""Propane Usage (kBtu)"": null, ""Propane Emissions (kgCO2e)"": null, ""Diesel Usage (kBtu)"": null, ""Diesel Emissions (kgCO2e)"": null, ""Kerosene Usage (kBtu)"": null, ""Kerosene Emissions (kgCO2e)"": null, ""Water Usage Intensity (Gallons/ft²)"": 24.4, ""Estimated Total GHG Emissions (kgCO2e)"": ""203198.189"", ""Reporting Compliance Status"": null, ""First Emissions Compliance Year (Projected)"": 2025.0, ""Community Choice Electricity Participation"": null, ""Renewable Energy Purchased through a Power Purchase Agreement (PPA)"": null, ""Renewable Energy Certificate (REC) Purchase"": null, ""Backup Generator"": null, ""Battery Storage"": null, ""Electric Vehicle (EV) Charging"": null}",28,57.81204843695261,47.19178933246446,73.74930166856637,False,,,,False
C10105,campus_summary,[],Address unavailable,Unavailable,,,Hospital (General Medical & Surgical),1778160.0,1778160.0,279622601.6,157.3,157.25390381068073,-0.04609618931928594,14329266.5,14329.2665,14329266.495,0.005000000819563866,False,8.058479833085887,29.07,37883882.1,Not provided,"250,000 and above",False,[],[],"[""emissions_components_incomplete""]",False,Data Disclosure - Campuses,85,"[{""sheet"": ""Data Disclosure - Campuses"", ""row"": 85}, {""sheet"": ""Data Disclosure"", ""row"": 5573}]","{""Reported Gross Floor Area (Sq Ft)"": ""numeric"", ""Reported Enclosed Parking Area (Sq Ft)"": ""missing"", ""BERDO Emissions Gross Floor Area (Sq Ft)"": ""numeric"", ""Total Site Energy Usage (kBtu)"": ""numeric"", ""Energy Star Score"": ""numeric"", ""Site EUI (Energy Use Intensity kBtu/ft²)"": ""numeric"", ""Natural Gas Usage (kBtu)"": ""numeric_text"", ""Natural Gas Emissions (kgCO2e)"": ""numeric_text"", ""Electricity Usage (kWh)"": ""numeric_text"", ""Electricity Emissions (kgCO2e)"": ""numeric_text"", ""Renewable System Electricity Usage Onsite (kBtu)"": ""missing"", ""District Hot Water Usage (kBtu)"": ""missing"", ""District Hot Water Emissions (kgCO2e)"": ""missing"", ""District Chilled Water Usage (kBtu)"": ""missing"", ""District Chilled Water Emissions (kgCO2e)"": ""missing"", ""District Steam Usage (kBtu)"": ""numeric_text"", ""District Steam Emissions (kgCO2e)"": ""numeric_text"", ""Fuel Oil 1 Usage (kBtu)"": ""missing"", ""Fuel Oil 1 Emissions (kgCO2e)"": ""missing"", ""Fuel Oil 2 Usage (kBtu)"": ""missing"", ""Fuel Oil 2 Emissions (kgCO2e)"": ""missing"", ""Fuel Oil 4 Usage (kBtu)"": ""missing"", ""Fuel Oil 4 Emissions (kgCO2e)"": ""missing"", ""Fuel Oil 5 and 6 Usage (kBtu)"": ""missing"", ""Fuel Oil 5 and 6 Emissions (kgCO2e)"": ""missing"", ""Propane Usage (kBtu)"": ""missing"", ""Propane Emissions (kgCO2e)"": ""missing"", ""Diesel Usage (kBtu)"": ""numeric_text"", ""Diesel Emissions (kgCO2e)"": ""numeric_text"", ""Kerosene Usage (kBtu)"": ""missing"", ""Kerosene Emissions (kgCO2e)"": ""missing"", ""Water Usage Intensity (Gallons/ft²)"": ""numeric"", ""Estimated Total GHG Emissions (kgCO2e)"": ""numeric_text""}","{""Campus ID"": ""C10105"", ""BERDO IDs in Campus"": ""103814, 104610, 106342, 107254"", ""Reported Gross Floor Area (Sq Ft)"": 1778160.0, ""Reported Enclosed Parking Area (Sq Ft)"": null, ""BERDO Emissions Gross Floor Area (Sq Ft)"": 1778160.0, ""Largest Property Type"": ""Hospital (General Medical & Surgical)"", ""All Property Types and GFAs"": null, ""Total Site Energy Usage (kBtu)"": 279622601.6, ""Energy Star Score"": 91.0, ""Site EUI (Energy Use Intensity kBtu/ft²)"": 157.3, ""Natural Gas Usage (kBtu)"": ""821625.9"", ""Natural Gas Emissions (kgCO2e)"": ""43636.552"", ""Electricity Usage (kWh)"": ""37883882.1"", ""Electricity Emissions (kgCO2e)"": ""7370688.101"", ""Renewable System Electricity Usage Onsite (kBtu)"": null, ""District Hot Water Usage (kBtu)"": null, ""District Hot Water Emissions (kgCO2e)"": null, ""District Chilled Water Usage (kBtu)"": null, ""District Chilled Water Emissions (kgCO2e)"": null, ""District Steam Usage (kBtu)"": ""116499424.9"", ""District Steam Emissions (kgCO2e)"": ""6885116.012"", ""Fuel Oil 1 Usage (kBtu)"": null, ""Fuel Oil 1 Emissions (kgCO2e)"": null, ""Fuel Oil 2 Usage (kBtu)"": null, ""Fuel Oil 2 Emissions (kgCO2e)"": null, ""Fuel Oil 4 Usage (kBtu)"": null, ""Fuel Oil 4 Emissions (kgCO2e)"": null, ""Fuel Oil 5 and 6 Usage (kBtu)"": null, ""Fuel Oil 5 and 6 Emissions (kgCO2e)"": null, ""Propane Usage (kBtu)"": null, ""Propane Emissions (kgCO2e)"": null, ""Diesel Usage (kBtu)"": ""401911.2"", ""Diesel Emissions (kgCO2e)"": ""29825.83"", ""Kerosene Usage (kBtu)"": null, ""Kerosene Emissions (kgCO2e)"": null, ""Water Usage Intensity (Gallons/ft²)"": 29.07, ""Estimated Total GHG Emissions (kgCO2e)"": ""14329266.5"", ""Reporting Compliance Status"": null, ""First Emissions Compliance Year (Projected)"": 2025.0, ""Community Choice Electricity Participation"": null, ""Renewable Energy Purchased through a Power Purchase Agreement (PPA)"": null, ""Renewable Energy Certificate (REC) Purchase"": null, ""Backup Generator"": null, ""Battery Storage"": null, ""Electric Vehicle (EV) Charging"": null}",13,258.145419126463,175.6043864812648,367.0217706737636,False,,,,False
C10106,campus_summary,[],Address unavailable,Unavailable,,,Multifamily Housing,39405.0,39405.0,1768880.0,44.9,44.88973480522776,-0.010265194772237862,122958.339,122.95833900000001,122958.33899999999,1.4551915228366852e-11,False,3.1203740388275603,31.48,137028.0,Not provided,"25,000–49,999",False,[],[],"[""emissions_components_incomplete""]",False,Data Disclosure - Campuses,86,"[{""sheet"": ""Data Disclosure - Campuses"", ""row"": 86}, {""sheet"": ""Data Disclosure"", ""row"": 5574}]","{""Reported Gross Floor Area (Sq Ft)"": ""numeric"", ""Reported Enclosed Parking Area (Sq Ft)"": ""missing"", ""BERDO Emissions Gross Floor Area (Sq Ft)"": ""numeric"", ""Total Site Energy Usage (kBtu)"": ""numeric"", ""Energy Star Score"": ""numeric"", ""Site EUI (Energy Use Intensity kBtu/ft²)"": ""numeric"", ""Natural Gas Usage (kBtu)"": ""numeric_text"", ""Natural Gas Emissions (kgCO2e)"": ""numeric_text"", ""Electricity Usage (kWh)"": ""numeric_text"", ""Electricity Emissions (kgCO2e)"": ""numeric_text"", ""Renewable System Electricity Usage Onsite (kBtu)"": ""missing"", ""District Hot Water Usage (kBtu)"": ""missing"", ""District Hot Water Emissions (kgCO2e)"": ""missing"", ""District Chilled Water Usage (kBtu)"": ""missing"", ""District Chilled Water Emissions (kgCO2e)"": ""missing"", ""District Steam Usage (kBtu)"": ""missing"", ""District Steam Emissions (kgCO2e)"": ""missing"", ""Fuel Oil 1 Usage (kBtu)"": ""missing"", ""Fuel Oil 1 Emissions (kgCO2e)"": ""missing"", ""Fuel Oil 2 Usage (kBtu)"": ""numeric_text"", ""Fuel Oil 2 Emissions (kgCO2e)"": ""numeric_text"", ""Fuel Oil 4 Usage (kBtu)"": ""missing"", ""Fuel Oil 4 Emissions (kgCO2e)"": ""missing"", ""Fuel Oil 5 and 6 Usage (kBtu)"": ""missing"", ""Fuel Oil 5 and 6 Emissions (kgCO2e)"": ""missing"", ""Propane Usage (kBtu)"": ""missing"", ""Propane Emissions (kgCO2e)"": ""missing"", ""Diesel Usage (kBtu)"": ""missing"", ""Diesel Emissions (kgCO2e)"": ""missing"", ""Kerosene Usage (kBtu)"": ""missing"", ""Kerosene Emissions (kgCO2e)"": ""missing"", ""Water Usage Intensity (Gallons/ft²)"": ""numeric"", ""Estimated Total GHG Emissions (kgCO2e)"": ""numeric_text""}","{""Campus ID"": ""C10106"", ""BERDO IDs in Campus"": ""104089, 107564"", ""Reported Gross Floor Area (Sq Ft)"": 39405.0, ""Reported Enclosed Parking Area (Sq Ft)"": null, ""BERDO Emissions Gross Floor Area (Sq Ft)"": 39405.0, ""Largest Property Type"": ""Multifamily Housing"", ""All Property Types and GFAs"": null, ""Total Site Energy Usage (kBtu)"": 1768880.0, ""Energy Star Score"": 95.0, ""Site EUI (Energy Use Intensity kBtu/ft²)"": 44.9, ""Natural Gas Usage (kBtu)"": ""13000"", ""Natural Gas Emissions (kgCO2e)"": ""690.43"", ""Electricity Usage (kWh)"": ""137028"", ""Electricity Emissions (kgCO2e)"": ""26660.168"", ""Renewable System Electricity Usage Onsite (kBtu)"": null, ""District Hot Water Usage (kBtu)"": null, ""District Hot Water Emissions (kgCO2e)"": null, ""District Chilled Water Usage (kBtu)"": null, ""District Chilled Water Emissions (kgCO2e)"": null, ""District Steam Usage (kBtu)"": null, ""District Steam Emissions (kgCO2e)"": null, ""Fuel Oil 1 Usage (kBtu)"": null, ""Fuel Oil 1 Emissions (kgCO2e)"": null, ""Fuel Oil 2 Usage (kBtu)"": ""1288340.4"", ""Fuel Oil 2 Emissions (kgCO2e)"": ""95607.741"", ""Fuel Oil 4 Usage (kBtu)"": null, ""Fuel Oil 4 Emissions (kgCO2e)"": null, ""Fuel Oil 5 and 6 Usage (kBtu)"": null, ""Fuel Oil 5 and 6 Emissions (kgCO2e)"": null, ""Propane Usage (kBtu)"": null, ""Propane Emissions (kgCO2e)"": null, ""Diesel Usage (kBtu)"": null, ""Diesel Emissions (kgCO2e)"": null, ""Kerosene Usage (kBtu)"": null, ""Kerosene Emissions (kgCO2e)"": null, ""Water Usage Intensity (Gallons/ft²)"": 31.48, ""Estimated Total GHG Emissions (kgCO2e)"": ""122958.339"", ""Reporting Compliance Status"": null, ""First Emissions Compliance Year (Projected)"": 2025.0, ""Community Choice Electricity Participation"": null, ""Renewable Energy Purchased through a Power Purchase Agreement (PPA)"": null, ""Renewable Energy Certificate (REC) Purchase"": null, ""Backup Generator"": null, ""Battery Storage"": null, ""Electric Vehicle (EV) Charging"": null}",531,59.342211950939515,42.9534417187907,77.37173140012388,False,,,,False
C10108,campus_summary,[],Address unavailable,Unavailable,,,Multifamily Housing,46564.0,46564.0,2596486.7,55.8,55.76167640237093,-0.03832359762906634,179626.381,179.62638099999998,179626.38100000002,-2.9103830456733704e-11,False,3.857623507430633,,214468.4,Not provided,"25,000–49,999",False,[],[],"[""emissions_components_incomplete""]",False,Data Disclosure - Campuses,87,"[{""sheet"": ""Data Disclosure - Campuses"", ""row"": 87}, {""sheet"": ""Data Disclosure"", ""row"": 5575}]","{""Reported Gross Floor Area (Sq Ft)"": ""numeric"", ""Reported Enclosed Parking Area (Sq Ft)"": ""missing"", ""BERDO Emissions Gross Floor Area (Sq Ft)"": ""numeric"", ""Total Site Energy Usage (kBtu)"": ""numeric"", ""Energy Star Score"": ""numeric"", ""Site EUI (Energy Use Intensity kBtu/ft²)"": ""numeric"", ""Natural Gas Usage (kBtu)"": ""numeric_text"", ""Natural Gas Emissions (kgCO2e)"": ""numeric_text"", ""Electricity Usage (kWh)"": ""numeric_text"", ""Electricity Emissions (kgCO2e)"": ""numeric_text"", ""Renewable System Electricity Usage Onsite (kBtu)"": ""missing"", ""District Hot Water Usage (kBtu)"": ""missing"", ""District Hot Water Emissions (kgCO2e)"": ""missing"", ""District Chilled Water Usage (kBtu)"": ""missing"", ""District Chilled Water Emissions (kgCO2e)"": ""missing"", ""District Steam Usage (kBtu)"": ""missing"", ""District Steam Emissions (kgCO2e)"": ""missing"", ""Fuel Oil 1 Usage (kBtu)"": ""missing"", ""Fuel Oil 1 Emissions (kgCO2e)"": ""missing"", ""Fuel Oil 2 Usage (kBtu)"": ""missing"", ""Fuel Oil 2 Emissions (kgCO2e)"": ""missing"", ""Fuel Oil 4 Usage (kBtu)"": ""missing"", ""Fuel Oil 4 Emissions (kgCO2e)"": ""missing"", ""Fuel Oil 5 and 6 Usage (kBtu)"": ""missing"", ""Fuel Oil 5 and 6 Emissions (kgCO2e)"": ""missing"", ""Propane Usage (kBtu)"": ""missing"", ""Propane Emissions (kgCO2e)"": ""missing"", ""Diesel Usage (kBtu)"": ""missing"", ""Diesel Emissions (kgCO2e)"": ""missing"", ""Kerosene Usage (kBtu)"": ""missing"", ""Kerosene Emissions (kgCO2e)"": ""missing"", ""Water Usage Intensity (Gallons/ft²)"": ""missing"", ""Estimated Total GHG Emissions (kgCO2e)"": ""numeric_text""}","{""Campus ID"": ""C10108"", ""BERDO IDs in Campus"": ""101691, 101692"", ""Reported Gross Floor Area (Sq Ft)"": 46564.0, ""Reported Enclosed Parking Area (Sq Ft)"": null, ""BERDO Emissions Gross Floor Area (Sq Ft)"": 46564.0, ""Largest Property Type"": ""Multifamily Housing"", ""All Property Types and GFAs"": null, ""Total Site Energy Usage (kBtu)"": 2596486.7, ""Energy Star Score"": 99.0, ""Site EUI (Energy Use Intensity kBtu/ft²)"": 55.8, ""Natural Gas Usage (kBtu)"": ""2596486.7"", ""Natural Gas Emissions (kgCO2e)"": ""137899.409"", ""Electricity Usage (kWh)"": ""214468.4"", ""Electricity Emissions (kgCO2e)"": ""41726.972"", ""Renewable System Electricity Usage Onsite (kBtu)"": null, ""District Hot Water Usage (kBtu)"": null, ""District Hot Water Emissions (kgCO2e)"": null, ""District Chilled Water Usage (kBtu)"": null, ""District Chilled Water Emissions (kgCO2e)"": null, ""District Steam Usage (kBtu)"": null, ""District Steam Emissions (kgCO2e)"": null, ""Fuel Oil 1 Usage (kBtu)"": null, ""Fuel Oil 1 Emissions (kgCO2e)"": null, ""Fuel Oil 2 Usage (kBtu)"": null, ""Fuel Oil 2 Emissions (kgCO2e)"": null, ""Fuel Oil 4 Usage (kBtu)"": null, ""Fuel Oil 4 Emissions (kgCO2e)"": null, ""Fuel Oil 5 and 6 Usage (kBtu)"": null, ""Fuel Oil 5 and 6 Emissions (kgCO2e)"": null, ""Propane Usage (kBtu)"": null, ""Propane Emissions (kgCO2e)"": null, ""Diesel Usage (kBtu)"": null, ""Diesel Emissions (kgCO2e)"": null, ""Kerosene Usage (kBtu)"": null, ""Kerosene Emissions (kgCO2e)"": null, ""Water Usage Intensity (Gallons/ft²)"": null, ""Estimated Total GHG Emissions (kgCO2e)"": ""179626.381"", ""Reporting Compliance Status"": null, ""First Emissions Compliance Year (Projected)"": 2025.0, ""Community Choice Electricity Participation"": null, ""Renewable Energy Purchased through a Power Purchase Agreement (PPA)"": null, ""Renewable Energy Certificate (REC) Purchase"": null, ""Backup Generator"": null, ""Battery Storage"": null, ""Electric Vehicle (EV) Charging"": null}",531,59.342211950939515,42.9534417187907,77.37173140012388,False,,,,False
C10109,campus_summary,[],Address unavailable,Unavailable,,,College/University,1787274.0,1787274.0,127304873.8,71.2,71.22851549342742,0.028515493427420324,7624945.083,7624.945083,7624945.083,0.0,False,4.266242939247144,25.5,17043843.2,Not provided,"250,000 and above",False,[],[],"[""emissions_components_incomplete""]",False,Data Disclosure - Campuses,88,"[{""sheet"": ""Data Disclosure - Campuses"", ""row"": 88}, {""sheet"": ""Data Disclosure"", ""row"": 5576}]","{""Reported Gross Floor Area (Sq Ft)"": ""numeric"", ""Reported Enclosed Parking Area (Sq Ft)"": ""missing"", ""BERDO Emissions Gross Floor Area (Sq Ft)"": ""numeric"", ""Total Site Energy Usage (kBtu)"": ""numeric"", ""Energy Star Score"": ""missing"", ""Site EUI (Energy Use Intensity kBtu/ft²)"": ""numeric"", ""Natural Gas Usage (kBtu)"": ""numeric_text"", ""Natural Gas Emissions (kgCO2e)"": ""numeric_text"", ""Electricity Usage (kWh)"": ""numeric_text"", ""Electricity Emissions (kgCO2e)"": ""numeric_text"", ""Renewable System Electricity Usage Onsite (kBtu)"": ""numeric_text"", ""District Hot Water Usage (kBtu)"": ""missing"", ""District Hot Water Emissions (kgCO2e)"": ""missing"", ""District Chilled Water Usage (kBtu)"": ""missing"", ""District Chilled Water Emissions (kgCO2e)"": ""missing"", ""District Steam Usage (kBtu)"": ""numeric_text"", ""District Steam Emissions (kgCO2e)"": ""numeric_text"", ""Fuel Oil 1 Usage (kBtu)"": ""missing"", ""Fuel Oil 1 Emissions (kgCO2e)"": ""missing"", ""Fuel Oil 2 Usage (kBtu)"": ""missing"", ""Fuel Oil 2 Emissions (kgCO2e)"": ""missing"", ""Fuel Oil 4 Usage (kBtu)"": ""missing"", ""Fuel Oil 4 Emissions (kgCO2e)"": ""missing"", ""Fuel Oil 5 and 6 Usage (kBtu)"": ""missing"", ""Fuel Oil 5 and 6 Emissions (kgCO2e)"": ""missing"", ""Propane Usage (kBtu)"": ""missing"", ""Propane Emissions (kgCO2e)"": ""missing"", ""Diesel Usage (kBtu)"": ""missing"", ""Diesel Emissions (kgCO2e)"": ""missing"", ""Kerosene Usage (kBtu)"": ""missing"", ""Kerosene Emissions (kgCO2e)"": ""missing"", ""Water Usage Intensity (Gallons/ft²)"": ""numeric"", ""Estimated Total GHG Emissions (kgCO2e)"": ""numeric_text""}","{""Campus ID"": ""C10109"", ""BERDO IDs in Campus"": ""103538, 103539, 103536, 103554, 103552, 103542, 103559, 103540, 103551, 103565, 103561, 103562, 103550, 103545, 103560, 103555, 103534, 103535, 103557, 103548, 103564, 103563, 103553, 103546, 103556, 103549, 103541, 103543, 103533, 103566, 103547, 103558"", ""Reported Gross Floor Area (Sq Ft)"": 1787274.0, ""Reported Enclosed Parking Area (Sq Ft)"": null, ""BERDO Emissions Gross Floor Area (Sq Ft)"": 1787274.0, ""Largest Property Type"": ""College/University"", ""All Property Types and GFAs"": null, ""Total Site Energy Usage (kBtu)"": 127304873.8, ""Energy Star Score"": null, ""Site EUI (Energy Use Intensity kBtu/ft²)"": 71.2, ""Natural Gas Usage (kBtu)"": ""13316013.7"", ""Natural Gas Emissions (kgCO2e)"": ""707213.488"", ""Electricity Usage (kWh)"": ""17043843.2"", ""Electricity Emissions (kgCO2e)"": ""3316050.133"", ""Renewable System Electricity Usage Onsite (kBtu)"": ""1593076.4"", ""District Hot Water Usage (kBtu)"": null, ""District Hot Water Emissions (kgCO2e)"": null, ""District Chilled Water Usage (kBtu)"": null, ""District Chilled Water Emissions (kgCO2e)"": null, ""District Steam Usage (kBtu)"": ""54242190.7"", ""District Steam Emissions (kgCO2e)"": ""3601681.462"", ""Fuel Oil 1 Usage (kBtu)"": null, ""Fuel Oil 1 Emissions (kgCO2e)"": null, ""Fuel Oil 2 Usage (kBtu)"": null, ""Fuel Oil 2 Emissions (kgCO2e)"": null, ""Fuel Oil 4 Usage (kBtu)"": null, ""Fuel Oil 4 Emissions (kgCO2e)"": null, ""Fuel Oil 5 and 6 Usage (kBtu)"": null, ""Fuel Oil 5 and 6 Emissions (kgCO2e)"": null, ""Propane Usage (kBtu)"": null, ""Propane Emissions (kgCO2e)"": null, ""Diesel Usage (kBtu)"": null, ""Diesel Emissions (kgCO2e)"": null, ""Kerosene Usage (kBtu)"": null, ""Kerosene Emissions (kgCO2e)"": null, ""Water Usage Intensity (Gallons/ft²)"": 25.5, ""Estimated Total GHG Emissions (kgCO2e)"": ""7624945.083"", ""Reporting Compliance Status"": null, ""First Emissions Compliance Year (Projected)"": 2025.0, ""Community Choice Electricity Participation"": null, ""Renewable Energy Purchased through a Power Purchase Agreement (PPA)"": null, ""Renewable Energy Certificate (REC) Purchase"": null, ""Backup Generator"": null, ""Battery Storage"": null, ""Electric Vehicle (EV) Charging"": null}",14,69.6255100013128,52.29563167705559,91.70594484472991,False,,,,False
C10110,campus_summary,[],Address unavailable,Unavailable,,,Multifamily Housing,35266.0,35266.0,1115318.6,31.6,31.625888958203372,0.025888958203371004,61624.652,61.624652000000005,61624.652,0.0,False,1.747423921057109,15.84,179050.0,Not provided,"25,000–49,999",False,[],[],"[""emissions_components_incomplete""]",False,Data Disclosure - Campuses,89,"[{""sheet"": ""Data Disclosure - Campuses"", ""row"": 89}, {""sheet"": ""Data Disclosure"", ""row"": 5577}]","{""Reported Gross Floor Area (Sq Ft)"": ""numeric"", ""Reported Enclosed Parking Area (Sq Ft)"": ""missing"", ""BERDO Emissions Gross Floor Area (Sq Ft)"": ""numeric"", ""Total Site Energy Usage (kBtu)"": ""numeric"", ""Energy Star Score"": ""missing"", ""Site EUI (Energy Use Intensity kBtu/ft²)"": ""numeric"", ""Natural Gas Usage (kBtu)"": ""numeric_text"", ""Natural Gas Emissions (kgCO2e)"": ""numeric_text"", ""Electricity Usage (kWh)"": ""numeric_text"", ""Electricity Emissions (kgCO2e)"": ""numeric_text"", ""Renewable System Electricity Usage Onsite (kBtu)"": ""missing"", ""District Hot Water Usage (kBtu)"": ""missing"", ""District Hot Water Emissions (kgCO2e)"": ""missing"", ""District Chilled Water Usage (kBtu)"": ""missing"", ""District Chilled Water Emissions (kgCO2e)"": ""missing"", ""District Steam Usage (kBtu)"": ""missing"", ""District Steam Emissions (kgCO2e)"": ""missing"", ""Fuel Oil 1 Usage (kBtu)"": ""missing"", ""Fuel Oil 1 Emissions (kgCO2e)"": ""missing"", ""Fuel Oil 2 Usage (kBtu)"": ""missing"", ""Fuel Oil 2 Emissions (kgCO2e)"": ""missing"", ""Fuel Oil 4 Usage (kBtu)"": ""missing"", ""Fuel Oil 4 Emissions (kgCO2e)"": ""missing"", ""Fuel Oil 5 and 6 Usage (kBtu)"": ""missing"", ""Fuel Oil 5 and 6 Emissions (kgCO2e)"": ""missing"", ""Propane Usage (kBtu)"": ""missing"", ""Propane Emissions (kgCO2e)"": ""missing"", ""Diesel Usage (kBtu)"": ""missing"", ""Diesel Emissions (kgCO2e)"": ""missing"", ""Kerosene Usage (kBtu)"": ""missing"", ""Kerosene Emissions (kgCO2e)"": ""missing"", ""Water Usage Intensity (Gallons/ft²)"": ""numeric"", ""Estimated Total GHG Emissions (kgCO2e)"": ""numeric_text""}","{""Campus ID"": ""C10110"", ""BERDO IDs in Campus"": ""104351, 104352, 104353, 104354"", ""Reported Gross Floor Area (Sq Ft)"": 35266.0, ""Reported Enclosed Parking Area (Sq Ft)"": null, ""BERDO Emissions Gross Floor Area (Sq Ft)"": 35266.0, ""Largest Property Type"": ""Multifamily Housing"", ""All Property Types and GFAs"": null, ""Total Site Energy Usage (kBtu)"": 1115318.6, ""Energy Star Score"": null, ""Site EUI (Energy Use Intensity kBtu/ft²)"": 31.6, ""Natural Gas Usage (kBtu)"": ""504400"", ""Natural Gas Emissions (kgCO2e)"": ""26788.684"", ""Electricity Usage (kWh)"": ""179050"", ""Electricity Emissions (kgCO2e)"": ""34835.968"", ""Renewable System Electricity Usage Onsite (kBtu)"": null, ""District Hot Water Usage (kBtu)"": null, ""District Hot Water Emissions (kgCO2e)"": null, ""District Chilled Water Usage (kBtu)"": null, ""District Chilled Water Emissions (kgCO2e)"": null, ""District Steam Usage (kBtu)"": null, ""District Steam Emissions (kgCO2e)"": null, ""Fuel Oil 1 Usage (kBtu)"": null, ""Fuel Oil 1 Emissions (kgCO2e)"": null, ""Fuel Oil 2 Usage (kBtu)"": null, ""Fuel Oil 2 Emissions (kgCO2e)"": null, ""Fuel Oil 4 Usage (kBtu)"": null, ""Fuel Oil 4 Emissions (kgCO2e)"": null, ""Fuel Oil 5 and 6 Usage (kBtu)"": null, ""Fuel Oil 5 and 6 Emissions (kgCO2e)"": null, ""Propane Usage (kBtu)"": null, ""Propane Emissions (kgCO2e)"": null, ""Diesel Usage (kBtu)"": null, ""Diesel Emissions (kgCO2e)"": null, ""Kerosene Usage (kBtu)"": null, ""Kerosene Emissions (kgCO2e)"": null, ""Water Usage Intensity (Gallons/ft²)"": 15.84, ""Estimated Total GHG Emissions (kgCO2e)"": ""61624.652"", ""Reporting Compliance Status"": null, ""First Emissions Compliance Year (Projected)"": 2030.0, ""Community Choice Electricity Participation"": null, ""Renewable Energy Purchased through a Power Purchase Agreement (PPA)"": null, ""Renewable Energy Certificate (REC) Purchase"": null, ""Backup Generator"": null, ""Battery Storage"": null, ""Electric Vehicle (EV) Charging"": null}",531,59.342211950939515,42.9534417187907,77.37173140012388,False,,,,False
C10111,campus_summary,[],Address unavailable,Unavailable,,,College/University,1825082.0,1825082.0,306935644.2,168.2,168.17635821294604,-0.023641787053946928,16590309.19,16590.30919,16590309.184999999,0.005000000819563866,False,9.090171942959275,20.33,21646868.5,Not provided,"250,000 and above",False,[],[],"[""emissions_components_incomplete""]",False,Data Disclosure - Campuses,90,"[{""sheet"": ""Data Disclosure - Campuses"", ""row"": 90}, {""sheet"": ""Data Disclosure"", ""row"": 5578}]","{""Reported Gross Floor Area (Sq Ft)"": ""numeric"", ""Reported Enclosed Parking Area (Sq Ft)"": ""missing"", ""BERDO Emissions Gross Floor Area (Sq Ft)"": ""numeric"", ""Total Site Energy Usage (kBtu)"": ""numeric"", ""Energy Star Score"": ""missing"", ""Site EUI (Energy Use Intensity kBtu/ft²)"": ""numeric"", ""Natural Gas Usage (kBtu)"": ""numeric_text"", ""Natural Gas Emissions (kgCO2e)"": ""numeric_text"", ""Electricity Usage (kWh)"": ""numeric_text"", ""Electricity Emissions (kgCO2e)"": ""numeric_text"", ""Renewable System Electricity Usage Onsite (kBtu)"": ""missing"", ""District Hot Water Usage (kBtu)"": ""missing"", ""District Hot Water Emissions (kgCO2e)"": ""missing"", ""District Chilled Water Usage (kBtu)"": ""missing"", ""District Chilled Water Emissions (kgCO2e)"": ""missing"", ""District Steam Usage (kBtu)"": ""missing"", ""District Steam Emissions (kgCO2e)"": ""missing"", ""Fuel Oil 1 Usage (kBtu)"": ""missing"", ""Fuel Oil 1 Emissions (kgCO2e)"": ""missing"", ""Fuel Oil 2 Usage (kBtu)"": ""missing"", ""Fuel Oil 2 Emissions (kgCO2e)"": ""missing"", ""Fuel Oil 4 Usage (kBtu)"": ""missing"", ""Fuel Oil 4 Emissions (kgCO2e)"": ""missing"", ""Fuel Oil 5 and 6 Usage (kBtu)"": ""missing"", ""Fuel Oil 5 and 6 Emissions (kgCO2e)"": ""missing"", ""Propane Usage (kBtu)"": ""missing"", ""Propane Emissions (kgCO2e)"": ""missing"", ""Diesel Usage (kBtu)"": ""missing"", ""Diesel Emissions (kgCO2e)"": ""missing"", ""Kerosene Usage (kBtu)"": ""missing"", ""Kerosene Emissions (kgCO2e)"": ""missing"", ""Water Usage Intensity (Gallons/ft²)"": ""numeric"", ""Estimated Total GHG Emissions (kgCO2e)"": ""numeric_text""}","{""Campus ID"": ""C10111"", ""BERDO IDs in Campus"": ""107082, 101243, 101287, 107087, 101268, 107088, 107108, 101266, 107083, 107086, 107084, 107085"", ""Reported Gross Floor Area (Sq Ft)"": 1825082.0, ""Reported Enclosed Parking Area (Sq Ft)"": null, ""BERDO Emissions Gross Floor Area (Sq Ft)"": 1825082.0, ""Largest Property Type"": ""College/University"", ""All Property Types and GFAs"": null, ""Total Site Energy Usage (kBtu)"": 306935644.2, ""Energy Star Score"": null, ""Site EUI (Energy Use Intensity kBtu/ft²)"": 168.2, ""Natural Gas Usage (kBtu)"": ""233076528.9"", ""Natural Gas Emissions (kgCO2e)"": ""12378694.45"", ""Electricity Usage (kWh)"": ""21646868.5"", ""Electricity Emissions (kgCO2e)"": ""4211614.735"", ""Renewable System Electricity Usage Onsite (kBtu)"": null, ""District Hot Water Usage (kBtu)"": null, ""District Hot Water Emissions (kgCO2e)"": null, ""District Chilled Water Usage (kBtu)"": null, ""District Chilled Water Emissions (kgCO2e)"": null, ""District Steam Usage (kBtu)"": null, ""District Steam Emissions (kgCO2e)"": null, ""Fuel Oil 1 Usage (kBtu)"": null, ""Fuel Oil 1 Emissions (kgCO2e)"": null, ""Fuel Oil 2 Usage (kBtu)"": null, ""Fuel Oil 2 Emissions (kgCO2e)"": null, ""Fuel Oil 4 Usage (kBtu)"": null, ""Fuel Oil 4 Emissions (kgCO2e)"": null, ""Fuel Oil 5 and 6 Usage (kBtu)"": null, ""Fuel Oil 5 and 6 Emissions (kgCO2e)"": null, ""Propane Usage (kBtu)"": null, ""Propane Emissions (kgCO2e)"": null, ""Diesel Usage (kBtu)"": null, ""Diesel Emissions (kgCO2e)"": null, ""Kerosene Usage (kBtu)"": null, ""Kerosene Emissions (kgCO2e)"": null, ""Water Usage Intensity (Gallons/ft²)"": 20.33, ""Estimated Total GHG Emissions (kgCO2e)"": ""16590309.19"", ""Reporting Compliance Status"": null, ""First Emissions Compliance Year (Projected)"": 2025.0, ""Community Choice Electricity Participation"": null, ""Renewable Energy Purchased through a Power Purchase Agreement (PPA)"": null, ""Renewable Energy Certificate (REC) Purchase"": null, ""Backup Generator"": null, ""Battery Storage"": null, ""Electric Vehicle (EV) Charging"": null}",14,69.6255100013128,52.29563167705559,91.70594484472991,False,,,,False
C10112,campus_summary,[],Address unavailable,Unavailable,,,Multifamily Housing,58240.0,58240.0,4158212.7,71.4,71.39788289835165,-0.0021171016483521043,223482.336,223.482336,223482.336,0.0,False,3.837265384615385,52.4,197747.0,Not provided,"50,000–99,999",False,[],[],"[""emissions_components_incomplete""]",False,Data Disclosure - Campuses,91,"[{""sheet"": ""Data Disclosure - Campuses"", ""row"": 91}, {""sheet"": ""Data Disclosure"", ""row"": 5579}]","{""Reported Gross Floor Area (Sq Ft)"": ""numeric"", ""Reported Enclosed Parking Area (Sq Ft)"": ""missing"", ""BERDO Emissions Gross Floor Area (Sq Ft)"": ""numeric"", ""Total Site Energy Usage (kBtu)"": ""numeric"", ""Energy Star Score"": ""numeric"", ""Site EUI (Energy Use Intensity kBtu/ft²)"": ""numeric"", ""Natural Gas Usage (kBtu)"": ""numeric_text"", ""Natural Gas Emissions (kgCO2e)"": ""numeric_text"", ""Electricity Usage (kWh)"": ""numeric_text"", ""Electricity Emissions (kgCO2e)"": ""numeric_text"", ""Renewable System Electricity Usage Onsite (kBtu)"": ""missing"", ""District Hot Water Usage (kBtu)"": ""missing"", ""District Hot Water Emissions (kgCO2e)"": ""missing"", ""District Chilled Water Usage (kBtu)"": ""missing"", ""District Chilled Water Emissions (kgCO2e)"": ""missing"", ""District Steam Usage (kBtu)"": ""missing"", ""District Steam Emissions (kgCO2e)"": ""missing"", ""Fuel Oil 1 Usage (kBtu)"": ""missing"", ""Fuel Oil 1 Emissions (kgCO2e)"": ""missing"", ""Fuel Oil 2 Usage (kBtu)"": ""missing"", ""Fuel Oil 2 Emissions (kgCO2e)"": ""missing"", ""Fuel Oil 4 Usage (kBtu)"": ""missing"", ""Fuel Oil 4 Emissions (kgCO2e)"": ""missing"", ""Fuel Oil 5 and 6 Usage (kBtu)"": ""missing"", ""Fuel Oil 5 and 6 Emissions (kgCO2e)"": ""missing"", ""Propane Usage (kBtu)"": ""missing"", ""Propane Emissions (kgCO2e)"": ""missing"", ""Diesel Usage (kBtu)"": ""missing"", ""Diesel Emissions (kgCO2e)"": ""missing"", ""Kerosene Usage (kBtu)"": ""missing"", ""Kerosene Emissions (kgCO2e)"": ""missing"", ""Water Usage Intensity (Gallons/ft²)"": ""numeric"", ""Estimated Total GHG Emissions (kgCO2e)"": ""numeric_text""}","{""Campus ID"": ""C10112"", ""BERDO IDs in Campus"": ""103170, 103171"", ""Reported Gross Floor Area (Sq Ft)"": 58240.0, ""Reported Enclosed Parking Area (Sq Ft)"": null, ""BERDO Emissions Gross Floor Area (Sq Ft)"": 58240.0, ""Largest Property Type"": ""Multifamily Housing"", ""All Property Types and GFAs"": null, ""Total Site Energy Usage (kBtu)"": 4158212.7, ""Energy Star Score"": 71.0, ""Site EUI (Energy Use Intensity kBtu/ft²)"": 71.4, ""Natural Gas Usage (kBtu)"": ""3483499.9"", ""Natural Gas Emissions (kgCO2e)"": ""185008.68"", ""Electricity Usage (kWh)"": ""197747"", ""Electricity Emissions (kgCO2e)"": ""38473.656"", ""Renewable System Electricity Usage Onsite (kBtu)"": null, ""District Hot Water Usage (kBtu)"": null, ""District Hot Water Emissions (kgCO2e)"": null, ""District Chilled Water Usage (kBtu)"": null, ""District Chilled Water Emissions (kgCO2e)"": null, ""District Steam Usage (kBtu)"": null, ""District Steam Emissions (kgCO2e)"": null, ""Fuel Oil 1 Usage (kBtu)"": null, ""Fuel Oil 1 Emissions (kgCO2e)"": null, ""Fuel Oil 2 Usage (kBtu)"": null, ""Fuel Oil 2 Emissions (kgCO2e)"": null, ""Fuel Oil 4 Usage (kBtu)"": null, ""Fuel Oil 4 Emissions (kgCO2e)"": null, ""Fuel Oil 5 and 6 Usage (kBtu)"": null, ""Fuel Oil 5 and 6 Emissions (kgCO2e)"": null, ""Propane Usage (kBtu)"": null, ""Propane Emissions (kgCO2e)"": null, ""Diesel Usage (kBtu)"": null, ""Diesel Emissions (kgCO2e)"": null, ""Kerosene Usage (kBtu)"": null, ""Kerosene Emissions (kgCO2e)"": null, ""Water Usage Intensity (Gallons/ft²)"": 52.4, ""Estimated Total GHG Emissions (kgCO2e)"": ""223482.336"", ""Reporting Compliance Status"": null, ""First Emissions Compliance Year (Projected)"": 2025.0, ""Community Choice Electricity Participation"": null, ""Renewable Energy Purchased through a Power Purchase Agreement (PPA)"": null, ""Renewable Energy Certificate (REC) Purchase"": null, ""Backup Generator"": null, ""Battery Storage"": null, ""Electric Vehicle (EV) Charging"": null}",266,57.27094736867103,41.548928626119505,72.61095746052767,False,,,,False
C10113,campus_summary,[],Address unavailable,Unavailable,,,Not reported,,,,,,,,,,,False,,,,Not provided,,False,"[""floor_area_missing"", ""site_energy_missing"", ""reported_eui_missing"", ""property_type_missing""]","[""estimated_emissions_missing""]","[""floor_area_missing"", ""site_energy_missing"", ""reported_eui_missing"", ""estimated_emissions_missing"", ""emissions_components_incomplete"", ""property_type_missing""]",True,Data Disclosure - Campuses,92,"[{""sheet"": ""Data Disclosure - Campuses"", ""row"": 92}, {""sheet"": ""Data Disclosure"", ""row"": 5580}]","{""Reported Gross Floor Area (Sq Ft)"": ""missing"", ""Reported Enclosed Parking Area (Sq Ft)"": ""missing"", ""BERDO Emissions Gross Floor Area (Sq Ft)"": ""missing"", ""Total Site Energy Usage (kBtu)"": ""missing"", ""Energy Star Score"": ""missing"", ""Site EUI (Energy Use Intensity kBtu/ft²)"": ""missing"", ""Natural Gas Usage (kBtu)"": ""missing"", ""Natural Gas Emissions (kgCO2e)"": ""missing"", ""Electricity Usage (kWh)"": ""missing"", ""Electricity Emissions (kgCO2e)"": ""missing"", ""Renewable System Electricity Usage Onsite (kBtu)"": ""missing"", ""District Hot Water Usage (kBtu)"": ""missing"", ""District Hot Water Emissions (kgCO2e)"": ""missing"", ""District Chilled Water Usage (kBtu)"": ""missing"", ""District Chilled Water Emissions (kgCO2e)"": ""missing"", ""District Steam Usage (kBtu)"": ""missing"", ""District Steam Emissions (kgCO2e)"": ""missing"", ""Fuel Oil 1 Usage (kBtu)"": ""missing"", ""Fuel Oil 1 Emissions (kgCO2e)"": ""missing"", ""Fuel Oil 2 Usage (kBtu)"": ""missing"", ""Fuel Oil 2 Emissions (kgCO2e)"": ""missing"", ""Fuel Oil 4 Usage (kBtu)"": ""missing"", ""Fuel Oil 4 Emissions (kgCO2e)"": ""missing"", ""Fuel Oil 5 and 6 Usage (kBtu)"": ""missing"", ""Fuel Oil 5 and 6 Emissions (kgCO2e)"": ""missing"", ""Propane Usage (kBtu)"": ""missing"", ""Propane Emissions (kgCO2e)"": ""missing"", ""Diesel Usage (kBtu)"": ""missing"", ""Diesel Emissions (kgCO2e)"": ""missing"", ""Kerosene Usage (kBtu)"": ""missing"", ""Kerosene Emissions (kgCO2e)"": ""missing"", ""Water Usage Intensity (Gallons/ft²)"": ""missing"", ""Estimated Total GHG Emissions (kgCO2e)"": ""missing""}","{""Campus ID"": ""C10113"", ""BERDO IDs in Campus"": ""104344, 104345"", ""Reported Gross Floor Area (Sq Ft)"": null, ""Reported Enclosed Parking Area (Sq Ft)"": null, ""BERDO Emissions Gross Floor Area (Sq Ft)"": null, ""Largest Property Type"": null, ""All Property Types and GFAs"": null, ""Total Site Energy Usage (kBtu)"": null, ""Energy Star Score"": null, ""Site EUI (Energy Use Intensity kBtu/ft²)"": null, ""Natural Gas Usage (kBtu)"": null, ""Natural Gas Emissions (kgCO2e)"": null, ""Electricity Usage (kWh)"": null, ""Electricity Emissions (kgCO2e)"": null, ""Renewable System Electricity Usage Onsite (kBtu)"": null, ""District Hot Water Usage (kBtu)"": null, ""District Hot Water Emissions (kgCO2e)"": null, ""District Chilled Water Usage (kBtu)"": null, ""District Chilled Water Emissions (kgCO2e)"": null, ""District Steam Usage (kBtu)"": null, ""District Steam Emissions (kgCO2e)"": null, ""Fuel Oil 1 Usage (kBtu)"": null, ""Fuel Oil 1 Emissions (kgCO2e)"": null, ""Fuel Oil 2 Usage (kBtu)"": null, ""Fuel Oil 2 Emissions (kgCO2e)"": null, ""Fuel Oil 4 Usage (kBtu)"": null, ""Fuel Oil 4 Emissions (kgCO2e)"": null, ""Fuel Oil 5 and 6 Usage (kBtu)"": null, ""Fuel Oil 5 and 6 Emissions (kgCO2e)"": null, ""Propane Usage (kBtu)"": null, ""Propane Emissions (kgCO2e)"": null, ""Diesel Usage (kBtu)"": null, ""Diesel Emissions (kgCO2e)"": null, ""Kerosene Usage (kBtu)"": null, ""Kerosene Emissions (kgCO2e)"": null, ""Water Usage Intensity (Gallons/ft²)"": null, ""Estimated Total GHG Emissions (kgCO2e)"": null, ""Reporting Compliance Status"": null, ""First Emissions Compliance Year (Projected)"": 2030.0, ""Community Choice Electricity Participation"": null, ""Renewable Energy Purchased through a Power Purchase Agreement (PPA)"": null, ""Renewable Energy Certificate (REC) Purchase"": null, ""Backup Generator"": null, ""Battery Storage"": null, ""Electric Vehicle (EV) Charging"": null}",0,,,,False,,,,False
C10114,campus_summary,[],Address unavailable,Unavailable,,,Multifamily Housing,60867.0,60867.0,4381923.8,72.0,71.9917820822449,-0.008217917755104054,236128.526,236.12852600000002,236128.52599999998,2.9103830456733704e-11,False,3.879417845466345,39.22,255048.0,Not provided,"50,000–99,999",False,[],[],"[""emissions_components_incomplete""]",False,Data Disclosure - Campuses,93,"[{""sheet"": ""Data Disclosure - Campuses"", ""row"": 93}, {""sheet"": ""Data Disclosure"", ""row"": 5581}]","{""Reported Gross Floor Area (Sq Ft)"": ""numeric"", ""Reported Enclosed Parking Area (Sq Ft)"": ""missing"", ""BERDO Emissions Gross Floor Area (Sq Ft)"": ""numeric"", ""Total Site Energy Usage (kBtu)"": ""numeric"", ""Energy Star Score"": ""numeric"", ""Site EUI (Energy Use Intensity kBtu/ft²)"": ""numeric"", ""Natural Gas Usage (kBtu)"": ""numeric_text"", ""Natural Gas Emissions (kgCO2e)"": ""numeric_text"", ""Electricity Usage (kWh)"": ""numeric_text"", ""Electricity Emissions (kgCO2e)"": ""numeric_text"", ""Renewable System Electricity Usage Onsite (kBtu)"": ""missing"", ""District Hot Water Usage (kBtu)"": ""missing"", ""District Hot Water Emissions (kgCO2e)"": ""missing"", ""District Chilled Water Usage (kBtu)"": ""missing"", ""District Chilled Water Emissions (kgCO2e)"": ""missing"", ""District Steam Usage (kBtu)"": ""missing"", ""District Steam Emissions (kgCO2e)"": ""missing"", ""Fuel Oil 1 Usage (kBtu)"": ""missing"", ""Fuel Oil 1 Emissions (kgCO2e)"": ""missing"", ""Fuel Oil 2 Usage (kBtu)"": ""missing"", ""Fuel Oil 2 Emissions (kgCO2e)"": ""missing"", ""Fuel Oil 4 Usage (kBtu)"": ""missing"", ""Fuel Oil 4 Emissions (kgCO2e)"": ""missing"", ""Fuel Oil 5 and 6 Usage (kBtu)"": ""missing"", ""Fuel Oil 5 and 6 Emissions (kgCO2e)"": ""missing"", ""Propane Usage (kBtu)"": ""missing"", ""Propane Emissions (kgCO2e)"": ""missing"", ""Diesel Usage (kBtu)"": ""missing"", ""Diesel Emissions (kgCO2e)"": ""missing"", ""Kerosene Usage (kBtu)"": ""missing"", ""Kerosene Emissions (kgCO2e)"": ""missing"", ""Water Usage Intensity (Gallons/ft²)"": ""numeric"", ""Estimated Total GHG Emissions (kgCO2e)"": ""numeric_text""}","{""Campus ID"": ""C10114"", ""BERDO IDs in Campus"": ""104017, 104018, 104019, 108172, 108173"", ""Reported Gross Floor Area (Sq Ft)"": 60867.0, ""Reported Enclosed Parking Area (Sq Ft)"": null, ""BERDO Emissions Gross Floor Area (Sq Ft)"": 60867.0, ""Largest Property Type"": ""Multifamily Housing"", ""All Property Types and GFAs"": null, ""Total Site Energy Usage (kBtu)"": 4381923.8, ""Energy Star Score"": 82.0, ""Site EUI (Energy Use Intensity kBtu/ft²)"": 72.0, ""Natural Gas Usage (kBtu)"": ""3511700"", ""Natural Gas Emissions (kgCO2e)"": ""186506.387"", ""Electricity Usage (kWh)"": ""255048"", ""Electricity Emissions (kgCO2e)"": ""49622.139"", ""Renewable System Electricity Usage Onsite (kBtu)"": null, ""District Hot Water Usage (kBtu)"": null, ""District Hot Water Emissions (kgCO2e)"": null, ""District Chilled Water Usage (kBtu)"": null, ""District Chilled Water Emissions (kgCO2e)"": null, ""District Steam Usage (kBtu)"": null, ""District Steam Emissions (kgCO2e)"": null, ""Fuel Oil 1 Usage (kBtu)"": null, ""Fuel Oil 1 Emissions (kgCO2e)"": null, ""Fuel Oil 2 Usage (kBtu)"": null, ""Fuel Oil 2 Emissions (kgCO2e)"": null, ""Fuel Oil 4 Usage (kBtu)"": null, ""Fuel Oil 4 Emissions (kgCO2e)"": null, ""Fuel Oil 5 and 6 Usage (kBtu)"": null, ""Fuel Oil 5 and 6 Emissions (kgCO2e)"": null, ""Propane Usage (kBtu)"": null, ""Propane Emissions (kgCO2e)"": null, ""Diesel Usage (kBtu)"": null, ""Diesel Emissions (kgCO2e)"": null, ""Kerosene Usage (kBtu)"": null, ""Kerosene Emissions (kgCO2e)"": null, ""Water Usage Intensity (Gallons/ft²)"": 39.22, ""Estimated Total GHG Emissions (kgCO2e)"": ""236128.526"", ""Reporting Compliance Status"": null, ""First Emissions Compliance Year (Projected)"": 2025.0, ""Community Choice Electricity Participation"": null, ""Renewable Energy Purchased through a Power Purchase Agreement (PPA)"": null, ""Renewable Energy Certificate (REC) Purchase"": null, ""Backup Generator"": null, ""Battery Storage"": null, ""Electric Vehicle (EV) Charging"": null}",266,57.27094736867103,41.548928626119505,72.61095746052767,False,,,,False
C10115,campus_summary,[],Address unavailable,Unavailable,,,Vehicle Dealership,55416.0,55416.0,4197275.3,75.7,75.74121733795293,0.041217337952929256,231085.08,231.08507999999998,231085.08000000002,-2.9103830456733704e-11,False,4.170006496318752,5.24,611880.0,Not provided,"50,000–99,999",False,[],[],"[""emissions_components_incomplete""]",False,Data Disclosure - Campuses,94,"[{""sheet"": ""Data Disclosure - Campuses"", ""row"": 94}, {""sheet"": ""Data Disclosure"", ""row"": 5582}]","{""Reported Gross Floor Area (Sq Ft)"": ""numeric"", ""Reported Enclosed Parking Area (Sq Ft)"": ""missing"", ""BERDO Emissions Gross Floor Area (Sq Ft)"": ""numeric"", ""Total Site Energy Usage (kBtu)"": ""numeric"", ""Energy Star Score"": ""numeric"", ""Site EUI (Energy Use Intensity kBtu/ft²)"": ""numeric"", ""Natural Gas Usage (kBtu)"": ""numeric_text"", ""Natural Gas Emissions (kgCO2e)"": ""numeric_text"", ""Electricity Usage (kWh)"": ""numeric_text"", ""Electricity Emissions (kgCO2e)"": ""numeric_text"", ""Renewable System Electricity Usage Onsite (kBtu)"": ""missing"", ""District Hot Water Usage (kBtu)"": ""missing"", ""District Hot Water Emissions (kgCO2e)"": ""missing"", ""District Chilled Water Usage (kBtu)"": ""missing"", ""District Chilled Water Emissions (kgCO2e)"": ""missing"", ""District Steam Usage (kBtu)"": ""missing"", ""District Steam Emissions (kgCO2e)"": ""missing"", ""Fuel Oil 1 Usage (kBtu)"": ""missing"", ""Fuel Oil 1 Emissions (kgCO2e)"": ""missing"", ""Fuel Oil 2 Usage (kBtu)"": ""missing"", ""Fuel Oil 2 Emissions (kgCO2e)"": ""missing"", ""Fuel Oil 4 Usage (kBtu)"": ""missing"", ""Fuel Oil 4 Emissions (kgCO2e)"": ""missing"", ""Fuel Oil 5 and 6 Usage (kBtu)"": ""missing"", ""Fuel Oil 5 and 6 Emissions (kgCO2e)"": ""missing"", ""Propane Usage (kBtu)"": ""missing"", ""Propane Emissions (kgCO2e)"": ""missing"", ""Diesel Usage (kBtu)"": ""missing"", ""Diesel Emissions (kgCO2e)"": ""missing"", ""Kerosene Usage (kBtu)"": ""missing"", ""Kerosene Emissions (kgCO2e)"": ""missing"", ""Water Usage Intensity (Gallons/ft²)"": ""numeric"", ""Estimated Total GHG Emissions (kgCO2e)"": ""numeric_text""}","{""Campus ID"": ""C10115"", ""BERDO IDs in Campus"": ""100395, 100396"", ""Reported Gross Floor Area (Sq Ft)"": 55416.0, ""Reported Enclosed Parking Area (Sq Ft)"": null, ""BERDO Emissions Gross Floor Area (Sq Ft)"": 55416.0, ""Largest Property Type"": ""Vehicle Dealership"", ""All Property Types and GFAs"": null, ""Total Site Energy Usage (kBtu)"": 4197275.3, ""Energy Star Score"": 31.0, ""Site EUI (Energy Use Intensity kBtu/ft²)"": 75.7, ""Natural Gas Usage (kBtu)"": ""2109540.7"", ""Natural Gas Emissions (kgCO2e)"": ""112037.707"", ""Electricity Usage (kWh)"": ""611880"", ""Electricity Emissions (kgCO2e)"": ""119047.373"", ""Renewable System Electricity Usage Onsite (kBtu)"": null, ""District Hot Water Usage (kBtu)"": null, ""District Hot Water Emissions (kgCO2e)"": null, ""District Chilled Water Usage (kBtu)"": null, ""District Chilled Water Emissions (kgCO2e)"": null, ""District Steam Usage (kBtu)"": null, ""District Steam Emissions (kgCO2e)"": null, ""Fuel Oil 1 Usage (kBtu)"": null, ""Fuel Oil 1 Emissions (kgCO2e)"": null, ""Fuel Oil 2 Usage (kBtu)"": null, ""Fuel Oil 2 Emissions (kgCO2e)"": null, ""Fuel Oil 4 Usage (kBtu)"": null, ""Fuel Oil 4 Emissions (kgCO2e)"": null, ""Fuel Oil 5 and 6 Usage (kBtu)"": null, ""Fuel Oil 5 and 6 Emissions (kgCO2e)"": null, ""Propane Usage (kBtu)"": null, ""Propane Emissions (kgCO2e)"": null, ""Diesel Usage (kBtu)"": null, ""Diesel Emissions (kgCO2e)"": null, ""Kerosene Usage (kBtu)"": null, ""Kerosene Emissions (kgCO2e)"": null, ""Water Usage Intensity (Gallons/ft²)"": 5.24, ""Estimated Total GHG Emissions (kgCO2e)"": ""231085.08"", ""Reporting Compliance Status"": null, ""First Emissions Compliance Year (Projected)"": 2025.0, ""Community Choice Electricity Participation"": null, ""Renewable Energy Purchased through a Power Purchase Agreement (PPA)"": null, ""Renewable Energy Certificate (REC) Purchase"": null, ""Backup Generator"": null, ""Battery Storage"": null, ""Electric Vehicle (EV) Charging"": null}",1,89.61284654431863,89.61284654431863,89.61284654431863,False,,,,False
